0.00000,0.00000,4.88538,22.79530,-46.48126,0.00000,-0.45000,0.00000,0.06000,40.86010,0.00003,0.00005,1.00000,0.00000,0.76000,0.00120,0.00000,0.48000,0.06000,1.05000,1.10000,0.14000,0.48000,0.04000,0.60000,0.00000,0.00000,0.00000,0.92000,-1.00000,0.00000,1.00000,0.00000,1.00000,17.00000,0.00000,1.06000,0.34000,1.00000,1.00000
0.03333,0.00000,4.94176,22.75165,-46.45017,0.00000,-0.45000,0.00000,0.05984,40.84725,0.00003,-0.00001,1.00000,0.00000,0.76000,0.00120,0.00000,0.48000,0.06000,1.05000,1.10000,0.14000,0.48000,0.04000,0.60000,0.00000,0.00000,0.00000,0.92000,-1.00000,0.00000,1.00000,0.00000,0.93939,17.00000,0.00000,1.06000,0.34000,1.00000,1.00000
0.06667,0.00000,4.97555,22.60570,-46.20981,0.00000,-0.45000,0.00000,0.05987,41.01902,-0.00007,-0.00005,1.00700,0.00027,0.76626,0.00173,0.06584,0.49975,0.06444,1.05000,1.10000,0.15674,0.48593,0.04000,0.59111,0.00000,0.00000,0.00000,0.92000,-1.00000,0.00000,1.00000,0.00000,0.87879,17.00000,0.00000,1.06412,0.34000,1.00000,1.00000
0.10000,0.00000,5.03771,22.59001,-46.23534,0.00000,-0.45000,0.00000,0.05941,40.95609,-0.00005,0.00010,1.00509,0.00019,0.76455,0.00156,0.04793,0.49438,0.06324,1.05000,1.10000,0.14000,0.48431,0.04000,0.59353,0.00000,0.00000,0.00000,0.92000,-1.00000,0.00000,1.00000,0.00000,0.81818,17.00000,0.00000,1.06300,0.34000,1.00000,1.00000
0.13333,0.00000,5.09824,22.56676,-46.24537,0.00000,-0.45000,0.00000,0.05921,40.90692,0.00014,-0.00007,1.00371,0.00014,0.76332,0.00146,0.03490,0.49047,0.06236,1.05000,1.10000,0.14000,0.48314,0.04000,0.59529,0.00000,0.00000,0.00000,0.92000,-1.00000,0.00000,1.00000,0.00000,0.75758,17.00000,0.00000,1.06218,0.34000,1.00000,1.00000
0.16667,0.00000,5.15755,22.53803,-46.24406,0.00000,-0.45000,0.00000,0.05919,40.86779,-0.00012,0.00002,1.00270,0.00010,0.76241,0.00139,0.02540,0.48762,0.06171,1.05000,1.10000,0.14000,0.48229,0.04000,0.59657,0.00000,0.00000,0.00000,0.92000,-1.00000,0.00000,1.00000,0.00000,0.69697,17.00000,0.00000,1.06159,0.34000,1.00000,1.00000
0.20000,0.00000,5.21594,22.50529,-46.23445,0.00000,-0.45000,0.00000,0.05912,40.83597,0.00002,0.00003,1.00196,0.00007,0.76176,0.00134,0.01849,0.48555,0.06125,1.05000,1.10000,0.14000,0.48166,0.04000,0.59750,0.00000,0.00000,0.00000,0.92000,-1.00000,0.00000,1.00000,0.00000,0.63636,17.00000,0.00000,1.06116,0.34000,1.00000,1.00000
0.23333,0.00000,5.27362,22.46966,-46.21876,0.00000,-0.45000,0.00000,0.05892,40.80951,0.00006,-0.00006,1.00143,0.00005,0.76128,0.00130,0.01346,0.48404,0.06091,1.05000,1.10000,0.14000,0.48121,0.04000,0.59818,0.00000,0.00000,0.00000,0.92000,-1.00000,0.00000,1.00000,0.00000,0.57576,17.00000,0.00000,1.06084,0.34000,1.00000,1.00000
0.26667,0.00000,5.33077,22.43193,-46.19862,0.00000,-0.45000,0.00000,0.05869,40.78697,-0.00007,0.00005,1.00104,0.00004,0.76093,0.00128,0.00980,0.48294,0.06066,1.05000,1.10000,0.14283,0.48088,0.04000,0.59868,0.00000,0.00000,0.00000,0.92000,-1.00000,0.00000,1.00000,0.00000,0.51515,17.00000,0.00000,1.06061,0.34000,1.00000,1.00000
0.30000,0.00000,5.38750,22.39269,-46.17520,0.00000,-0.45000,0.00000,0.05851,40.76730,0.00001,-0.00002,1.00076,0.00003,0.76068,0.00125,0.00714,0.48214,0.06048,1.05000,1.10000,0.14000,0.48064,0.04000,0.59904,0.00000,0.00000,0.00000,0.92000,-1.00000,0.00000,1.00000,0.00000,0.45455,17.00000,0.00000,1.06045,0.34000,1.00000,1.00000
0.33333,0.00000,5.44391,22.35234,-46.14938,0.00000,-0.45000,0.00000,0.05836,40.74973,0.00005,-0.00002,1.00055,0.00002,0.76049,0.00124,0.00519,0.48156,0.06035,1.05000,1.10000,0.14000,0.48047,0.04000,0.59930,0.00000,0.00000,0.00000,0.92000,-1.00000,0.00000,1.00000,0.00000,0.39394,17.00000,0.00000,1.06032,0.34000,1.00000,1.00000
0.36667,0.00000,5.50005,22.31122,-46.12178,0.00000,-0.45000,0.00000,0.05821,40.73373,-0.00005,0.00005,1.00040,0.00002,0.76036,0.00123,0.00378,0.48113,0.06026,1.05000,1.10000,0.14000,0.48034,0.04000,0.59949,0.00000,0.00000,0.00000,0.92000,-1.00000,0.00000,1.00000,0.00000,0.33333,17.00000,0.00000,1.06024,0.34000,1.00000,1.00000
0.40000,0.00000,5.55598,22.26953,-46.09285,0.00000,-0.45000,0.00000,0.05802,40.71888,-0.00002,-0.00004,1.00029,0.00001,0.76026,0.00123,0.00275,0.48083,0.06019,1.05000,1.10000,0.14450,0.48025,0.04000,0.59963,0.00000,0.00000,0.00000,0.92000,-1.00000,0.00000,1.00000,0.00000,0.27273,17.00000,0.00000,1.06017,0.34000,1.00000,1.00000
0.43333,0.00000,5.61174,22.22744,-46.06293,0.00000,-0.45000,0.00000,0.05783,40.70490,0.00009,0.00002,1.00021,0.00001,0.76019,0.00122,0.00200,0.48060,0.06014,1.05000,1.10000,0.14000,0.48018,0.04000,0.59973,0.00000,0.00000,0.00000,0.92000,-1.00000,0.00000,1.00000,0.00000,0.21212,17.00000,0.00000,1.06013,0.34000,1.00000,1.00000
0.46667,0.00000,5.66734,22.18507,-46.03227,0.00000,-0.45000,0.00000,0.05764,40.69156,-0.00009,0.00002,1.00016,0.00001,0.76014,0.00121,0.00146,0.48044,0.06010,1.05000,1.10000,0.14146,0.48013,0.04000,0.59980,0.00000,0.00000,0.00000,0.92000,-1.00000,0.00000,1.00000,0.00000,0.15152,17.00000,0.00000,1.06009,0.34000,1.00000,1.00000
0.50000,0.00000,5.72281,22.14250,-46.00104,0.00000,-0.45000,0.00000,0.05745,40.67872,0.00003,-0.00005,1.00011,0.00000,0.76010,0.00121,0.00106,0.48032,0.06007,1.05000,1.10000,0.14000,0.48010,0.04000,0.59986,0.00000,0.00000,0.00000,0.92000,-1.00000,0.00000,1.00000,0.00000,0.09091,17.00000,0.00000,1.06007,0.34000,1.00000,1.00000
0.53333,0.00000,5.77848,22.10098,-45.97180,0.00000,-0.45000,0.00000,0.05726,40.66410,0.00003,0.00004,1.00000,0.00000,0.76000,0.00120,0.00000,0.48000,0.06000,1.05000,1.10000,0.14000,0.48000,0.04000,0.60000,0.00000,0.00000,0.00000,0.92000,-1.00000,0.00000,1.00000,0.00000,0.03030,17.00000,0.00000,1.06000,0.34000,1.00000,1.00000
0.56667,0.00000,5.83364,22.05788,-45.93911,0.00000,-0.45000,0.00000,0.05706,40.65252,-0.00004,-0.00002,1.00000,0.00000,0.76000,0.00120,0.00000,0.48000,0.06000,1.05000,1.10000,0.14023,0.48000,0.04000,0.60000,0.00000,0.00000,0.00000,0.92000,-1.00000,0.00000,1.00000,0.00000,0.00000,17.00000,0.00000,1.06000,0.34000,1.00000,1.00000
0.60000,0.00000,5.87103,21.94862,-45.76830,0.00000,-0.45000,0.00000,0.05681,40.76337,-0.00002,-0.00003,1.00466,0.00018,0.76417,0.00153,0.04386,0.49316,0.06296,1.05000,1.10000,0.14000,0.48395,0.04000,0.59408,0.00000,0.00000,0.00000,0.92000,-1.00000,0.00000,1.00000,0.00000,0.00000,17.00000,0.00000,1.06274,0.34000,1.00000,1.00000
0.63333,0.00000,5.93072,21.92364,-45.77295,0.00000,-0.45000,0.00000,0.05650,40.71864,0.00010,0.00006,1.00339,0.00013,0.76303,0.00144,0.03193,0.48958,0.06216,1.05000,1.10000,0.14190,0.48287,0.04000,0.59569,0.00000,0.00000,0.00000,0.92000,-1.00000,0.00000,1.00000,0.00000,0.00000,17.00000,0.00000,1.06200,0.34000,1.00000,1.00000
0.66667,0.00000,5.98910,21.89378,-45.76730,0.00000,-0.45000,0.00000,0.05639,40.68306,-0.00010,-0.00005,1.00247,0.00009,0.76221,0.00137,0.02325,0.48697,0.06157,1.05000,1.10000,0.14000,0.48209,0.04000,0.59686,0.00000,0.00000,0.00000,0.92000,-1.00000,0.00000,1.00000,0.00000,0.00000,17.00000,0.00000,1.06145,0.34000,1.00000,1.00000
0.70000,0.00000,6.04649,21.86037,-45.75413,0.00000,-0.45000,0.00000,0.05627,40.65416,0.00002,0.00002,1.00180,0.00007,0.76161,0.00133,0.01692,0.48508,0.06114,1.05000,1.10000,0.14094,0.48152,0.04000,0.59772,0.00000,0.00000,0.00000,0.92000,-1.00000,0.00000,1.00000,0.00000,0.00000,17.00000,0.00000,1.06106,0.34000,1.00000,1.00000
0.73333,0.00000,6.10313,21.82439,-45.73544,0.00000,-0.45000,0.00000,0.05604,40.63013,0.00006,0.00002,1.00131,0.00005,0.76117,0.00129,0.01232,0.48370,0.06083,1.05000,1.10000,0.14000,0.48111,0.04000,0.59834,0.00000,0.00000,0.00000,0.92000,-1.00000,0.00000,1.00000,0.00000,0.00000,17.00000,0.00000,1.06077,0.34000,1.00000,1.00000
0.76667,0.00000,6.15920,21.78654,-45.71271,0.00000,-0.45000,0.00000,0.05575,40.60968,-0.00010,-0.00006,1.00095,0.00004,0.76085,0.00128,0.00897,0.48269,0.06061,1.05000,1.10000,0.14515,0.48081,0.04000,0.59879,0.00000,0.00000,0.00000,0.92000,-1.00000,0.00000,1.00000,0.00000,0.00000,17.00000,0.00000,1.06056,0.34000,1.00000,1.00000
0.80000,0.00000,6.21483,21.74735,-45.68701,0.00000,-0.45000,0.00000,0.05549,40.59185,0.00003,0.00006,1.00069,0.00003,0.76062,0.00125,0.00653,0.48196,0.06044,1.05000,1.10000,0.14000,0.48059,0.04000,0.59912,0.00000,0.00000,0.00000,0.92000,-1.00000,0.00000,1.00000,0.00000,0.00000,17.00000,0.00000,1.06041,0.34000,1.00000,1.00000
0.83333,0.00000,6.27010,21.70719,-45.65913,0.00000,-0.45000,0.00000,0.05527,40.57595,0.00005,-0.00002,1.00051,0.00002,0.76045,0.00124,0.00475,0.48143,0.06032,1.05000,1.10000,0.14000,0.48043,0.04000,0.59936,0.00000,0.00000,0.00000,0.92000,-1.00000,0.00000,1.00000,0.00000,0.00000,17.00000,0.00000,1.06030,0.34000,1.00000,1.00000
0.86667,0.00000,6.32511,21.66633,-45.62962,0.00000,-0.45000,0.00000,0.05504,40.56147,-0.00005,-0.00002,1.00037,0.00001,0.76033,0.00123,0.00346,0.48104,0.06023,1.05000,1.10000,0.14000,0.48031,0.04000,0.59953,0.00000,0.00000,0.00000,0.92000,-1.00000,0.00000,1.00000,0.00000,0.00000,17.00000,0.00000,1.06022,0.34000,1.00000,1.00000
0.90000,0.00000,6.37989,21.62498,-45.59891,0.00000,-0.45000,0.00000,0.05479,40.54805,-0.00002,0.00005,1.00027,0.00001,0.76024,0.00122,0.00252,0.48076,0.06017,1.05000,1.10000,0.14021,0.48023,0.04000,0.59966,0.00000,0.00000,0.00000,0.92000,-1.00000,0.00000,1.00000,0.00000,0.00000,17.00000,0.00000,1.06016,0.34000,1.00000,1.00000
0.93333,0.00000,6.43448,21.58328,-45.56729,0.00000,-0.45000,0.00000,0.05452,40.53542,0.00009,-0.00005,1.00019,0.00001,0.76017,0.00121,0.00183,0.48055,0.06012,1.05000,1.10000,0.14000,0.48017,0.04000,0.59975,0.00000,0.00000,0.00000,0.92000,-1.00000,0.00000,1.00000,0.00000,0.00000,17.00000,0.00000,1.06011,0.34000,1.00000,1.00000
0.96667,0.00000,6.48891,21.54133,-45.53499,0.00000,-0.45000,0.00000,0.05425,40.52339,-0.00010,0.00002,1.00014,0.00001,0.76013,0.00121,0.00134,0.48040,0.06009,1.05000,1.10000,0.14094,0.48012,0.04000,0.59982,0.00000,0.00000,0.00000,0.92000,-1.00000,0.00000,1.00000,0.00000,0.00000,17.00000,0.00000,1.06008,0.34000,1.00000,1.00000
1.00000,0.00000,6.54321,21.49922,-45.50217,0.00000,-0.45000,0.00000,0.05399,40.51181,0.00004,0.00002,1.00010,0.00000,0.76009,0.00121,0.00097,0.48029,0.06007,1.05000,1.10000,0.14153,0.48009,0.04000,0.59987,0.00000,0.00000,0.00000,0.92000,-1.00000,0.00000,1.00000,0.00000,0.00000,17.00000,0.00000,1.06006,0.34000,1.00000,1.00000
1.03333,0.00000,6.59738,21.45699,-45.46894,0.00000,-0.45000,0.00000,0.05371,40.50059,0.00003,-0.00004,1.00008,0.00000,0.76007,0.00121,0.00071,0.48021,0.06005,1.05000,1.10000,0.14000,0.48006,0.04000,0.59990,0.00000,0.00000,0.00000,0.92000,-1.00000,0.00000,1.00000,0.00000,0.00000,17.00000,0.00000,1.06004,0.34000,1.00000,1.00000
1.06667,0.00000,6.65168,21.41545,-45.43700,0.00000,-0.45000,0.00000,0.05343,40.48821,-0.00005,0.00004,1.00000,0.00000,0.76000,0.00120,0.00000,0.48000,0.06000,1.05000,1.10000,0.14042,0.48000,0.04000,0.60000,0.00000,0.00000,0.00000,0.92000,-1.00000,0.00000,1.00000,0.00000,0.00000,17.00000,0.00000,1.06000,0.34000,1.00000,1.00000
1.10000,0.00000,6.70558,21.37289,-45.40275,0.00000,-0.45000,0.00000,0.05314,40.47787,-0.00000,-0.00002,1.00000,0.00000,0.76000,0.00120,0.00000,0.48000,0.06000,1.05000,1.10000,0.14198,0.48000,0.04000,0.60000,0.00000,0.00000,0.00000,0.92000,-1.00000,0.00000,1.00000,0.00000,0.00000,17.00000,0.00000,1.06000,0.34000,1.00000,1.00000
1.13333,0.00000,6.73973,21.26834,-45.23645,0.00000,-0.45000,0.00000,0.05268,40.58545,0.00009,-0.00003,1.00451,0.00017,0.76403,0.00152,0.04243,0.49273,0.06286,1.05000,1.10000,0.14000,0.48382,0.04000,0.59427,0.00000,0.00000,0.00000,0.92000,-1.00000,0.00000,1.00000,0.00000,0.00000,17.00000,0.00000,1.06265,0.34000,1.00000,1.00000
1.16667,0.00000,6.79869,21.24278,-45.23790,0.00000,-0.45000,0.00000,0.05245,40.54319,-0.00010,0.00005,1.00328,0.00013,0.76293,0.00143,0.03089,0.48927,0.06208,1.05000,1.10000,0.14000,0.48278,0.04000,0.59583,0.00000,0.00000,0.00000,0.92000,-1.00000,0.00000,1.00000,0.00000,0.00000,17.00000,0.00000,1.06193,0.34000,1.00000,1.00000
1.20000,0.00000,6.85618,21.21265,-45.22950,0.00000,-0.45000,0.00000,0.05229,40.50974,0.00002,-0.00005,1.00239,0.00009,0.76214,0.00137,0.02249,0.48675,0.06152,1.05000,1.10000,0.14000,0.48202,0.04000,0.59696,0.00000,0.00000,0.00000,0.92000,-1.00000,0.00000,1.00000,0.00000,0.00000,17.00000,0.00000,1.06141,0.34000,1.00000,1.00000
1.23333,0.00000,6.91257,21.17920,-45.21391,0.00000,-0.45000,0.00000,0.05201,40.48272,0.00007,0.00002,1.00174,0.00007,0.76156,0.00133,0.01637,0.48491,0.06110,1.05000,1.10000,0.14099,0.48147,0.04000,0.59779,0.00000,0.00000,0.00000,0.92000,-1.00000,0.00000,1.00000,0.00000,0.00000,17.00000,0.00000,1.06102,0.34000,1.00000,1.00000
1.26667,0.00000,6.96813,21.14333,-45.19304,0.00000,-0.45000,0.00000,0.05164,40.46039,-0.00009,0.00002,1.00127,0.00005,0.76113,0.00129,0.01192,0.48358,0.06080,1.05000,1.10000,0.14000,0.48107,0.04000,0.59839,0.00000,0.00000,0.00000,0.92000,-1.00000,0.00000,1.00000,0.00000,0.00000,17.00000,0.00000,1.06074,0.34000,1.00000,1.00000
1.30000,0.00000,7.02305,21.10572,-45.16830,0.00000,-0.45000,0.00000,0.05128,40.44152,0.00004,-0.00004,1.00092,0.00004,0.76082,0.00127,0.00868,0.48260,0.06059,1.05000,1.10000,0.14130,0.48078,0.04000,0.59883,0.00000,0.00000,0.00000,0.92000,-1.00000,0.00000,1.00000,0.00000,0.00000,17.00000,0.00000,1.06054,0.34000,1.00000,1.00000
1.33333,0.00000,7.07749,21.06685,-45.14072,0.00000,-0.45000,0.00000,0.05096,40.42516,0.00003,0.00004,1.00067,0.00003,0.76060,0.00125,0.00632,0.48189,0.06043,1.05000,1.10000,0.14000,0.48057,0.04000,0.59915,0.00000,0.00000,0.00000,0.92000,-1.00000,0.00000,1.00000,0.00000,0.00000,17.00000,0.00000,1.06039,0.34000,1.00000,1.00000
1.36667,0.00000,7.13155,21.02708,-45.11105,0.00000,-0.45000,0.00000,0.05066,40.41067,-0.00005,-0.00002,1.00049,0.00002,0.76044,0.00124,0.00460,0.48138,0.06031,1.05000,1.10000,0.14062,0.48041,0.04000,0.59938,0.00000,0.00000,0.00000,0.92000,-1.00000,0.00000,1.00000,0.00000,0.00000,17.00000,0.00000,1.06029,0.34000,1.00000,1.00000
1.40000,0.00000,7.18531,20.98666,-45.07983,0.00000,-0.45000,0.00000,0.05034,40.39754,-0.00001,-0.00002,1.00036,0.00001,0.76032,0.00123,0.00335,0.48100,0.06023,1.05000,1.10000,0.14000,0.48030,0.04000,0.59955,0.00000,0.00000,0.00000,0.92000,-1.00000,0.00000,1.00000,0.00000,0.00000,17.00000,0.00000,1.06021,0.34000,1.00000,1.00000
1.43333,0.00000,7.23883,20.94578,-45.04746,0.00000,-0.45000,0.00000,0.05000,40.38544,0.00008,0.00004,1.00026,0.00001,0.76023,0.00122,0.00244,0.48073,0.06016,1.05000,1.10000,0.14000,0.48022,0.04000,0.59967,0.00000,0.00000,0.00000,0.92000,-1.00000,0.00000,1.00000,0.00000,0.00000,17.00000,0.00000,1.06015,0.34000,1.00000,1.00000
1.46667,0.00000,7.29215,20.90457,-45.01422,0.00000,-0.45000,0.00000,0.04965,40.37410,-0.00011,-0.00004,1.00019,0.00001,0.76017,0.00122,0.00177,0.48053,0.06012,1.05000,1.10000,0.14138,0.48016,0.04000,0.59976,0.00000,0.00000,0.00000,0.92000,-1.00000,0.00000,1.00000,0.00000,0.00000,17.00000,0.00000,1.06011,0.34000,1.00000,1.00000
1.50000,0.00000,7.34530,20.86313,-44.98033,0.00000,-0.45000,0.00000,0.04930,40.36334,0.00006,0.00002,1.00014,0.00001,0.76012,0.00121,0.00129,0.48039,0.06009,1.05000,1.10000,0.14000,0.48012,0.04000,0.59983,0.00000,0.00000,0.00000,0.92000,-1.00000,0.00000,1.00000,0.00000,0.00000,17.00000,0.00000,1.06008,0.34000,1.00000,1.00000
1.53333,0.00000,7.39830,20.82154,-44.94593,0.00000,-0.45000,0.00000,0.04896,40.35301,0.00004,0.00002,1.00010,0.00000,0.76009,0.00121,0.00094,0.48028,0.06006,1.05000,1.10000,0.14000,0.48008,0.04000,0.59987,0.00000,0.00000,0.00000,0.92000,-1.00000,0.00000,1.00000,0.00000,0.00000,17.00000,0.00000,1.06006,0.34000,1.00000,1.00000
1.56667,0.00000,7.45117,20.77984,-44.91115,0.00000,-0.45000,0.00000,0.04862,40.34303,-0.00006,-0.00005,1.00007,0.00000,0.76007,0.00121,0.00068,0.48021,0.06005,1.05000,1.10000,0.14000,0.48006,0.04000,0.59991,0.00000,0.00000,0.00000,0.92000,-1.00000,0.00000,1.00000,0.00000,0.00000,17.00000,0.00000,1.06004,0.34000,1.00000,1.00000
1.60000,0.00000,7.50418,20.73879,-44.87759,0.00000,-0.45000,0.00000,0.04826,40.33193,0.00001,0.00005,1.00000,0.00000,0.76000,0.00120,0.00000,0.48000,0.06000,1.05000,1.10000,0.14000,0.48000,0.04000,0.60000,0.00000,0.00000,0.00000,0.92000,-1.00000,0.00000,1.00000,0.00000,0.00000,17.00000,0.00000,1.06000,0.34000,1.00000,1.00000
1.63333,0.00000,7.55675,20.69680,-44.84183,0.00000,-0.45000,0.00000,0.04791,40.32281,0.00006,-0.00002,1.00000,0.00000,0.76000,0.00120,0.00000,0.48000,0.06000,1.05000,1.10000,0.14000,0.48000,0.04000,0.60000,0.00000,0.00000,0.00000,0.92000,-1.00000,0.00000,1.00000,0.00000,0.00000,17.00000,0.00000,1.06000,0.34000,1.00000,1.00000
1.66667,0.00000,7.58662,20.59341,-44.67274,0.00000,-0.45000,0.00000,0.04737,40.43378,-0.00010,-0.00003,1.00461,0.00018,0.76412,0.00153,0.04338,0.49301,0.06293,1.05000,1.10000,0.14008,0.48390,0.04000,0.59414,0.00000,0.00000,0.00000,0.92000,-1.00000,0.00000,1.00000,0.00000,0.00000,17.00000,0.00000,1.06271,0.34000,1.00000,1.00000
1.70000,0.00000,7.64505,20.56825,-44.67303,0.00000,-0.45000,0.00000,0.04720,40.39214,0.00002,0.00005,1.00336,0.00013,0.76300,0.00144,0.03158,0.48947,0.06213,1.05000,1.10000,0.14000,0.48284,0.04000,0.59574,0.00000,0.00000,0.00000,0.92000,-1.00000,0.00000,1.00000,0.00000,0.00000,17.00000,0.00000,1.06197,0.34000,1.00000,1.00000
1.73333,0.00000,7.70180,20.53856,-44.66339,0.00000,-0.45000,0.00000,0.04693,40.35946,0.00007,-0.00005,1.00244,0.00009,0.76218,0.00137,0.02299,0.48690,0.06155,1.05000,1.10000,0.14000,0.48207,0.04000,0.59690,0.00000,0.00000,0.00000,0.92000,-1.00000,0.00000,1.00000,0.00000,0.00000,17.00000,0.00000,1.06144,0.34000,1.00000,1.00000
1.76667,0.00000,7.75729,20.50557,-44.64648,0.00000,-0.45000,0.00000,0.04652,40.33333,-0.00010,0.00002,1.00178,0.00007,0.76159,0.00133,0.01674,0.48502,0.06113,1.05000,1.10000,0.14000,0.48151,0.04000,0.59774,0.00000,0.00000,0.00000,0.92000,-1.00000,0.00000,1.00000,0.00000,0.00000,17.00000,0.00000,1.06105,0.34000,1.00000,1.00000
1.80000,0.00000,7.81182,20.47020,-44.62425,0.00000,-0.45000,0.00000,0.04608,40.31198,0.00005,0.00002,1.00129,0.00005,0.76116,0.00129,0.01219,0.48366,0.06082,1.05000,1.10000,0.14000,0.48110,0.04000,0.59835,0.00000,0.00000,0.00000,0.92000,-1.00000,0.00000,1.00000,0.00000,0.00000,17.00000,0.00000,1.06076,0.34000,1.00000,1.00000
1.83333,0.00000,7.86564,20.43311,-44.59812,0.00000,-0.45000,0.00000,0.04571,40.29414,0.00003,-0.00005,1.00094,0.00004,0.76084,0.00127,0.00887,0.48266,0.06060,1.05000,1.10000,0.14000,0.48080,0.04000,0.59880,0.00000,0.00000,0.00000,0.92000,0.00000,0.02310,1.00013,-0.13000,0.00000,17.00000,0.00000,1.06055,0.34000,1.00000,1.00000
1.86667,0.00000,7.91890,20.39476,-44.56912,0.00000,-0.45000,0.00000,0.04539,40.27886,-0.00005,0.00004,1.00069,0.00003,0.76061,0.00125,0.00646,0.48194,0.06044,1.05000,1.10000,0.14000,0.48058,0.04000,0.59913,0.00000,0.00000,0.00000,0.92000,0.00000,0.04619,1.00010,-0.13000,0.00000,17.00000,0.00000,1.06040,0.34000,1.00000,1.00000
1.90000,0.00000,7.97174,20.35553,-44.53801,0.00000,-0.45000,0.00000,0.04505,40.26547,-0.00001,-0.00002,1.00050,0.00002,0.76045,0.00124,0.00470,0.48141,0.06032,1.05000,1.10000,0.14000,0.48042,0.04000,0.59937,0.00000,0.00000,0.00000,0.92000,0.00000,0.06929,1.00007,-0.13000,0.00000,17.00000,0.00000,1.06029,0.34000,1.00000,1.00000
1.93333,0.00000,8.02424,20.31565,-44.50535,0.00000,-0.45000,0.00000,0.04468,40.25348,0.00008,-0.00002,1.00036,0.00001,0.76033,0.00123,0.00342,0.48103,0.06023,1.05000,1.10000,0.14000,0.48031,0.04000,0.59954,0.00000,0.00000,0.00000,0.92000,0.00000,0.09238,1.00005,-0.13000,0.00000,17.00000,0.00000,1.06021,0.34000,1.00000,1.00000
1.96667,0.00000,8.07647,20.27531,-44.47152,0.00000,-0.45000,0.00000,0.04430,40.24253,-0.00010,0.00004,1.00026,0.00001,0.76024,0.00122,0.00249,0.48075,0.06017,1.05000,1.10000,0.14229,0.48022,0.04000,0.59966,0.00000,0.00000,0.00000,0.92000,0.00000,0.11548,1.00004,-0.13000,0.00000,17.00000,0.00000,1.06016,0.34000,1.00000,1.00000
2.00000,0.00000,8.12848,20.23466,-44.43682,0.00000,-0.45000,0.00000,0.04394,40.23235,0.00005,-0.00004,1.00019,0.00001,0.76017,0.00121,0.00181,0.48054,0.06012,1.05000,1.10000,0.14000,0.48016,0.04000,0.59976,0.00000,0.00000,0.00000,0.92000,0.00000,0.13857,1.00003,-0.13000,0.00000,17.00000,0.00000,1.06011,0.34000,1.00000,1.00000
2.03333,0.00000,8.18030,20.19377,-44.40147,0.00000,-0.45000,0.00000,0.04359,40.22275,0.00003,0.00002,1.00014,0.00001,0.76013,0.00121,0.00132,0.48040,0.06009,1.05000,1.10000,0.14000,0.48012,0.04000,0.59982,0.00000,0.00000,0.00000,0.92000,0.00000,0.16167,1.00002,-0.13000,0.00000,17.00000,0.00000,1.06008,0.34000,1.00000,1.00000
2.06667,0.00000,8.23197,20.15274,-44.36561,0.00000,-0.45000,0.00000,0.04324,40.21360,-0.00006,0.00002,1.00010,0.00000,0.76009,0.00122,0.00096,0.48029,0.06006,1.05000,1.10000,0.14572,0.48009,0.04000,0.59987,0.00000,0.00000,0.00000,0.92000,0.00000,0.18476,1.00001,-0.13000,0.00000,17.00000,0.00000,1.06006,0.34000,1.00000,1.00000
2.10000,0.00000,8.28390,20.11257,-44.33150,0.00000,-0.45000,0.00000,0.04288,40.20286,0.00002,-0.00004,1.00000,0.00000,0.76000,0.00120,0.00000,0.48000,0.06000,1.05000,1.10000,0.14000,0.48000,0.04000,0.60000,0.00000,0.00000,0.00000,0.92000,0.00000,0.20786,1.00000,-0.13000,0.00000,17.00000,0.00000,1.06000,0.34000,1.00000,1.00000
2.13333,0.00000,8.33519,20.07110,-44.29436,0.00000,-0.45000,0.00000,0.04253,40.19484,0.00005,0.00004,1.00000,0.00000,0.76000,0.00120,0.00000,0.48000,0.06000,1.05000,1.10000,0.14000,0.48000,0.04000,0.60000,0.00000,0.00000,0.00000,0.92000,0.00000,0.23095,1.00000,-0.13000,0.00000,17.00000,0.00000,1.06000,0.34000,1.00000,1.00000
2.16667,0.00000,8.38640,20.02967,-44.25714,0.00000,-0.45000,0.00000,0.04218,40.18690,-0.00006,-0.00002,1.00000,0.00000,0.76000,0.00120,0.00000,0.48000,0.06000,1.05000,1.10000,0.14000,0.48000,0.04000,0.60000,0.00000,0.00000,0.00000,0.92000,0.00000,0.25405,1.00000,-0.13000,0.00000,17.00000,0.00000,1.06000,0.34000,1.00000,1.00000
2.20000,0.00000,8.41453,19.93383,-44.09937,0.00000,-0.45000,0.00000,0.04178,40.28858,0.00002,-0.00003,1.00422,0.00016,0.76377,0.00151,0.03973,0.49192,0.06268,1.05000,1.10000,0.14380,0.48358,0.04000,0.59464,0.00000,0.00000,0.00000,0.92000,0.00000,0.27714,1.00060,-0.13000,0.00000,17.00000,0.00000,1.06248,0.34000,1.00000,1.00000
2.23333,0.00000,8.47171,19.90733,-44.09474,0.00000,-0.45000,0.00000,0.04160,40.25097,0.00010,0.00007,1.00307,0.00012,0.76275,0.00142,0.02892,0.48868,0.06195,1.05000,1.10000,0.14000,0.48260,0.04000,0.59610,0.00000,0.00000,0.00000,0.92000,0.00000,0.30024,1.00043,-0.13000,0.00000,17.00000,0.00000,1.06181,0.34000,1.00000,1.00000
2.26667,0.00000,8.52715,19.87682,-44.08112,0.00000,-0.45000,0.00000,0.04123,40.22155,-0.00013,-0.00006,1.00224,0.00009,0.76200,0.00136,0.02106,0.48632,0.06142,1.05000,1.10000,0.14000,0.48190,0.04000,0.59716,0.00000,0.00000,0.00000,0.92000,0.00000,0.32333,1.00032,-0.13000,0.00000,17.00000,0.00000,1.06132,0.34000,1.00000,1.00000
2.30000,0.00000,8.58131,19.84339,-44.06091,0.00000,-0.45000,0.00000,0.04080,40.19811,0.00007,0.00002,1.00163,0.00006,0.76146,0.00131,0.01533,0.48460,0.06103,1.05000,1.10000,0.14000,0.48138,0.04000,0.59793,0.00000,0.00000,0.00000,0.92000,0.00000,0.34643,1.00023,-0.13000,0.00000,17.00000,0.00000,1.06096,0.34000,1.00000,1.00000
2.33333,0.00000,8.63450,19.80786,-44.03589,0.00000,-0.45000,0.00000,0.04044,40.17904,0.00002,0.00002,1.00119,0.00005,0.76106,0.00128,0.01116,0.48335,0.06075,1.05000,1.10000,0.14000,0.48100,0.04000,0.59849,0.00000,0.00000,0.00000,0.92000,0.00000,0.36952,1.00017,-0.13000,0.00000,17.00000,0.00000,1.06070,0.34000,1.00000,1.00000
2.36667,0.00000,8.68696,19.77079,-44.00733,0.00000,-0.45000,0.00000,0.04014,40.16318,-0.00005,-0.00005,1.00086,0.00003,0.76077,0.00129,0.00812,0.48244,0.06055,1.05000,1.10000,0.15110,0.48073,0.04000,0.59890,0.00000,0.00000,0.00000,0.92000,0.00000,0.39262,1.00012,-0.13000,0.00000,17.00000,0.00000,1.06051,0.34000,1.00000,1.00000
2.40000,0.00000,8.73885,19.73263,-43.97618,0.00000,-0.45000,0.00000,0.03986,40.14966,0.00000,0.00005,1.00063,0.00002,0.76056,0.00125,0.00591,0.48177,0.06040,1.05000,1.10000,0.14049,0.48053,0.04000,0.59920,0.00000,0.00000,0.00000,0.92000,0.00000,0.41571,1.00009,-0.13000,0.00000,17.00000,0.00000,1.06037,0.34000,1.00000,1.00000
2.43333,0.00000,8.79031,19.69368,-43.94312,0.00000,-0.45000,0.00000,0.03954,40.13787,0.00007,-0.00002,1.00046,0.00002,0.76041,0.00123,0.00431,0.48129,0.06029,1.05000,1.10000,0.14031,0.48039,0.04000,0.59942,0.00000,0.00000,0.00000,0.92000,0.00000,0.43881,1.00006,-0.13000,0.00000,17.00000,0.00000,1.06027,0.34000,1.00000,1.00000
2.46667,0.00000,8.84142,19.65416,-43.90864,0.00000,-0.45000,0.00000,0.03920,40.12736,-0.00010,-0.00002,1.00033,0.00001,0.76030,0.00122,0.00313,0.48094,0.06021,1.05000,1.10000,0.14000,0.48028,0.04000,0.59958,0.00000,0.00000,0.00000,0.92000,0.00000,0.46190,1.00005,-0.13000,0.00000,17.00000,0.00000,1.06020,0.34000,1.00000,1.00000
2.50000,0.00000,8.89226,19.61424,-43.87310,0.00000,-0.45000,0.00000,0.03889,40.11780,0.00005,0.00005,1.00024,0.00001,0.76022,0.00122,0.00228,0.48068,0.06015,1.05000,1.10000,0.14174,0.48021,0.04000,0.59969,0.00000,0.00000,0.00000,0.92000,0.00000,0.48500,1.00003,-0.13000,0.00000,17.00000,0.00000,1.06014,0.34000,1.00000,1.00000
2.53333,0.00000,8.94288,19.57405,-43.83678,0.00000,-0.45000,0.00000,0.03859,40.10895,0.00003,-0.00005,1.00018,0.00001,0.76016,0.00121,0.00166,0.48050,0.06011,1.05000,1.10000,0.14000,0.48015,0.04000,0.59978,0.00000,0.00000,0.00000,0.92000,0.00000,0.50810,1.00002,-0.13000,0.00000,17.00000,0.00000,1.06010,0.34000,1.00000,1.00000
2.56667,0.00000,8.99330,19.53365,-43.79985,0.00000,-0.45000,0.00000,0.03830,40.10064,-0.00007,0.00002,1.00013,0.00000,0.76011,0.00121,0.00121,0.48036,0.06008,1.05000,1.10000,0.14000,0.48011,0.04000,0.59984,0.00000,0.00000,0.00000,0.92000,0.00000,0.53119,1.00002,-0.13000,0.00000,17.00000,0.00000,1.06008,0.34000,1.00000,1.00000
2.60000,0.00000,9.04356,19.49313,-43.76247,0.00000,-0.45000,0.00000,0.03801,40.09275,0.00003,0.00002,1.00009,0.00000,0.76008,0.00121,0.00088,0.48026,0.06006,1.05000,1.10000,0.14000,0.48008,0.04000,0.59988,0.00000,0.00000,0.00000,0.92000,0.00000,0.55429,1.00001,-0.13000,0.00000,17.00000,0.00000,1.06006,0.34000,1.00000,1.00000
2.63333,0.00000,9.09408,19.45338,-43.72666,0.00000,-0.45000,0.00000,0.03772,40.08340,0.00003,-0.00005,1.00000,0.00000,0.76000,0.00120,0.00000,0.48000,0.06000,1.05000,1.10000,0.14000,0.48000,0.04000,0.60000,0.00000,0.00000,0.00000,0.92000,0.00000,0.57738,1.00000,-0.13000,0.00000,17.00000,0.00000,1.06000,0.34000,1.00000,1.00000
2.66667,0.00000,9.14397,19.41248,-43.68811,0.00000,-0.45000,0.00000,0.03744,40.07655,-0.00006,0.00005,1.00000,0.00000,0.76000,0.00120,0.00000,0.48000,0.06000,1.05000,1.10000,0.14000,0.48000,0.04000,0.60000,0.00000,0.00000,0.00000,0.92000,0.00000,0.60048,1.00000,-0.13000,0.00000,17.00000,0.00000,1.06000,0.34000,1.00000,1.00000
2.70000,0.00000,9.19376,19.37162,-43.64947,0.00000,-0.45000,0.00000,0.03716,40.06978,0.00001,-0.00002,1.00000,0.00000,0.76000,0.00120,0.00000,0.48000,0.06000,1.05000,1.10000,0.14000,0.48000,0.04000,0.60000,0.00000,0.00000,0.00000,0.92000,0.00000,0.62357,1.00000,-0.13000,0.00000,17.00000,0.00000,1.06000,0.34000,1.00000,1.00000
2.73333,0.00000,9.21947,19.28063,-43.49757,0.00000,-0.45000,0.00000,0.03699,40.16712,0.00008,-0.00002,1.00402,0.00015,0.76360,0.00150,0.03785,0.49135,0.06255,1.05000,1.10000,0.14572,0.48341,0.04000,0.59489,0.00000,0.00000,0.00000,0.92000,0.00000,0.64667,1.00057,-0.13000,0.00000,17.00000,0.00000,1.06237,0.34000,1.00000,1.00000
2.76667,0.00000,9.27551,19.25354,-43.48956,0.00000,-0.45000,0.00000,0.03675,40.13217,-0.00012,0.00006,1.00293,0.00011,0.76262,0.00141,0.02755,0.48827,0.06186,1.05000,1.10000,0.14330,0.48248,0.04000,0.59628,0.00000,0.00000,0.00000,0.92000,0.00000,0.66976,1.00041,-0.13000,0.00000,17.00000,0.00000,1.06172,0.34000,1.00000,1.00000
2.80000,0.00000,9.32974,19.22274,-43.47309,0.00000,-0.45000,0.00000,0.03638,40.10500,0.00007,-0.00006,1.00213,0.00008,0.76191,0.00136,0.02006,0.48602,0.06135,1.05000,1.10000,0.14312,0.48181,0.04000,0.59729,0.00000,0.00000,0.00000,0.92000,0.00000,0.69286,1.00030,-0.13000,0.00000,17.00000,0.00000,1.06125,0.34000,1.00000,1.00000
2.83333,0.00000,9.38261,19.18927,-43.45044,0.00000,-0.45000,0.00000,0.03606,40.08351,0.00001,0.00003,1.00155,0.00006,0.76139,0.00133,0.01460,0.48438,0.06099,1.05000,1.10000,0.14746,0.48131,0.04000,0.59803,0.00000,0.00000,0.00000,0.92000,0.00000,0.71595,1.00022,-0.13000,0.00000,17.00000,0.00000,1.06091,0.34000,1.00000,1.00000
2.86667,0.00000,9.43448,19.15386,-43.42326,0.00000,-0.45000,0.00000,0.03584,40.06618,-0.00005,0.00002,1.00113,0.00004,0.76101,0.00130,0.01063,0.48319,0.06072,1.05000,1.10000,0.14842,0.48096,0.04000,0.59856,0.00000,0.00000,0.00000,0.92000,0.00000,0.73905,1.00016,-0.13000,0.00000,17.00000,0.00000,1.06066,0.34000,1.00000,1.00000
2.90000,0.00000,9.48558,19.11704,-43.39275,0.00000,-0.45000,0.00000,0.03565,40.05189,0.00001,-0.00007,1.00082,0.00003,0.76074,0.00130,0.00774,0.48232,0.06052,1.05000,1.10000,0.15607,0.48070,0.04000,0.59896,0.00000,0.00000,0.00000,0.92000,0.00000,0.76214,1.00012,-0.13000,0.00000,17.00000,0.00000,1.06048,0.34000,1.00000,1.00000
2.93333,0.00000,9.53610,19.07921,-43.35981,0.00000,-0.45000,0.00000,0.03542,40.03983,0.00008,0.00007,1.00060,0.00002,0.76054,0.00124,0.00563,0.48169,0.06038,1.05000,1.10000,0.14000,0.48051,0.04000,0.59924,0.00000,0.00000,0.00000,0.92000,0.00000,0.78524,1.00008,-0.13000,0.00000,17.00000,0.00000,1.06035,0.34000,1.00000,1.00000
2.96667,0.00000,9.58616,19.04065,-43.32506,0.00000,-0.45000,0.00000,0.03517,40.02942,-0.00011,-0.00003,1.00044,0.00002,0.76039,0.00123,0.00410,0.48123,0.06028,1.05000,1.10000,0.14000,0.48037,0.04000,0.59945,0.00000,0.00000,0.00000,0.92000,0.00000,0.80833,1.00006,-0.13000,0.00000,17.00000,0.00000,1.06026,0.34000,1.00000,1.00000
3.00000,0.00000,9.63586,19.00158,-43.28898,0.00000,-0.45000,0.00000,0.03493,40.02022,0.00005,-0.00002,1.00032,0.00001,0.76028,0.00122,0.00299,0.48090,0.06020,1.05000,1.10000,0.14000,0.48027,0.04000,0.59960,0.00000,0.00000,0.00000,0.92000,0.00000,0.83143,1.00004,-0.13000,0.00000,17.00000,0.00000,1.06019,0.34000,1.00000,1.00000
3.03333,0.00000,9.68528,18.96215,-43.25191,0.00000,-0.45000,0.00000,0.03472,40.01193,0.00003,0.00006,1.00023,0.00001,0.76021,0.00122,0.00217,0.48065,0.06015,1.05000,1.10000,0.14000,0.48020,0.04000,0.59971,0.00000,0.00000,0.00000,0.92000,0.00000,0.85452,1.00003,-0.13000,0.00000,17.00000,0.00000,1.06014,0.34000,1.00000,1.00000
3.06667,0.00000,9.73446,18.92246,-43.21410,0.00000,-0.45000,0.00000,0.03451,40.00432,-0.00008,-0.00006,1.00017,0.00001,0.76015,0.00121,0.00158,0.48047,0.06011,1.05000,1.10000,0.14000,0.48014,0.04000,0.59979,0.00000,0.00000,0.00000,0.92000,0.00000,0.87762,1.00002,-0.13000,0.00000,17.00000,0.00000,1.06010,0.34000,1.00000,1.00000
3.10000,0.00000,9.78345,18.88259,-43.17572,0.00000,-0.45000,0.00000,0.03431,39.99722,0.00004,0.00003,1.00012,0.00000,0.76011,0.00121,0.00115,0.48035,0.06008,1.05000,1.10000,0.14000,0.48010,0.04000,0.59984,0.00000,0.00000,0.00000,0.92000,0.00000,0.90071,1.00002,-0.13000,0.00000,17.00000,0.00000,1.06007,0.34000,1.00000,1.00000
3.13333,0.00000,9.83227,18.84261,-43.13690,0.00000,-0.45000,0.00000,0.03410,39.99052,0.00002,0.00001,1.00009,0.00000,0.76008,0.00123,0.00084,0.48025,0.06006,1.05000,1.10000,0.15170,0.48008,0.04000,0.59989,0.00000,0.00000,0.00000,0.92000,0.00000,0.92381,1.00001,-0.13000,0.00000,17.00000,0.00000,1.06005,0.34000,1.00000,1.00000
3.16667,0.00000,9.88136,18.80334,-43.09956,0.00000,-0.45000,0.00000,0.03390,39.98244,-0.00005,-0.00005,1.00000,0.00000,0.76000,0.00120,0.00000,0.48000,0.06000,1.05000,1.10000,0.14000,0.48000,0.04000,0.60000,0.00000,0.00000,0.00000,0.92000,0.00000,0.94690,1.00000,-0.13000,0.00000,17.00000,0.00000,1.06000,0.34000,1.00000,1.00000
3.20000,0.00000,9.92978,18.76301,-43.05965,0.00000,-0.45000,0.00000,0.03371,39.97674,0.00001,0.00006,1.00000,0.00000,0.76000,0.00121,0.00000,0.48000,0.06000,1.05000,1.10000,0.14309,0.48000,0.04000,0.60000,0.00000,0.00000,0.00000,0.92000,0.00000,0.97000,1.00000,-0.13000,0.00000,17.00000,0.00000,1.06000,0.34000,1.00000,1.00000
3.23333,0.00000,9.97812,18.72273,-43.01965,0.00000,-0.45000,0.00000,0.03352,39.97111,0.00006,-0.00003,1.00000,0.00000,0.76000,0.00121,0.00000,0.48000,0.06000,1.05000,1.10000,0.14460,0.48000,0.04000,0.60000,0.00000,0.00000,0.00000,0.92000,0.00000,0.97000,1.00000,-0.13000,0.00000,17.00000,0.00000,1.06000,0.34000,1.00000,1.00000
3.26667,0.00000,10.00079,18.63484,-42.86997,0.00000,-0.45000,0.00000,0.03350,40.06752,-0.00013,-0.00002,1.00395,0.00015,0.76353,0.00148,0.03719,0.49116,0.06251,1.05000,1.10000,0.14000,0.48335,0.04000,0.59498,0.00000,0.00000,0.00000,0.92000,0.00000,0.97000,1.00056,-0.13000,0.00000,17.00000,0.00000,1.06232,0.34000,1.00000,1.00000
3.30000,0.00000,10.05580,18.60763,-42.85964,0.00000,-0.45000,0.00000,0.03320,40.03429,0.00008,0.00006,1.00288,0.00011,0.76257,0.00140,0.02707,0.48812,0.06183,1.05000,1.10000,0.14031,0.48244,0.04000,0.59635,0.00000,0.00000,0.00000,0.92000,0.00000,0.97000,1.00041,-0.13000,0.00000,17.00000,0.00000,1.06169,0.34000,1.00000,1.00000
3.33333,0.00000,10.10887,18.57692,-42.84111,0.00000,-0.45000,0.00000,0.03291,40.00867,0.00001,-0.00007,1.00209,0.00008,0.76187,0.00135,0.01971,0.48591,0.06133,1.05000,1.10000,0.14000,0.48177,0.04000,0.59734,0.00000,0.00000,0.00000,0.92000,0.00000,0.97000,1.00030,-0.13000,0.00000,17.00000,0.00000,1.06123,0.34000,1.00000,1.00000
3.36667,0.00000,10.16051,18.54365,-42.81660,0.00000,-0.45000,0.00000,0.03274,39.98862,-0.00005,0.00004,1.00152,0.00006,0.76136,0.00131,0.01435,0.48430,0.06097,1.05000,1.10000,0.14000,0.48129,0.04000,0.59806,0.00000,0.00000,0.00000,0.92000,0.00000,0.97000,1.00022,-0.13000,0.00000,17.00000,0.00000,1.06090,0.34000,1.00000,1.00000
3.40000,0.00000,10.21107,18.50855,-42.78770,0.00000,-0.45000,0.00000,0.03263,39.97264,0.00002,0.00001,1.00111,0.00004,0.76099,0.00128,0.01044,0.48313,0.06071,1.05000,1.10000,0.14000,0.48094,0.04000,0.59859,0.00000,0.00000,0.00000,0.92000,0.00000,0.97000,1.00016,-0.13000,0.00000,17.00000,0.00000,1.06065,0.34000,1.00000,1.00000
3.43333,0.00000,10.26082,18.47212,-42.75558,0.00000,-0.45000,0.00000,0.03249,39.95965,0.00005,-0.00005,1.00081,0.00003,0.76072,0.00127,0.00760,0.48228,0.06051,1.05000,1.10000,0.14697,0.48068,0.04000,0.59897,0.00000,0.00000,0.00000,0.92000,0.00000,0.97000,1.00011,-0.13000,0.00000,17.00000,0.00000,1.06048,0.34000,1.00000,1.00000
3.46667,0.00000,10.30994,18.43472,-42.72110,0.00000,-0.45000,0.00000,0.03230,39.94884,-0.00009,0.00006,1.00059,0.00002,0.76053,0.00125,0.00554,0.48166,0.06037,1.05000,1.10000,0.14439,0.48050,0.04000,0.59925,0.00000,0.00000,0.00000,0.92000,0.00000,0.97000,1.00008,-0.13000,0.00000,17.00000,0.00000,1.06035,0.34000,1.00000,1.00000
3.50000,0.00000,10.35859,18.39665,-42.68487,0.00000,-0.45000,0.00000,0.03211,39.93965,0.00005,-0.00004,1.00043,0.00002,0.76038,0.00125,0.00403,0.48121,0.06027,1.05000,1.10000,0.14637,0.48036,0.04000,0.59946,0.00000,0.00000,0.00000,0.92000,0.00000,0.97000,1.00006,-0.13000,0.00000,17.00000,0.00000,1.06025,0.34000,1.00000,1.00000
3.53333,0.00000,10.40686,18.35808,-42.64736,0.00000,-0.45000,0.00000,0.03195,39.93165,0.00003,-0.00001,1.00031,0.00001,0.76028,0.00124,0.00293,0.48088,0.06020,1.05000,1.10000,0.14637,0.48026,0.04000,0.59960,0.00000,0.00000,0.00000,0.92000,0.00000,0.97000,1.00004,-0.13000,0.00000,17.00000,0.00000,1.06018,0.34000,1.00000,1.00000
3.56667,0.00000,10.45482,18.31917,-42.60888,0.00000,-0.45000,0.00000,0.03180,39.92454,-0.00008,0.00005,1.00023,0.00001,0.76020,0.00124,0.00214,0.48064,0.06014,1.05000,1.10000,0.14980,0.48019,0.04000,0.59971,0.00000,0.00000,0.00000,0.92000,0.00000,0.97000,1.00003,-0.13000,0.00000,17.00000,0.00000,1.06013,0.34000,1.00000,1.00000
3.60000,0.00000,10.50254,18.28002,-42.56969,0.00000,-0.45000,0.00000,0.03165,39.91810,0.00007,-0.00008,1.00017,0.00001,0.76015,0.00125,0.00155,0.48047,0.06010,1.05000,1.10000,0.15407,0.48014,0.04000,0.59979,0.00000,0.00000,0.00000,0.92000,0.00000,0.97000,1.00002,-0.13000,0.00000,17.00000,0.00000,1.06010,0.34000,1.00000,1.00000
3.63333,0.00000,10.55006,18.24070,-42.52995,0.00000,-0.45000,0.00000,0.03148,39.91215,0.00002,0.00005,1.00012,0.00000,0.76011,0.00121,0.00113,0.48034,0.06008,1.05000,1.10000,0.14000,0.48010,0.04000,0.59985,0.00000,0.00000,0.00000,0.92000,0.00000,0.97000,1.00002,-0.13000,0.00000,17.00000,0.00000,1.06007,0.34000,1.00000,1.00000
3.66667,0.00000,10.59740,18.20128,-42.48979,0.00000,-0.45000,0.00000,0.03132,39.90660,-0.00006,0.00001,1.00009,0.00000,0.76008,0.00121,0.00082,0.48025,0.06006,1.05000,1.10000,0.14000,0.48007,0.04000,0.59989,0.00000,0.00000,0.00000,0.92000,0.00000,0.97000,1.00001,-0.13000,0.00000,17.00000,0.00000,1.06005,0.34000,1.00000,1.00000
3.70000,0.00000,10.64502,18.16253,-42.45105,0.00000,-0.45000,0.00000,0.03117,39.89970,0.00002,-0.00006,1.00000,0.00000,0.76000,0.00120,0.00000,0.48000,0.06000,1.05000,1.10000,0.14000,0.48000,0.04000,0.60000,0.00000,0.00000,0.00000,0.92000,0.00000,0.97000,1.00000,-0.13000,0.00000,17.00000,0.00000,1.06000,0.34000,1.00000,1.00000
3.73333,0.00000,10.69195,18.12279,-42.40983,0.00000,-0.45000,0.00000,0.03101,39.89513,0.00006,0.00007,1.00000,0.00000,0.76000,0.00120,0.00000,0.48000,0.06000,1.05000,1.10000,0.14000,0.48000,0.04000,0.60000,0.00000,0.00000,0.00000,0.92000,0.00000,0.97000,1.00000,-0.13000,0.00000,17.00000,0.00000,1.06000,0.34000,1.00000,1.00000
3.76667,0.00000,10.70087,18.01924,-42.21894,0.00000,-0.45000,0.00000,0.03106,40.03168,-0.00016,-0.00007,1.00548,0.00021,0.76490,0.00159,0.05154,0.49546,0.06348,1.05000,1.10000,0.14000,0.48464,0.04000,0.59304,0.00000,0.00000,0.00000,0.92000,0.00000,0.97000,1.00077,-0.13000,0.00000,17.00000,0.00000,1.06322,0.34000,1.00000,1.00000
3.80000,0.00000,10.75778,17.99699,-42.21824,0.00000,-0.45000,0.00000,0.03081,39.98887,0.00010,-0.00001,1.00399,0.00015,0.76356,0.00148,0.03752,0.49126,0.06253,1.05000,1.10000,0.14107,0.48338,0.04000,0.59493,0.00000,0.00000,0.00000,0.92000,0.00000,0.97000,1.00056,-0.13000,0.00000,17.00000,0.00000,1.06234,0.34000,1.00000,1.00000
3.83333,0.00000,10.81187,17.97004,-42.20643,0.00000,-0.45000,0.00000,0.03047,39.95657,0.00000,0.00006,1.00290,0.00011,0.76259,0.00140,0.02731,0.48819,0.06184,1.05000,1.10000,0.14000,0.48246,0.04000,0.59631,0.00000,0.00000,0.00000,0.92000,0.00000,0.97000,1.00041,-0.13000,0.00000,17.00000,0.00000,1.06171,0.34000,1.00000,1.00000
3.86667,0.00000,10.86387,17.93966,-42.18647,0.00000,-0.45000,0.00000,0.03028,39.93195,-0.00006,-0.00008,1.00211,0.00008,0.76189,0.00135,0.01988,0.48597,0.06134,1.05000,1.10000,0.14000,0.48179,0.04000,0.59732,0.00000,0.00000,0.00000,0.92000,0.00000,0.97000,1.00030,-0.13000,0.00000,17.00000,0.00000,1.06124,0.34000,1.00000,1.00000
3.90000,0.00000,10.91431,17.90681,-42.16056,0.00000,-0.45000,0.00000,0.03019,39.91292,0.00003,0.00005,1.00154,0.00006,0.76138,0.00131,0.01448,0.48434,0.06098,1.05000,1.10000,0.14000,0.48130,0.04000,0.59805,0.00000,0.00000,0.00000,0.92000,0.00000,0.97000,1.00022,-0.13000,0.00000,17.00000,0.00000,1.06090,0.34000,1.00000,1.00000
3.93333,0.00000,10.96359,17.87216,-42.13029,0.00000,-0.45000,0.00000,0.03008,39.89800,0.00004,0.00000,1.00112,0.00004,0.76100,0.00128,0.01054,0.48316,0.06071,1.05000,1.10000,0.14031,0.48095,0.04000,0.59858,0.00000,0.00000,0.00000,0.92000,0.00000,0.97000,1.00016,-0.13000,0.00000,17.00000,0.00000,1.06066,0.34000,1.00000,1.00000
3.96667,0.00000,11.01199,17.83621,-42.09684,0.00000,-0.45000,0.00000,0.02990,39.88607,-0.00008,-0.00005,1.00082,0.00003,0.76073,0.00126,0.00767,0.48230,0.06052,1.05000,1.10000,0.14000,0.48069,0.04000,0.59896,0.00000,0.00000,0.00000,0.92000,0.00000,0.97000,1.00012,-0.13000,0.00000,17.00000,0.00000,1.06048,0.34000,1.00000,1.00000
4.00000,0.00000,11.05972,17.79933,-42.06103,0.00000,-0.45000,0.00000,0.02969,39.87635,0.00005,0.00007,1.00059,0.00002,0.76053,0.00125,0.00559,0.48168,0.06038,1.05000,1.10000,0.14146,0.48050,0.04000,0.59925,0.00000,0.00000,0.00000,0.92000,0.00000,0.97000,1.00008,-0.13000,0.00000,17.00000,0.00000,1.06035,0.34000,1.00000,1.00000
4.03333,0.00000,11.10693,17.76179,-42.02350,0.00000,-0.45000,0.00000,0.02951,39.86826,0.00003,-0.00005,1.00043,0.00002,0.76039,0.00123,0.00407,0.48122,0.06027,1.05000,1.10000,0.14000,0.48037,0.04000,0.59945,0.00000,0.00000,0.00000,0.92000,0.00000,0.97000,1.00006,-0.13000,0.00000,17.00000,0.00000,1.06025,0.34000,1.00000,1.00000
4.06667,0.00000,11.15374,17.72377,-41.98469,0.00000,-0.45000,0.00000,0.02935,39.86136,-0.00009,0.00000,1.00031,0.00001,0.76028,0.00122,0.00296,0.48089,0.06020,1.05000,1.10000,0.14000,0.48027,0.04000,0.59960,0.00000,0.00000,0.00000,0.92000,0.00000,0.97000,1.00004,-0.13000,0.00000,17.00000,0.00000,1.06018,0.34000,1.00000,1.00000
4.10000,0.00000,11.20022,17.68542,-41.94493,0.00000,-0.45000,0.00000,0.02918,39.85536,0.00006,0.00005,1.00023,0.00001,0.76020,0.00122,0.00215,0.48065,0.06015,1.05000,1.10000,0.14000,0.48019,0.04000,0.59971,0.00000,0.00000,0.00000,0.92000,0.00000,0.97000,1.00003,-0.13000,0.00000,17.00000,0.00000,1.06013,0.34000,1.00000,1.00000
4.13333,0.00000,11.24645,17.64683,-41.90445,0.00000,-0.45000,0.00000,0.02900,39.85002,0.00000,-0.00007,1.00017,0.00001,0.76015,0.00124,0.00157,0.48047,0.06011,1.05000,1.10000,0.15196,0.48014,0.04000,0.59979,0.00000,0.00000,0.00000,0.92000,0.00000,0.97000,1.00002,-0.13000,0.00000,17.00000,0.00000,1.06010,0.34000,1.00000,1.00000
4.16667,0.00000,11.29246,17.60809,-41.86344,0.00000,-0.45000,0.00000,0.02880,39.84519,-0.00005,0.00005,1.00012,0.00000,0.76011,0.00121,0.00114,0.48034,0.06008,1.05000,1.10000,0.14114,0.48010,0.04000,0.59985,0.00000,0.00000,0.00000,0.92000,0.00000,0.97000,1.00002,-0.13000,0.00000,17.00000,0.00000,1.06007,0.34000,1.00000,1.00000
4.20000,0.00000,11.33828,17.56924,-41.82201,0.00000,-0.45000,0.00000,0.02861,39.84075,0.00002,-0.00000,1.00009,0.00000,0.76008,0.00122,0.00083,0.48025,0.06006,1.05000,1.10000,0.14463,0.48007,0.04000,0.59989,0.00000,0.00000,0.00000,0.92000,0.00000,0.97000,1.00001,-0.13000,0.00000,17.00000,0.00000,1.06005,0.34000,1.00000,1.00000
4.23333,0.00000,11.38442,17.53105,-41.78200,0.00000,-0.45000,0.00000,0.02842,39.83496,0.00005,-0.00005,1.00000,0.00000,0.76000,0.00122,0.00000,0.48000,0.06000,1.05000,1.10000,0.14959,0.48000,0.04000,0.60000,0.00000,0.00000,0.00000,0.92000,0.00000,0.97000,1.00000,-0.13000,0.00000,17.00000,0.00000,1.06000,0.34000,1.00000,1.00000
4.26667,0.00000,11.42981,17.49189,-41.73952,0.00000,-0.45000,0.00000,0.02822,39.83150,-0.00010,0.00007,1.00000,0.00000,0.76000,0.00121,0.00000,0.48000,0.06000,1.05000,1.10000,0.14614,0.48000,0.04000,0.60000,0.00000,0.00000,0.00000,0.92000,0.00000,0.97000,1.00000,-0.13000,0.00000,17.00000,0.00000,1.06000,0.34000,1.00000,1.00000
4.30000,0.00000,11.43064,17.38515,-41.53539,0.00000,-0.45000,0.00000,0.02824,39.98273,0.00014,-0.00011,1.00601,0.00023,0.76538,0.00166,0.05658,0.49697,0.06382,1.05000,1.10000,0.15318,0.48509,0.04000,0.59236,0.00000,0.00000,0.00000,0.92000,0.00000,0.97000,1.00085,-0.13000,0.00000,17.00000,0.00000,1.06354,0.34000,1.00000,1.00000
4.33333,0.00000,11.48777,17.36452,-41.53671,0.00000,-0.45000,0.00000,0.02778,39.93735,0.00000,0.00001,1.00438,0.00017,0.76391,0.00151,0.04119,0.49236,0.06278,1.05000,1.10000,0.14000,0.48371,0.04000,0.59444,0.00000,0.00000,0.00000,0.92000,0.00000,0.97000,1.00062,-0.13000,0.00000,17.00000,0.00000,1.06257,0.34000,1.00000,1.00000
4.36667,0.00000,11.54161,17.33890,-41.52602,0.00000,-0.45000,0.00000,0.02746,39.90349,-0.00008,0.00007,1.00319,0.00012,0.76285,0.00142,0.02999,0.48900,0.06202,1.05000,1.10000,0.14000,0.48270,0.04000,0.59595,0.00000,0.00000,0.00000,0.92000,0.00000,0.97000,1.00045,-0.13000,0.00000,17.00000,0.00000,1.06187,0.34000,1.00000,1.00000
4.40000,0.00000,11.59301,17.30966,-41.50655,0.00000,-0.45000,0.00000,0.02732,39.87802,0.00005,-0.00010,1.00232,0.00009,0.76207,0.00136,0.02183,0.48655,0.06147,1.05000,1.10000,0.14000,0.48196,0.04000,0.59705,0.00000,0.00000,0.00000,0.92000,0.00000,0.97000,1.00033,-0.13000,0.00000,17.00000,0.00000,1.06136,0.34000,1.00000,1.00000
4.43333,0.00000,11.64259,17.27779,-41.48067,0.00000,-0.45000,0.00000,0.02719,39.85869,0.00003,0.00008,1.00169,0.00006,0.76151,0.00132,0.01589,0.48477,0.06107,1.05000,1.10000,0.14000,0.48143,0.04000,0.59785,0.00000,0.00000,0.00000,0.92000,0.00000,0.97000,1.00024,-0.13000,0.00000,17.00000,0.00000,1.06099,0.34000,1.00000,1.00000
4.46667,0.00000,11.69082,17.24402,-41.45008,0.00000,-0.45000,0.00000,0.02696,39.84384,-0.00008,-0.00001,1.00123,0.00005,0.76110,0.00129,0.01157,0.48347,0.06078,1.05000,1.10000,0.14000,0.48104,0.04000,0.59844,0.00000,0.00000,0.00000,0.92000,0.00000,0.97000,1.00017,-0.13000,0.00000,17.00000,0.00000,1.06072,0.34000,1.00000,1.00000
4.50000,0.00000,11.73802,17.20887,-41.41606,0.00000,-0.45000,0.00000,0.02668,39.83228,0.00005,-0.00005,1.00089,0.00003,0.76080,0.00126,0.00842,0.48253,0.06057,1.05000,1.10000,0.14000,0.48076,0.04000,0.59886,0.00000,0.00000,0.00000,0.92000,0.00000,0.97000,1.00013,-0.13000,0.00000,17.00000,0.00000,1.06053,0.34000,1.00000,1.00000
4.53333,0.00000,11.78446,17.17273,-41.37952,0.00000,-0.45000,0.00000,0.02641,39.82312,0.00004,0.00008,1.00065,0.00002,0.76058,0.00125,0.00613,0.48184,0.06041,1.05000,1.10000,0.14000,0.48055,0.04000,0.59917,0.00000,0.00000,0.00000,0.92000,0.00000,0.97000,1.00009,-0.13000,0.00000,17.00000,0.00000,1.06038,0.34000,1.00000,1.00000
4.56667,0.00000,11.83031,17.13589,-41.34112,0.00000,-0.45000,0.00000,0.02618,39.81574,-0.00009,-0.00007,1.00047,0.00002,0.76042,0.00124,0.00446,0.48134,0.06030,1.05000,1.10000,0.14315,0.48040,0.04000,0.59940,0.00000,0.00000,0.00000,0.92000,0.00000,0.97000,1.00007,-0.13000,0.00000,17.00000,0.00000,1.06028,0.34000,1.00000,1.00000
4.60000,0.00000,11.87570,17.09854,-41.30134,0.00000,-0.45000,0.00000,0.02594,39.80966,0.00008,0.00002,1.00035,0.00001,0.76031,0.00122,0.00325,0.48097,0.06022,1.05000,1.10000,0.14000,0.48029,0.04000,0.59956,0.00000,0.00000,0.00000,0.92000,0.00000,0.97000,1.00005,-0.13000,0.00000,17.00000,0.00000,1.06020,0.34000,1.00000,1.00000
4.63333,0.00000,11.92072,17.06084,-41.26055,0.00000,-0.45000,0.00000,0.02569,39.80456,-0.00001,0.00004,1.00025,0.00001,0.76022,0.00122,0.00237,0.48071,0.06016,1.05000,1.10000,0.14000,0.48021,0.04000,0.59968,0.00000,0.00000,0.00000,0.92000,0.00000,0.97000,1.00004,-0.13000,0.00000,17.00000,0.00000,1.06015,0.34000,1.00000,1.00000
4.66667,0.00000,11.96546,17.02288,-41.21900,0.00000,-0.45000,0.00000,0.02541,39.80018,-0.00004,-0.00008,1.00018,0.00001,0.76016,0.00121,0.00172,0.48052,0.06012,1.05000,1.10000,0.14000,0.48016,0.04000,0.59977,0.00000,0.00000,0.00000,0.92000,0.00000,0.97000,1.00003,-0.13000,0.00000,17.00000,0.00000,1.06011,0.34000,1.00000,1.00000
4.70000,0.00000,12.00996,16.98476,-41.17687,0.00000,-0.45000,0.00000,0.02513,39.79635,0.00002,0.00007,1.00013,0.00001,0.76012,0.00121,0.00125,0.48038,0.06008,1.05000,1.10000,0.14000,0.48011,0.04000,0.59983,0.00000,0.00000,0.00000,0.92000,0.00000,0.97000,1.00002,-0.13000,0.00000,17.00000,0.00000,1.06008,0.34000,1.00000,1.00000
4.73333,0.00000,12.05425,16.94652,-41.13431,0.00000,-0.45000,0.00000,0.02486,39.79293,0.00004,-0.00002,1.00010,0.00000,0.76009,0.00121,0.00091,0.48027,0.06006,1.05000,1.10000,0.14000,0.48008,0.04000,0.59988,0.00000,0.00000,0.00000,0.92000,0.00000,0.97000,1.00001,-0.13000,0.00000,17.00000,0.00000,1.06006,0.34000,1.00000,1.00000
4.76667,0.00000,12.09892,16.90898,-41.09329,0.00000,-0.45000,0.00000,0.02458,39.78803,-0.00009,-0.00004,1.00000,0.00000,0.76000,0.00120,0.00000,0.48000,0.06000,1.05000,1.10000,0.14000,0.48000,0.04000,0.60000,0.00000,0.00000,0.00000,0.92000,0.00000,0.97000,1.00000,-0.13000,0.00000,17.00000,0.00000,1.06000,0.34000,1.00000,1.00000
4.80000,0.00000,12.14274,16.87042,-41.04961,0.00000,-0.45000,0.00000,0.02429,39.78569,0.00007,0.00008,1.00000,0.00000,0.76000,0.00120,0.00000,0.48000,0.06000,1.05000,1.10000,0.14000,0.48000,0.04000,0.60000,0.00000,0.00000,0.00000,0.92000,0.00000,0.97000,1.00000,-0.13000,0.00000,17.00000,0.00000,1.06000,0.34000,1.00000,1.00000
4.83333,0.00000,12.14886,16.77996,-40.87937,0.00000,-0.45000,0.00000,0.02405,39.90625,0.00000,-0.00010,1.00478,0.00018,0.76428,0.00154,0.04501,0.49350,0.06304,1.05000,1.10000,0.14138,0.48405,0.04000,0.59392,0.00000,0.00000,0.00000,0.92000,0.00000,0.97000,1.00068,-0.13000,0.00000,17.00000,0.00000,1.06281,0.34000,1.00000,1.00000
4.86667,0.00000,12.20258,16.75565,-40.86997,0.00000,-0.45000,0.00000,0.02358,39.87063,-0.00008,0.00003,1.00348,0.00013,0.76311,0.00146,0.03277,0.48983,0.06221,1.05000,1.10000,0.14413,0.48295,0.04000,0.59558,0.00000,0.00000,0.00000,0.92000,0.00000,0.97000,1.00049,-0.13000,0.00000,17.00000,0.00000,1.06205,0.34000,1.00000,1.00000
4.90000,0.00000,12.25349,16.72751,-40.85115,0.00000,-0.45000,0.00000,0.02331,39.84416,0.00006,0.00004,1.00253,0.00010,0.76227,0.00140,0.02385,0.48716,0.06161,1.05000,1.10000,0.14926,0.48215,0.04000,0.59678,0.00000,0.00000,0.00000,0.92000,0.00000,0.97000,1.00036,-0.13000,0.00000,17.00000,0.00000,1.06149,0.34000,1.00000,1.00000
4.93333,0.00000,12.30231,16.69659,-40.82544,0.00000,-0.45000,0.00000,0.02311,39.82439,0.00002,-0.00009,1.00185,0.00007,0.76165,0.00134,0.01737,0.48521,0.06117,1.05000,1.10000,0.14517,0.48156,0.04000,0.59766,0.00000,0.00000,0.00000,0.92000,0.00000,0.97000,1.00026,-0.13000,0.00000,17.00000,0.00000,1.06109,0.34000,1.00000,1.00000
4.96667,0.00000,12.34958,16.66367,-40.79468,0.00000,-0.45000,0.00000,0.02283,39.80950,-0.00007,0.00008,1.00134,0.00005,0.76120,0.00131,0.01264,0.48379,0.06085,1.05000,1.10000,0.14447,0.48114,0.04000,0.59829,0.00000,0.00000,0.00000,0.92000,0.00000,0.97000,1.00019,-0.13000,0.00000,17.00000,0.00000,1.06079,0.34000,1.00000,1.00000
5.00000,0.00000,12.39569,16.62929,-40.76024,0.00000,-0.45000,0.00000,0.02247,39.79818,0.00005,-0.00003,1.00098,0.00004,0.76087,0.00130,0.00920,0.48276,0.06062,1.05000,1.10000,0.15105,0.48083,0.04000,0.59876,0.00000,0.00000,0.00000,0.92000,0.00000,0.97000,1.00014,-0.13000,0.00000,17.00000,0.00000,1.06058,0.34000,1.00000,1.00000
5.03333,0.00000,12.44091,16.59386,-40.72309,0.00000,-0.45000,0.00000,0.02211,39.78949,0.00005,-0.00005,1.00071,0.00003,0.76064,0.00125,0.00670,0.48201,0.06045,1.05000,1.10000,0.14000,0.48060,0.04000,0.59910,0.00000,0.00000,0.00000,0.92000,0.00000,0.97000,1.00010,-0.13000,0.00000,17.00000,0.00000,1.06042,0.34000,1.00000,1.00000
5.06667,0.00000,12.48547,16.55768,-40.68395,0.00000,-0.45000,0.00000,0.02178,39.78272,-0.00012,0.00010,1.00052,0.00002,0.76046,0.00124,0.00488,0.48146,0.06033,1.05000,1.10000,0.14000,0.48044,0.04000,0.59934,0.00000,0.00000,0.00000,0.92000,0.00000,0.97000,1.00007,-0.13000,0.00000,17.00000,0.00000,1.06030,0.34000,1.00000,1.00000
5.10000,0.00000,12.52951,16.52097,-40.64334,0.00000,-0.45000,0.00000,0.02147,39.77738,0.00010,-0.00009,1.00038,0.00001,0.76034,0.00123,0.00355,0.48107,0.06024,1.05000,1.10000,0.14000,0.48032,0.04000,0.59952,0.00000,0.00000,0.00000,0.92000,0.00000,0.97000,1.00005,-0.13000,0.00000,17.00000,0.00000,1.06022,0.34000,1.00000,1.00000
5.13333,0.00000,12.57315,16.48388,-40.60165,0.00000,-0.45000,0.00000,0.02115,39.77309,-0.00002,0.00004,1.00027,0.00001,0.76025,0.00122,0.00259,0.48078,0.06017,1.05000,1.10000,0.14000,0.48023,0.04000,0.59965,0.00000,0.00000,0.00000,0.92000,0.00000,0.97000,1.00004,-0.13000,0.00000,17.00000,0.00000,1.06016,0.34000,1.00000,1.00000
5.16667,0.00000,12.61646,16.44653,-40.55915,0.00000,-0.45000,0.00000,0.02080,39.76959,-0.00004,0.00003,1.00020,0.00001,0.76018,0.00121,0.00188,0.48056,0.06013,1.05000,1.10000,0.14000,0.48017,0.04000,0.59975,0.00000,0.00000,0.00000,0.92000,0.00000,0.97000,1.00003,-0.13000,0.00000,17.00000,0.00000,1.06012,0.34000,1.00000,1.00000
5.20000,0.00000,12.65951,16.40899,-40.51605,0.00000,-0.45000,0.00000,0.02045,39.76667,0.00003,-0.00008,1.00015,0.00001,0.76013,0.00121,0.00137,0.48041,0.06009,1.05000,1.10000,0.14039,0.48012,0.04000,0.59982,0.00000,0.00000,0.00000,0.92000,0.00000,0.97000,1.00002,-0.13000,0.00000,17.00000,0.00000,1.06009,0.34000,1.00000,1.00000
5.23333,0.00000,12.70234,16.37134,-40.47248,0.00000,-0.45000,0.00000,0.02010,39.76421,0.00004,0.00008,1.00011,0.00000,0.76009,0.00121,0.00100,0.48030,0.06007,1.05000,1.10000,0.14231,0.48009,0.04000,0.59987,0.00000,0.00000,0.00000,0.92000,0.00000,0.97000,1.00001,-0.13000,0.00000,17.00000,0.00000,1.06006,0.34000,1.00000,1.00000
5.26667,0.00000,12.74498,16.33360,-40.42856,0.00000,-0.45000,0.00000,0.01976,39.76209,-0.00009,-0.00004,1.00008,0.00000,0.76007,0.00121,0.00073,0.48022,0.06005,1.05000,1.10000,0.14148,0.48007,0.04000,0.59990,0.00000,0.00000,0.00000,0.92000,0.00000,0.97000,1.00001,-0.13000,0.00000,17.00000,0.00000,1.06005,0.34000,1.00000,1.00000
5.30000,0.00000,12.78792,16.29641,-40.38583,0.00000,-0.45000,0.00000,0.01940,39.75880,0.00007,-0.00003,1.00000,0.00000,0.76000,0.00120,0.00000,0.48000,0.06000,1.05000,1.10000,0.14000,0.48000,0.04000,0.60000,0.00000,0.00000,0.00000,0.92000,0.00000,0.97000,1.00000,-0.13000,0.00000,17.00000,0.00000,1.06000,0.34000,1.00000,1.00000
5.33333,0.00000,12.83012,16.25844,-40.34101,0.00000,-0.45000,0.00000,0.01905,39.75756,0.00000,0.00008,1.00000,0.00000,0.76000,0.00120,0.00000,0.48000,0.06000,1.05000,1.10000,0.14000,0.48000,0.04000,0.60000,0.00000,0.00000,0.00000,0.92000,0.00000,0.97000,1.00000,-0.13000,0.00000,17.00000,0.00000,1.06000,0.34000,1.00000,1.00000
5.36667,0.00000,12.83392,16.17224,-40.17621,0.00000,-0.45000,0.00000,0.01858,39.87478,-0.00009,-0.00012,1.00461,0.00018,0.76412,0.00153,0.04341,0.49302,0.06293,1.05000,1.10000,0.14000,0.48391,0.04000,0.59414,0.00000,0.00000,0.00000,0.92000,0.00000,0.97000,1.00065,-0.13000,0.00000,17.00000,0.00000,1.06271,0.34000,1.00000,1.00000
5.40000,0.00000,12.88622,16.14753,-40.16390,0.00000,-0.45000,0.00000,0.01820,39.84147,0.00008,0.00006,1.00336,0.00013,0.76300,0.00144,0.03160,0.48948,0.06213,1.05000,1.10000,0.14000,0.48284,0.04000,0.59573,0.00000,0.00000,0.00000,0.92000,0.00000,0.97000,1.00047,-0.13000,0.00000,17.00000,0.00000,1.06198,0.34000,1.00000,1.00000
5.43333,0.00000,12.93566,16.11926,-40.14264,0.00000,-0.45000,0.00000,0.01797,39.81699,0.00000,0.00003,1.00244,0.00009,0.76219,0.00137,0.02301,0.48690,0.06155,1.05000,1.10000,0.14000,0.48207,0.04000,0.59689,0.00000,0.00000,0.00000,0.92000,0.00000,0.97000,1.00035,-0.13000,0.00000,17.00000,0.00000,1.06144,0.34000,1.00000,1.00000
5.46667,0.00000,12.98296,16.08841,-40.11485,0.00000,-0.45000,0.00000,0.01769,39.79895,-0.00006,-0.00009,1.00178,0.00007,0.76159,0.00133,0.01675,0.48502,0.06113,1.05000,1.10000,0.14000,0.48151,0.04000,0.59774,0.00000,0.00000,0.00000,0.92000,0.00000,0.97000,1.00025,-0.13000,0.00000,17.00000,0.00000,1.06105,0.34000,1.00000,1.00000
5.50000,0.00000,13.02868,16.05570,-40.08228,0.00000,-0.45000,0.00000,0.01729,39.78563,0.00004,0.00010,1.00130,0.00005,0.76116,0.00129,0.01219,0.48366,0.06082,1.05000,1.10000,0.14000,0.48110,0.04000,0.59835,0.00000,0.00000,0.00000,0.92000,0.00000,0.97000,1.00018,-0.13000,0.00000,17.00000,0.00000,1.06076,0.34000,1.00000,1.00000
5.53333,0.00000,13.07322,16.02164,-40.04621,0.00000,-0.45000,0.00000,0.01687,39.77576,0.00003,-0.00005,1.00094,0.00004,0.76084,0.00127,0.00888,0.48266,0.06060,1.05000,1.10000,0.14000,0.48080,0.04000,0.59880,0.00000,0.00000,0.00000,0.92000,0.00000,0.97000,1.00013,-0.13000,0.00000,17.00000,0.00000,1.06055,0.34000,1.00000,1.00000
5.56667,0.00000,13.11685,15.98661,-40.00758,0.00000,-0.45000,0.00000,0.01650,39.76841,-0.00010,-0.00002,1.00069,0.00003,0.76061,0.00125,0.00646,0.48194,0.06044,1.05000,1.10000,0.14153,0.48058,0.04000,0.59913,0.00000,0.00000,0.00000,0.92000,0.00000,0.97000,1.00010,-0.13000,0.00000,17.00000,0.00000,1.06040,0.34000,1.00000,1.00000
5.60000,0.00000,13.15981,15.95088,-39.96706,0.00000,-0.45000,0.00000,0.01617,39.76293,0.00009,0.00008,1.00050,0.00002,0.76045,0.00124,0.00470,0.48141,0.06032,1.05000,1.10000,0.14153,0.48042,0.04000,0.59936,0.00000,0.00000,0.00000,0.92000,0.00000,0.97000,1.00007,-0.13000,0.00000,17.00000,0.00000,1.06029,0.34000,1.00000,1.00000
5.63333,0.00000,13.20224,15.91466,-39.92515,0.00000,-0.45000,0.00000,0.01582,39.75881,-0.00002,-0.00009,1.00036,0.00001,0.76033,0.00124,0.00342,0.48103,0.06023,1.05000,1.10000,0.14759,0.48031,0.04000,0.59954,0.00000,0.00000,0.00000,0.92000,0.00000,0.97000,1.00005,-0.13000,0.00000,17.00000,0.00000,1.06021,0.34000,1.00000,1.00000
5.66667,0.00000,13.24425,15.87810,-39.88221,0.00000,-0.45000,0.00000,0.01546,39.75572,-0.00004,0.00006,1.00026,0.00001,0.76024,0.00123,0.00249,0.48075,0.06017,1.05000,1.10000,0.14572,0.48022,0.04000,0.59966,0.00000,0.00000,0.00000,0.92000,0.00000,0.97000,1.00004,-0.13000,0.00000,17.00000,0.00000,1.06016,0.34000,1.00000,1.00000
5.70000,0.00000,13.28594,15.84128,-39.83851,0.00000,-0.45000,0.00000,0.01508,39.75338,0.00004,0.00001,1.00019,0.00001,0.76017,0.00124,0.00182,0.48054,0.06012,1.05000,1.10000,0.14905,0.48016,0.04000,0.59975,0.00000,0.00000,0.00000,0.92000,0.00000,0.97000,1.00003,-0.13000,0.00000,17.00000,0.00000,1.06011,0.34000,1.00000,1.00000
5.73333,0.00000,13.32736,15.80431,-39.79423,0.00000,-0.45000,0.00000,0.01472,39.75162,0.00004,-0.00010,1.00014,0.00001,0.76013,0.00128,0.00132,0.48040,0.06009,1.05000,1.10000,0.16967,0.48012,0.04000,0.59982,0.00000,0.00000,0.00000,0.92000,0.00000,0.97000,1.00002,-0.13000,0.00000,17.00000,0.00000,1.06008,0.34000,1.00000,1.00000
5.76667,0.00000,13.36855,15.76722,-39.74951,0.00000,-0.45000,0.00000,0.01437,39.75029,-0.00012,0.00013,1.00010,0.00000,0.76009,0.00121,0.00096,0.48029,0.06006,1.05000,1.10000,0.14120,0.48009,0.04000,0.59987,0.00000,0.00000,0.00000,0.92000,0.00000,0.97000,1.00001,-0.13000,0.00000,17.00000,0.00000,1.06006,0.34000,1.00000,1.00000
5.80000,0.00000,13.40955,15.73006,-39.70446,0.00000,-0.45000,0.00000,0.01402,39.74930,0.00008,-0.00007,1.00007,0.00000,0.76007,0.00121,0.00070,0.48021,0.06005,1.05000,1.10000,0.14000,0.48006,0.04000,0.59991,0.00000,0.00000,0.00000,0.92000,0.00000,0.97000,1.00001,-0.13000,0.00000,17.00000,0.00000,1.06004,0.34000,1.00000,1.00000
5.83333,0.00000,13.45086,15.69342,-39.66054,0.00000,-0.45000,0.00000,0.01367,39.74718,0.00000,-0.00001,1.00000,0.00000,0.76000,0.00120,0.00000,0.48000,0.06000,1.05000,1.10000,0.14000,0.48000,0.04000,0.60000,0.00000,0.00000,0.00000,0.92000,0.00000,0.97000,1.00000,-0.13000,0.00000,17.00000,0.00000,1.06000,0.34000,1.00000,1.00000
5.86667,0.00000,13.49141,15.65605,-39.61464,0.00000,-0.45000,0.00000,0.01332,39.74704,-0.00007,0.00008,1.00000,0.00000,0.76000,0.00120,0.00000,0.48000,0.06000,1.05000,1.10000,0.14000,0.48000,0.04000,0.60000,0.00000,0.00000,0.00000,0.92000,0.00000,0.97000,1.00000,-0.13000,0.00000,17.00000,0.00000,1.06000,0.34000,1.00000,1.00000
5.90000,0.00000,13.49041,15.57087,-39.44744,0.00000,-0.45000,0.00000,0.01278,39.86883,0.00010,-0.00014,1.00475,0.00018,0.76425,0.00154,0.04470,0.49341,0.06302,1.05000,1.10000,0.14000,0.48402,0.04000,0.59397,0.00000,0.00000,0.00000,0.92000,0.00000,0.97000,1.00067,-0.13000,0.00000,17.00000,0.00000,1.06279,0.34000,1.00000,1.00000
5.93333,0.00000,13.54192,15.54665,-39.43441,0.00000,-0.45000,0.00000,0.01258,39.83568,-0.00001,0.00008,1.00346,0.00013,0.76309,0.00144,0.03254,0.48976,0.06220,1.05000,1.10000,0.14000,0.48293,0.04000,0.59561,0.00000,0.00000,0.00000,0.92000,0.00000,0.97000,1.00049,-0.13000,0.00000,17.00000,0.00000,1.06203,0.34000,1.00000,1.00000
5.96667,0.00000,13.59032,15.51890,-39.41235,0.00000,-0.45000,0.00000,0.01238,39.81161,-0.00005,0.00000,1.00252,0.00010,0.76225,0.00138,0.02369,0.48711,0.06160,1.05000,1.10000,0.14000,0.48213,0.04000,0.59680,0.00000,0.00000,0.00000,0.92000,0.00000,0.97000,1.00036,-0.13000,0.00000,17.00000,0.00000,1.06148,0.34000,1.00000,1.00000
6.00000,0.00000,13.63643,15.48859,-39.38368,0.00000,-0.45000,0.00000,0.01203,39.79417,0.00004,-0.00008,1.00183,0.00007,0.76164,0.00133,0.01725,0.48517,0.06116,1.05000,1.10000,0.14000,0.48155,0.04000,0.59767,0.00000,0.00000,0.00000,0.92000,0.00000,0.97000,1.00026,-0.13000,0.00000,17.00000,0.00000,1.06108,0.34000,1.00000,1.00000
6.03333,0.00000,13.68082,15.45644,-39.35018,0.00000,-0.45000,0.00000,0.01162,39.78159,0.00003,0.00010,1.00133,0.00005,0.76119,0.00130,0.01255,0.48377,0.06085,1.05000,1.10000,0.14237,0.48113,0.04000,0.59831,0.00000,0.00000,0.00000,0.92000,0.00000,0.97000,1.00019,-0.13000,0.00000,17.00000,0.00000,1.06078,0.34000,1.00000,1.00000
6.06667,0.00000,13.72394,15.42295,-39.31315,0.00000,-0.45000,0.00000,0.01126,39.77255,-0.00010,-0.00007,1.00097,0.00004,0.76087,0.00127,0.00914,0.48274,0.06062,1.05000,1.10000,0.14073,0.48082,0.04000,0.59877,0.00000,0.00000,0.00000,0.92000,0.00000,0.97000,1.00014,-0.13000,0.00000,17.00000,0.00000,1.06057,0.34000,1.00000,1.00000
6.10000,0.00000,13.76609,15.38850,-39.27353,0.00000,-0.45000,0.00000,0.01097,39.76611,0.00009,0.00000,1.00071,0.00003,0.76063,0.00125,0.00665,0.48200,0.06045,1.05000,1.10000,0.14000,0.48060,0.04000,0.59910,0.00000,0.00000,0.00000,0.92000,0.00000,0.97000,1.00010,-0.13000,0.00000,17.00000,0.00000,1.06042,0.34000,1.00000,1.00000
6.13333,0.00000,13.80751,15.35336,-39.23201,0.00000,-0.45000,0.00000,0.01068,39.76158,-0.00003,0.00007,1.00051,0.00002,0.76046,0.00125,0.00484,0.48145,0.06033,1.05000,1.10000,0.14567,0.48044,0.04000,0.59935,0.00000,0.00000,0.00000,0.92000,0.00000,0.97000,1.00007,-0.13000,0.00000,17.00000,0.00000,1.06030,0.34000,1.00000,1.00000
6.16667,0.00000,13.84836,15.31773,-39.18909,0.00000,-0.45000,0.00000,0.01037,39.75846,-0.00004,-0.00010,1.00037,0.00001,0.76034,0.00123,0.00353,0.48106,0.06024,1.05000,1.10000,0.14000,0.48032,0.04000,0.59952,0.00000,0.00000,0.00000,0.92000,0.00000,0.97000,1.00005,-0.13000,0.00000,17.00000,0.00000,1.06022,0.34000,1.00000,1.00000
6.20000,0.00000,13.88878,15.28176,-39.14514,0.00000,-0.45000,0.00000,0.01004,39.75639,0.00004,0.00007,1.00027,0.00001,0.76024,0.00122,0.00257,0.48077,0.06017,1.05000,1.10000,0.14000,0.48023,0.04000,0.59965,0.00000,0.00000,0.00000,0.92000,0.00000,0.97000,1.00004,-0.13000,0.00000,17.00000,0.00000,1.06016,0.34000,1.00000,1.00000
6.23333,0.00000,13.92885,15.24555,-39.10041,0.00000,-0.45000,0.00000,0.00973,39.75510,0.00002,-0.00001,1.00020,0.00001,0.76018,0.00121,0.00187,0.48056,0.06013,1.05000,1.10000,0.14000,0.48017,0.04000,0.59975,0.00000,0.00000,0.00000,0.92000,0.00000,0.97000,1.00003,-0.13000,0.00000,17.00000,0.00000,1.06012,0.34000,1.00000,1.00000
6.26667,0.00000,13.96863,15.20917,-39.05511,0.00000,-0.45000,0.00000,0.00944,39.75440,-0.00007,-0.00006,1.00014,0.00001,0.76013,0.00122,0.00136,0.48041,0.06009,1.05000,1.10000,0.14226,0.48012,0.04000,0.59982,0.00000,0.00000,0.00000,0.92000,0.00000,0.97000,1.00002,-0.13000,0.00000,17.00000,0.00000,1.06009,0.34000,1.00000,1.00000
6.30000,0.00000,14.00818,15.17269,-39.00937,0.00000,-0.45000,0.00000,0.00916,39.75414,0.00007,0.00009,1.00011,0.00000,0.76009,0.00121,0.00099,0.48030,0.06007,1.05000,1.10000,0.14016,0.48009,0.04000,0.59987,0.00000,0.00000,0.00000,0.92000,0.00000,0.97000,1.00001,-0.13000,0.00000,17.00000,0.00000,1.06006,0.34000,1.00000,1.00000
6.33333,0.00000,14.04752,15.13613,-38.96329,0.00000,-0.45000,0.00000,0.00887,39.75422,0.00000,-0.00008,1.00008,0.00000,0.76007,0.00122,0.00072,0.48022,0.06005,1.05000,1.10000,0.14486,0.48006,0.04000,0.59990,0.00000,0.00000,0.00000,0.92000,0.00000,0.97000,1.00001,-0.13000,0.00000,17.00000,0.00000,1.06005,0.34000,1.00000,1.00000
6.36667,0.00000,14.08720,15.10008,-38.91836,0.00000,-0.45000,0.00000,0.00859,39.75314,-0.00007,0.00001,1.00000,0.00000,0.76000,0.00123,0.00000,0.48000,0.06000,1.05000,1.10000,0.15069,0.48000,0.04000,0.60000,0.00000,0.00000,0.00000,0.92000,0.00000,0.97000,1.00000,-0.13000,0.00000,17.00000,0.00000,1.06000,0.34000,1.00000,1.00000
6.40000,0.00000,14.12608,15.06332,-38.87144,0.00000,-0.45000,0.00000,0.00831,39.75410,0.00008,0.00006,1.00000,0.00000,0.76000,0.00121,0.00000,0.48000,0.06000,1.05000,1.10000,0.14395,0.48000,0.04000,0.60000,0.00000,0.00000,0.00000,0.92000,0.00000,0.97000,1.00000,-0.13000,0.00000,17.00000,0.00000,1.06000,0.34000,1.00000,1.00000
6.43333,0.00000,14.44795,-7.20282,25.11153,0.00000,0.35000,0.00000,-0.05241,38.21699,-0.00007,-0.00029,1.00636,0.00034,0.82614,0.00174,0.05990,0.68471,0.10674,1.00000,1.05000,0.16824,0.52584,0.03600,0.55245,0.00000,0.00000,0.00000,0.95000,0.00000,0.97000,1.00090,-0.13000,0.00000,17.00000,0.00000,1.06374,0.30000,1.00000,1.00000
6.46667,0.00000,14.38691,-7.16957,25.14906,0.00000,0.35000,0.00000,-0.05148,38.15529,-0.00011,0.00023,1.00463,0.00025,0.82447,0.00155,0.04360,0.67799,0.10491,1.00000,1.05000,0.14689,0.52425,0.03600,0.55451,0.00000,0.00000,0.00000,0.95000,0.00000,0.97000,1.00065,-0.13000,0.00000,17.00000,0.00000,1.06273,0.30000,1.00000,1.00000
6.50000,0.00000,14.32140,-7.13415,25.17874,0.00000,0.35000,0.00000,-0.05086,38.10535,0.00009,-0.00005,1.00337,0.00018,0.82325,0.00144,0.03174,0.67309,0.10357,1.00000,1.05000,0.14000,0.52310,0.03600,0.55600,0.00000,0.00000,0.00000,0.95000,0.00000,0.97000,1.00048,-0.13000,0.00000,17.00000,0.00000,1.06198,0.30000,1.00000,1.00000
6.53333,0.00000,14.25263,-7.09718,25.20261,0.00000,0.35000,0.00000,-0.05047,38.06403,0.00005,-0.00010,1.00246,0.00013,0.82237,0.00137,0.02311,0.66953,0.10260,1.00000,1.05000,0.14000,0.52225,0.03600,0.55709,0.00000,0.00000,0.00000,0.95000,0.00000,0.97000,1.00035,-0.13000,0.00000,17.00000,0.00000,1.06144,0.30000,1.00000,1.00000
6.56667,0.00000,14.18152,-7.05910,25.22217,0.00000,0.35000,0.00000,-0.05002,38.02903,-0.00016,0.00017,1.00179,0.00009,0.82172,0.00133,0.01682,0.66694,0.10189,1.00000,1.05000,0.14000,0.52164,0.03600,0.55788,0.00000,0.00000,0.00000,0.95000,0.00000,0.97000,1.00025,-0.13000,0.00000,17.00000,0.00000,1.06105,0.30000,1.00000,1.00000
6.60000,0.00000,14.10870,-7.02024,25.23850,0.00000,0.35000,0.00000,-0.04941,37.99868,0.00015,-0.00014,1.00130,0.00007,0.82126,0.00129,0.01225,0.66505,0.10138,1.00000,1.05000,0.14000,0.52119,0.03600,0.55846,0.00000,0.00000,0.00000,0.95000,0.00000,0.97000,1.00018,-0.13000,0.00000,17.00000,0.00000,1.06077,0.30000,1.00000,1.00000
6.63333,0.00000,14.03466,-6.98084,25.25241,0.00000,0.35000,0.00000,-0.04874,37.97178,-0.00004,0.00004,1.00095,0.00005,0.82091,0.00127,0.00892,0.66368,0.10100,1.00000,1.05000,0.14000,0.52087,0.03600,0.55888,0.00000,0.00000,0.00000,0.95000,0.00000,0.97000,1.00013,-0.13000,0.00000,17.00000,0.00000,1.06056,0.30000,1.00000,1.00000
6.66667,0.00000,13.95973,-6.94105,25.26447,0.00000,0.35000,0.00000,-0.04813,37.94743,-0.00006,0.00007,1.00069,0.00004,0.82067,0.00125,0.00649,0.66268,0.10073,1.00000,1.05000,0.14000,0.52063,0.03600,0.55918,0.00000,0.00000,0.00000,0.95000,0.00000,0.97000,1.00010,-0.13000,0.00000,17.00000,0.00000,1.06041,0.30000,1.00000,1.00000
6.70000,0.00000,13.88416,-6.90102,25.27512,0.00000,0.35000,0.00000,-0.04756,37.92499,0.00007,-0.00013,1.00050,0.00003,0.82048,0.00124,0.00473,0.66195,0.10053,1.00000,1.05000,0.14000,0.52046,0.03600,0.55940,0.00000,0.00000,0.00000,0.95000,0.00000,0.97000,1.00007,-0.13000,0.00000,17.00000,0.00000,1.06030,0.30000,1.00000,1.00000
6.73333,0.00000,13.80815,-6.86083,25.28465,0.00000,0.35000,0.00000,-0.04698,37.90400,0.00001,0.00012,1.00037,0.00002,0.82035,0.00123,0.00344,0.66142,0.10039,1.00000,1.05000,0.14000,0.52034,0.03600,0.55957,0.00000,0.00000,0.00000,0.95000,0.00000,0.97000,1.00005,-0.13000,0.00000,17.00000,0.00000,1.06022,0.30000,1.00000,1.00000
6.76667,0.00000,13.73181,-6.82054,25.29331,0.00000,0.35000,0.00000,-0.04635,37.88411,-0.00009,-0.00005,1.00027,0.00001,0.82026,0.00122,0.00250,0.66103,0.10028,1.00000,1.05000,0.14159,0.52024,0.03600,0.55968,0.00000,0.00000,0.00000,0.95000,0.00000,0.97000,1.00004,-0.13000,0.00000,17.00000,0.00000,1.06016,0.30000,1.00000,1.00000
6.80000,0.00000,13.65525,-6.78020,25.30125,0.00000,0.35000,0.00000,-0.04572,37.86508,0.00009,-0.00006,1.00019,0.00001,0.82019,0.00121,0.00182,0.66075,0.10021,1.00000,1.05000,0.14000,0.52018,0.03600,0.55977,0.00000,0.00000,0.00000,0.95000,0.00000,0.97000,1.00003,-0.13000,0.00000,17.00000,0.00000,1.06011,0.30000,1.00000,1.00000
6.83333,0.00000,13.57853,-6.73985,25.30859,0.00000,0.35000,0.00000,-0.04508,37.84672,0.00000,0.00013,1.00014,0.00001,0.82014,0.00121,0.00133,0.66055,0.10015,1.00000,1.05000,0.14000,0.52013,0.03600,0.55983,0.00000,0.00000,0.00000,0.95000,0.00000,0.97000,1.00002,-0.13000,0.00000,17.00000,0.00000,1.06008,0.30000,1.00000,1.00000
6.86667,0.00000,13.50261,-6.69996,25.31711,0.00000,0.35000,0.00000,-0.04445,37.82641,-0.00010,-0.00012,1.00000,0.00000,0.82000,0.00120,0.00000,0.66000,0.10000,1.00000,1.05000,0.14000,0.52000,0.03600,0.56000,0.00000,0.00000,0.00000,0.95000,0.00000,0.97000,1.00000,-0.13000,0.00000,17.00000,0.00000,1.06000,0.30000,1.00000,1.00000
6.90000,0.00000,13.42547,-6.65953,25.32304,0.00000,0.35000,0.00000,-0.04381,37.80972,0.00012,0.00005,1.00000,0.00000,0.82000,0.00120,0.00000,0.66000,0.10000,1.00000,1.05000,0.14000,0.52000,0.03600,0.56000,0.00000,0.00000,0.00000,0.95000,0.00000,0.97000,1.00000,-0.13000,0.00000,17.00000,0.00000,1.06000,0.30000,1.00000,1.00000
6.93333,0.00000,13.34836,-6.61917,25.32869,0.00000,0.35000,0.00000,-0.04316,37.79323,-0.00004,0.00005,1.00000,0.00000,0.82000,0.00120,0.00000,0.66000,0.10000,1.00000,1.05000,0.14000,0.52000,0.03600,0.56000,0.00000,0.00000,0.00000,0.95000,0.00000,0.97000,1.00000,-0.13000,0.00000,17.00000,0.00000,1.06000,0.30000,1.00000,1.00000
6.96667,0.00000,13.22213,-6.55453,25.24025,0.00000,0.35000,0.00000,-0.04245,37.91663,-0.00006,-0.00019,1.00575,0.00030,0.82554,0.00161,0.05407,0.68230,0.10608,1.00000,1.05000,0.14000,0.52527,0.03600,0.55319,0.00000,0.00000,0.00000,0.95000,0.00000,0.97000,1.00081,-0.13000,0.00000,17.00000,0.00000,1.06338,0.30000,1.00000,1.00000
7.00000,0.00000,13.15862,-6.52104,25.27080,0.00000,0.35000,0.00000,-0.04161,37.86247,0.00007,0.00018,1.00418,0.00022,0.82403,0.00150,0.03936,0.67624,0.10443,1.00000,1.05000,0.14265,0.52384,0.03600,0.55504,0.00000,0.00000,0.00000,0.95000,0.00000,0.97000,1.00059,-0.13000,0.00000,17.00000,0.00000,1.06246,0.30000,1.00000,1.00000
7.03333,0.00000,13.09143,-6.48578,25.29419,0.00000,0.35000,0.00000,-0.04109,37.81887,0.00003,-0.00008,1.00304,0.00016,0.82294,0.00144,0.02866,0.67182,0.10322,1.00000,1.05000,0.14673,0.52279,0.03600,0.55639,0.00000,0.00000,0.00000,0.95000,0.00000,0.97000,1.00043,-0.13000,0.00000,17.00000,0.00000,1.06179,0.30000,1.00000,1.00000
7.06667,0.00000,13.02156,-6.44926,25.31228,0.00000,0.35000,0.00000,-0.04060,37.78300,-0.00014,-0.00005,1.00222,0.00012,0.82214,0.00136,0.02086,0.66861,0.10235,1.00000,1.05000,0.14213,0.52203,0.03600,0.55737,0.00000,0.00000,0.00000,0.95000,0.00000,0.97000,1.00031,-0.13000,0.00000,17.00000,0.00000,1.06130,0.30000,1.00000,1.00000
7.10000,0.00000,12.94976,-6.41184,25.32643,0.00000,0.35000,0.00000,-0.03993,37.75280,0.00015,0.00014,1.00161,0.00009,0.82156,0.00133,0.01519,0.66626,0.10171,1.00000,1.05000,0.14512,0.52148,0.03600,0.55809,0.00000,0.00000,0.00000,0.95000,0.00000,0.97000,1.00023,-0.13000,0.00000,17.00000,0.00000,1.06095,0.30000,1.00000,1.00000
7.13333,0.00000,12.87657,-6.37379,25.33763,0.00000,0.35000,0.00000,-0.03916,37.72678,-0.00006,-0.00019,1.00117,0.00006,0.82113,0.00143,0.01106,0.66456,0.10124,1.00000,1.05000,0.18337,0.52108,0.03600,0.55861,0.00000,0.00000,0.00000,0.95000,0.00000,0.97000,1.00017,-0.13000,0.00000,17.00000,0.00000,1.06069,0.30000,1.00000,1.00000
7.16667,0.00000,12.80239,-6.33531,25.34660,0.00000,0.35000,0.00000,-0.03843,37.70386,-0.00009,0.00011,1.00086,0.00005,0.82083,0.00128,0.00805,0.66332,0.10091,1.00000,1.05000,0.14606,0.52078,0.03600,0.55899,0.00000,0.00000,0.00000,0.95000,0.00000,0.97000,1.00012,-0.13000,0.00000,17.00000,0.00000,1.06050,0.30000,1.00000,1.00000
7.20000,0.00000,12.72751,-6.29654,25.35389,0.00000,0.35000,0.00000,-0.03778,37.68323,0.00011,0.00005,1.00062,0.00003,0.82060,0.00124,0.00586,0.66242,0.10066,1.00000,1.05000,0.14000,0.52057,0.03600,0.55926,0.00000,0.00000,0.00000,0.95000,0.00000,0.97000,1.00009,-0.13000,0.00000,17.00000,0.00000,1.06037,0.30000,1.00000,1.00000
7.23333,0.00000,12.65211,-6.25757,25.35986,0.00000,0.35000,0.00000,-0.03713,37.66434,-0.00001,-0.00014,1.00045,0.00002,0.82044,0.00123,0.00427,0.66176,0.10048,1.00000,1.05000,0.14000,0.52042,0.03600,0.55946,0.00000,0.00000,0.00000,0.95000,0.00000,0.97000,1.00006,-0.13000,0.00000,17.00000,0.00000,1.06027,0.30000,1.00000,1.00000
7.26667,0.00000,12.57637,-6.21849,25.36481,0.00000,0.35000,0.00000,-0.03644,37.64675,-0.00008,0.00015,1.00033,0.00002,0.82032,0.00122,0.00311,0.66128,0.10035,1.00000,1.05000,0.14000,0.52030,0.03600,0.55961,0.00000,0.00000,0.00000,0.95000,0.00000,0.97000,1.00005,-0.13000,0.00000,17.00000,0.00000,1.06019,0.30000,1.00000,1.00000
7.30000,0.00000,12.50038,-6.17934,25.36893,0.00000,0.35000,0.00000,-0.03574,37.63016,0.00009,-0.00008,1.00024,0.00001,0.82023,0.00122,0.00226,0.66093,0.10025,1.00000,1.05000,0.14000,0.52022,0.03600,0.55972,0.00000,0.00000,0.00000,0.95000,0.00000,0.97000,1.00003,-0.13000,0.00000,17.00000,0.00000,1.06014,0.30000,1.00000,1.00000
7.33333,0.00000,12.42423,-6.14017,25.37239,0.00000,0.35000,0.00000,-0.03503,37.61435,0.00000,-0.00003,1.00017,0.00001,0.82017,0.00121,0.00165,0.66068,0.10019,1.00000,1.05000,0.14000,0.52016,0.03600,0.55979,0.00000,0.00000,0.00000,0.95000,0.00000,0.97000,1.00002,-0.13000,0.00000,17.00000,0.00000,1.06010,0.30000,1.00000,1.00000
7.36667,0.00000,12.34797,-6.10100,25.37528,0.00000,0.35000,0.00000,-0.03435,37.59916,-0.00010,0.00011,1.00013,0.00001,0.82012,0.00121,0.00120,0.66049,0.10013,1.00000,1.05000,0.14000,0.52012,0.03600,0.55985,0.00000,0.00000,0.00000,0.95000,0.00000,0.97000,1.00002,-0.13000,0.00000,17.00000,0.00000,1.06007,0.30000,1.00000,1.00000
7.40000,0.00000,12.27238,-6.06222,25.37921,0.00000,0.35000,0.00000,-0.03366,37.58223,0.00013,-0.00014,1.00000,0.00000,0.82000,0.00128,0.00000,0.66000,0.10000,1.00000,1.05000,0.16371,0.52000,0.03600,0.56000,0.00000,0.00000,0.00000,0.95000,0.00000,0.97000,1.00000,-0.13000,0.00000,17.00000,0.00000,1.06000,0.30000,1.00000,1.00000
7.43333,0.00000,12.19582,-6.02302,25.38078,0.00000,0.35000,0.00000,-0.03297,37.56856,-0.00006,0.00008,1.00000,0.00000,0.82000,0.00122,0.00000,0.66000,0.10000,1.00000,1.05000,0.14629,0.52000,0.03600,0.56000,0.00000,0.00000,0.00000,0.95000,0.00000,0.97000,1.00000,-0.13000,0.00000,17.00000,0.00000,1.06000,0.30000,1.00000,1.00000
7.46667,0.00000,12.11931,-5.98389,25.38208,0.00000,0.35000,0.00000,-0.03227,37.55508,-0.00004,0.00002,1.00000,0.00000,0.82000,0.00120,0.00000,0.66000,0.10000,1.00000,1.05000,0.14000,0.52000,0.03600,0.56000,0.00000,0.00000,0.00000,0.95000,0.00000,0.97000,1.00000,-0.13000,0.00000,17.00000,0.00000,1.06000,0.30000,1.00000,1.00000
7.50000,0.00000,11.99983,-5.92361,25.29246,0.00000,0.35000,0.00000,-0.03130,37.67561,0.00008,-0.00016,1.00554,0.00029,0.82534,0.00159,0.05213,0.68150,0.10586,1.00000,1.05000,0.14000,0.52508,0.03600,0.55343,0.00000,0.00000,0.00000,0.95000,0.00000,0.97000,1.00078,-0.13000,0.00000,17.00000,0.00000,1.06326,0.30000,1.00000,1.00000
7.53333,0.00000,11.93527,-5.89050,25.31781,0.00000,0.35000,0.00000,-0.03071,37.62606,0.00002,0.00019,1.00403,0.00021,0.82389,0.00148,0.03795,0.67566,0.10427,1.00000,1.05000,0.14000,0.52370,0.03600,0.55522,0.00000,0.00000,0.00000,0.95000,0.00000,0.97000,1.00057,-0.13000,0.00000,17.00000,0.00000,1.06237,0.30000,1.00000,1.00000
7.56667,0.00000,11.86749,-5.85585,25.33624,0.00000,0.35000,0.00000,-0.03027,37.58661,-0.00013,-0.00011,1.00294,0.00016,0.82283,0.00141,0.02763,0.67140,0.10311,1.00000,1.05000,0.14000,0.52269,0.03600,0.55652,0.00000,0.00000,0.00000,0.95000,0.00000,0.97000,1.00041,-0.13000,0.00000,17.00000,0.00000,1.06173,0.30000,1.00000,1.00000
7.60000,0.00000,11.79740,-5.82010,25.34953,0.00000,0.35000,0.00000,-0.02965,37.55457,0.00015,-0.00001,1.00214,0.00011,0.82206,0.00135,0.02011,0.66830,0.10226,1.00000,1.05000,0.14000,0.52196,0.03600,0.55747,0.00000,0.00000,0.00000,0.95000,0.00000,0.97000,1.00030,-0.13000,0.00000,17.00000,0.00000,1.06126,0.30000,1.00000,1.00000
7.63333,0.00000,11.72563,-5.78359,25.35901,0.00000,0.35000,0.00000,-0.02887,37.52797,-0.00005,0.00012,1.00156,0.00008,0.82150,0.00131,0.01464,0.66604,0.10165,1.00000,1.05000,0.14000,0.52143,0.03600,0.55816,0.00000,0.00000,0.00000,0.95000,0.00000,0.97000,1.00022,-0.13000,0.00000,17.00000,0.00000,1.06092,0.30000,1.00000,1.00000
7.66667,0.00000,11.65267,-5.74654,25.36564,0.00000,0.35000,0.00000,-0.02811,37.50537,-0.00006,-0.00015,1.00113,0.00006,0.82109,0.00129,0.01066,0.66440,0.10120,1.00000,1.05000,0.14273,0.52104,0.03600,0.55866,0.00000,0.00000,0.00000,0.95000,0.00000,0.97000,1.00016,-0.13000,0.00000,17.00000,0.00000,1.06067,0.30000,1.00000,1.00000
7.70000,0.00000,11.57886,-5.70912,25.37011,0.00000,0.35000,0.00000,-0.02744,37.48574,0.00010,0.00010,1.00082,0.00004,0.82080,0.00127,0.00776,0.66320,0.10087,1.00000,1.05000,0.14439,0.52076,0.03600,0.55902,0.00000,0.00000,0.00000,0.95000,0.00000,0.97000,1.00012,-0.13000,0.00000,17.00000,0.00000,1.06049,0.30000,1.00000,1.00000
7.73333,0.00000,11.50445,-5.67145,25.37294,0.00000,0.35000,0.00000,-0.02682,37.46831,-0.00003,0.00000,1.00060,0.00003,0.82058,0.00125,0.00565,0.66233,0.10064,1.00000,1.05000,0.14309,0.52055,0.03600,0.55929,0.00000,0.00000,0.00000,0.95000,0.00000,0.97000,1.00008,-0.13000,0.00000,17.00000,0.00000,1.06035,0.30000,1.00000,1.00000
7.76667,0.00000,11.42962,-5.63363,25.37450,0.00000,0.35000,0.00000,-0.02617,37.45254,-0.00006,-0.00010,1.00044,0.00002,0.82042,0.00126,0.00411,0.66170,0.10046,1.00000,1.05000,0.14933,0.52040,0.03600,0.55948,0.00000,0.00000,0.00000,0.95000,0.00000,0.97000,1.00006,-0.13000,0.00000,17.00000,0.00000,1.06026,0.30000,1.00000,1.00000
7.80000,0.00000,11.35450,-5.59572,25.37507,0.00000,0.35000,0.00000,-0.02549,37.43802,0.00008,0.00014,1.00032,0.00002,0.82031,0.00124,0.00299,0.66124,0.10034,1.00000,1.05000,0.14598,0.52029,0.03600,0.55962,0.00000,0.00000,0.00000,0.95000,0.00000,0.97000,1.00004,-0.13000,0.00000,17.00000,0.00000,1.06019,0.30000,1.00000,1.00000
7.83333,0.00000,11.27919,-5.55777,25.37483,0.00000,0.35000,0.00000,-0.02482,37.42447,0.00000,-0.00013,1.00023,0.00001,0.82022,0.00128,0.00218,0.66090,0.10025,1.00000,1.05000,0.15862,0.52021,0.03600,0.55973,0.00000,0.00000,0.00000,0.95000,0.00000,0.97000,1.00003,-0.13000,0.00000,17.00000,0.00000,1.06014,0.30000,1.00000,1.00000
7.86667,0.00000,11.20377,-5.51980,25.37395,0.00000,0.35000,0.00000,-0.02417,37.41166,-0.00015,0.00001,1.00017,0.00001,0.82016,0.00124,0.00159,0.66065,0.10018,1.00000,1.05000,0.14923,0.52015,0.03600,0.55980,0.00000,0.00000,0.00000,0.95000,0.00000,0.97000,1.00002,-0.13000,0.00000,17.00000,0.00000,1.06010,0.30000,1.00000,1.00000
7.90000,0.00000,11.12827,-5.48185,25.37252,0.00000,0.35000,0.00000,-0.02353,37.39945,0.00018,0.00012,1.00012,0.00001,0.82012,0.00121,0.00116,0.66048,0.10013,1.00000,1.05000,0.14000,0.52011,0.03600,0.55985,0.00000,0.00000,0.00000,0.95000,0.00000,0.97000,1.00002,-0.13000,0.00000,17.00000,0.00000,1.06007,0.30000,1.00000,1.00000
7.93333,0.00000,11.05337,-5.44425,25.37208,0.00000,0.35000,0.00000,-0.02289,37.38556,-0.00008,-0.00016,1.00000,0.00000,0.82000,0.00120,0.00000,0.66000,0.10000,1.00000,1.05000,0.14000,0.52000,0.03600,0.56000,0.00000,0.00000,0.00000,0.95000,0.00000,0.97000,1.00000,-0.13000,0.00000,17.00000,0.00000,1.06000,0.30000,1.00000,1.00000
7.96667,0.00000,10.97765,-5.40629,25.36937,0.00000,0.35000,0.00000,-0.02226,37.37481,-0.00003,0.00012,1.00000,0.00000,0.82000,0.00120,0.00000,0.66000,0.10000,1.00000,1.05000,0.14000,0.52000,0.03600,0.56000,0.00000,0.00000,0.00000,0.95000,0.00000,0.97000,1.00000,-0.13000,0.00000,17.00000,0.00000,1.06000,0.30000,1.00000,1.00000
8.00000,0.00000,10.90199,-5.36840,25.36639,0.00000,0.35000,0.00000,-0.02163,37.36424,0.00006,-0.00002,1.00000,0.00000,0.82000,0.00121,0.00000,0.66000,0.10000,1.00000,1.05000,0.14283,0.52000,0.03600,0.56000,0.00000,0.00000,0.00000,0.95000,0.00000,0.97000,1.00000,-0.13000,0.00000,17.00000,0.00000,1.06000,0.30000,1.00000,1.00000
8.03333,0.00000,10.78683,-5.31112,25.27046,0.00000,0.35000,0.00000,-0.02070,37.49008,0.00000,-0.00013,1.00567,0.00030,0.82547,0.00160,0.05335,0.68201,0.10600,1.00000,1.05000,0.14000,0.52520,0.03600,0.55328,0.00000,0.00000,0.00000,0.95000,0.00000,0.97000,1.00080,-0.13000,0.00000,17.00000,0.00000,1.06333,0.30000,1.00000,1.00000
8.06667,0.00000,10.72224,-5.27878,25.29210,0.00000,0.35000,0.00000,-0.02040,37.44278,-0.00013,0.00019,1.00413,0.00022,0.82398,0.00150,0.03884,0.67602,0.10437,1.00000,1.05000,0.14211,0.52379,0.03600,0.55511,0.00000,0.00000,0.00000,0.95000,0.00000,0.97000,1.00058,-0.13000,0.00000,17.00000,0.00000,1.06243,0.30000,1.00000,1.00000
8.10000,0.00000,10.65469,-5.24503,25.30667,0.00000,0.35000,0.00000,-0.01996,37.40576,0.00015,-0.00014,1.00300,0.00016,0.82290,0.00141,0.02827,0.67166,0.10318,1.00000,1.05000,0.14000,0.52276,0.03600,0.55644,0.00000,0.00000,0.00000,0.95000,0.00000,0.97000,1.00042,-0.13000,0.00000,17.00000,0.00000,1.06177,0.30000,1.00000,1.00000
8.13333,0.00000,10.58502,-5.21028,25.31600,0.00000,0.35000,0.00000,-0.01927,37.37627,-0.00005,0.00003,1.00219,0.00012,0.82211,0.00135,0.02058,0.66849,0.10232,1.00000,1.05000,0.14000,0.52201,0.03600,0.55741,0.00000,0.00000,0.00000,0.95000,0.00000,0.97000,1.00031,-0.13000,0.00000,17.00000,0.00000,1.06129,0.30000,1.00000,1.00000
8.16667,0.00000,10.51383,-5.17484,25.32144,0.00000,0.35000,0.00000,-0.01855,37.35230,-0.00007,0.00009,1.00159,0.00008,0.82154,0.00131,0.01498,0.66618,0.10169,1.00000,1.05000,0.14000,0.52146,0.03600,0.55811,0.00000,0.00000,0.00000,0.95000,0.00000,0.97000,1.00022,-0.13000,0.00000,17.00000,0.00000,1.06094,0.30000,1.00000,1.00000
8.20000,0.00000,10.44156,-5.13890,25.32397,0.00000,0.35000,0.00000,-0.01795,37.33239,0.00011,-0.00015,1.00116,0.00006,0.82112,0.00128,0.01091,0.66450,0.10123,1.00000,1.05000,0.14000,0.52106,0.03600,0.55863,0.00000,0.00000,0.00000,0.95000,0.00000,0.97000,1.00016,-0.13000,0.00000,17.00000,0.00000,1.06068,0.30000,1.00000,1.00000
8.23333,0.00000,10.36853,-5.10264,25.32431,0.00000,0.35000,0.00000,-0.01744,37.31550,-0.00005,0.00012,1.00084,0.00004,0.82081,0.00126,0.00794,0.66328,0.10089,1.00000,1.05000,0.14000,0.52077,0.03600,0.55900,0.00000,0.00000,0.00000,0.95000,0.00000,0.97000,1.00012,-0.13000,0.00000,17.00000,0.00000,1.06050,0.30000,1.00000,1.00000
8.26667,0.00000,10.29497,-5.06616,25.32298,0.00000,0.35000,0.00000,-0.01691,37.30085,-0.00005,-0.00003,1.00061,0.00003,0.82059,0.00124,0.00578,0.66238,0.10065,1.00000,1.05000,0.14000,0.52056,0.03600,0.55927,0.00000,0.00000,0.00000,0.95000,0.00000,0.97000,1.00009,-0.13000,0.00000,17.00000,0.00000,1.06036,0.30000,1.00000,1.00000
8.30000,0.00000,10.22104,-5.02954,25.32037,0.00000,0.35000,0.00000,-0.01634,37.28787,0.00007,-0.00007,1.00045,0.00002,0.82043,0.00123,0.00421,0.66174,0.10047,1.00000,1.05000,0.14000,0.52041,0.03600,0.55947,0.00000,0.00000,0.00000,0.95000,0.00000,0.97000,1.00006,-0.13000,0.00000,17.00000,0.00000,1.06026,0.30000,1.00000,1.00000
8.33333,0.00000,10.14687,-4.99285,25.31675,0.00000,0.35000,0.00000,-0.01576,37.27616,-0.00000,0.00014,1.00033,0.00002,0.82031,0.00122,0.00306,0.66126,0.10034,1.00000,1.05000,0.14000,0.52030,0.03600,0.55961,0.00000,0.00000,0.00000,0.95000,0.00000,0.97000,1.00005,-0.13000,0.00000,17.00000,0.00000,1.06019,0.30000,1.00000,1.00000
8.36667,0.00000,10.07255,-4.95612,25.31233,0.00000,0.35000,0.00000,-0.01521,37.26542,-0.00010,-0.00012,1.00024,0.00001,0.82023,0.00122,0.00223,0.66092,0.10025,1.00000,1.05000,0.14000,0.52022,0.03600,0.55972,0.00000,0.00000,0.00000,0.95000,0.00000,0.97000,1.00003,-0.13000,0.00000,17.00000,0.00000,1.06014,0.30000,1.00000,1.00000
8.40000,0.00000,9.99813,-4.91939,25.30726,0.00000,0.35000,0.00000,-0.01469,37.25544,0.00014,0.00004,1.00017,0.00001,0.82017,0.00122,0.00162,0.66067,0.10018,1.00000,1.05000,0.14156,0.52016,0.03600,0.55980,0.00000,0.00000,0.00000,0.95000,0.00000,0.97000,1.00002,-0.13000,0.00000,17.00000,0.00000,1.06010,0.30000,1.00000,1.00000
8.43333,0.00000,9.92367,-4.88269,25.30163,0.00000,0.35000,0.00000,-0.01417,37.24605,-0.00008,0.00006,1.00013,0.00001,0.82012,0.00123,0.00118,0.66049,0.10013,1.00000,1.05000,0.14723,0.52012,0.03600,0.55985,0.00000,0.00000,0.00000,0.95000,0.00000,0.97000,1.00002,-0.13000,0.00000,17.00000,0.00000,1.06007,0.30000,1.00000,1.00000
8.46667,0.00000,9.84979,-4.84631,25.29704,0.00000,0.35000,0.00000,-0.01365,37.23495,-0.00003,-0.00013,1.00000,0.00000,0.82000,0.00122,0.00000,0.66000,0.10000,1.00000,1.05000,0.14666,0.52000,0.03600,0.56000,0.00000,0.00000,0.00000,0.95000,0.00000,0.97000,1.00000,-0.13000,0.00000,17.00000,0.00000,1.06000,0.30000,1.00000,1.00000
8.50000,0.00000,9.77517,-4.80960,25.29013,0.00000,0.35000,0.00000,-0.01314,37.22704,0.00007,0.00012,1.00000,0.00000,0.82000,0.00121,0.00000,0.66000,0.10000,1.00000,1.05000,0.14320,0.52000,0.03600,0.56000,0.00000,0.00000,0.00000,0.95000,0.00000,0.97000,1.00000,-0.13000,0.00000,17.00000,0.00000,1.06000,0.30000,1.00000,1.00000
8.53333,0.00000,9.65581,-4.75093,25.16613,0.00000,0.35000,0.00000,-0.01221,37.39106,-0.00002,-0.00010,1.00717,0.00038,0.82692,0.00177,0.06752,0.68785,0.10760,1.00000,1.05000,0.15867,0.52658,0.03600,0.55149,0.00000,0.00000,0.00000,0.95000,0.00000,0.97000,1.00101,-0.13000,0.00000,17.00000,0.00000,1.06422,0.30000,1.00000,1.00000
8.56667,0.00000,9.59375,-4.72049,25.19040,0.00000,0.35000,0.00000,-0.01204,37.33676,-0.00017,-0.00012,1.00522,0.00028,0.82504,0.00164,0.04916,0.68028,0.10553,1.00000,1.05000,0.15973,0.52479,0.03600,0.55381,0.00000,0.00000,0.00000,0.95000,0.00000,0.97000,1.00074,-0.13000,0.00000,17.00000,0.00000,1.06307,0.30000,1.00000,1.00000
8.60000,0.00000,9.52834,-4.68844,25.20583,0.00000,0.35000,0.00000,-0.01182,37.29535,0.00020,0.00023,1.00380,0.00020,0.82367,0.00147,0.03579,0.67476,0.10403,1.00000,1.05000,0.14000,0.52349,0.03600,0.55549,0.00000,0.00000,0.00000,0.95000,0.00000,0.97000,1.00054,-0.13000,0.00000,17.00000,0.00000,1.06224,0.30000,1.00000,1.00000
8.63333,0.00000,9.46054,-4.65526,25.21474,0.00000,0.35000,0.00000,-0.01131,37.26338,-0.00006,-0.00018,1.00277,0.00015,0.82267,0.00140,0.02605,0.67075,0.10293,1.00000,1.05000,0.14000,0.52254,0.03600,0.55672,0.00000,0.00000,0.00000,0.95000,0.00000,0.97000,1.00039,-0.13000,0.00000,17.00000,0.00000,1.06163,0.30000,1.00000,1.00000
8.66667,0.00000,9.39102,-4.62127,25.21882,0.00000,0.35000,0.00000,-0.01067,37.23832,-0.00009,0.00007,1.00202,0.00011,0.82194,0.00134,0.01897,0.66782,0.10213,1.00000,1.05000,0.14000,0.52185,0.03600,0.55761,0.00000,0.00000,0.00000,0.95000,0.00000,0.97000,1.00028,-0.13000,0.00000,17.00000,0.00000,1.06119,0.30000,1.00000,1.00000
8.70000,0.00000,9.32028,-4.58672,25.21930,0.00000,0.35000,0.00000,-0.01014,37.21834,0.00014,0.00006,1.00147,0.00008,0.82142,0.00130,0.01381,0.66570,0.10155,1.00000,1.05000,0.14000,0.52135,0.03600,0.55826,0.00000,0.00000,0.00000,0.95000,0.00000,0.97000,1.00021,-0.13000,0.00000,17.00000,0.00000,1.06086,0.30000,1.00000,1.00000
8.73333,0.00000,9.24868,-4.55178,25.21710,0.00000,0.35000,0.00000,-0.00974,37.20210,-0.00007,-0.00014,1.00107,0.00006,0.82103,0.00128,0.01005,0.66415,0.10113,1.00000,1.05000,0.14000,0.52098,0.03600,0.55873,0.00000,0.00000,0.00000,0.95000,0.00000,0.97000,1.00015,-0.13000,0.00000,17.00000,0.00000,1.06063,0.30000,1.00000,1.00000
8.76667,0.00000,9.17648,-4.51659,25.21288,0.00000,0.35000,0.00000,-0.00934,37.18864,-0.00003,0.00014,1.00078,0.00004,0.82075,0.00127,0.00732,0.66302,0.10082,1.00000,1.05000,0.14398,0.52071,0.03600,0.55908,0.00000,0.00000,0.00000,0.95000,0.00000,0.97000,1.00011,-0.13000,0.00000,17.00000,0.00000,1.06046,0.30000,1.00000,1.00000
8.80000,0.00000,9.10387,-4.48124,25.20711,0.00000,0.35000,0.00000,-0.00889,37.17724,0.00007,-0.00006,1.00057,0.00003,0.82055,0.00124,0.00533,0.66220,0.10060,1.00000,1.05000,0.14000,0.52052,0.03600,0.55933,0.00000,0.00000,0.00000,0.95000,0.00000,0.97000,1.00008,-0.13000,0.00000,17.00000,0.00000,1.06033,0.30000,1.00000,1.00000
8.83333,0.00000,9.03100,-4.44579,25.20014,0.00000,0.35000,0.00000,-0.00841,37.16739,-0.00001,-0.00004,1.00041,0.00002,0.82040,0.00123,0.00388,0.66160,0.10044,1.00000,1.05000,0.14000,0.52038,0.03600,0.55951,0.00000,0.00000,0.00000,0.95000,0.00000,0.97000,1.00006,-0.13000,0.00000,17.00000,0.00000,1.06024,0.30000,1.00000,1.00000
8.86667,0.00000,8.95795,-4.41029,25.19223,0.00000,0.35000,0.00000,-0.00796,37.15871,-0.00010,0.00012,1.00030,0.00002,0.82029,0.00122,0.00282,0.66116,0.10032,1.00000,1.05000,0.14099,0.52028,0.03600,0.55964,0.00000,0.00000,0.00000,0.95000,0.00000,0.97000,1.00004,-0.13000,0.00000,17.00000,0.00000,1.06018,0.30000,1.00000,1.00000
8.90000,0.00000,8.88481,-4.37479,25.18358,0.00000,0.35000,0.00000,-0.00753,37.15094,0.00014,-0.00013,1.00022,0.00001,0.82021,0.00122,0.00206,0.66085,0.10023,1.00000,1.05000,0.14000,0.52020,0.03600,0.55974,0.00000,0.00000,0.00000,0.95000,0.00000,0.97000,1.00003,-0.13000,0.00000,17.00000,0.00000,1.06013,0.30000,1.00000,1.00000
8.93333,0.00000,8.81162,-4.33929,25.17431,0.00000,0.35000,0.00000,-0.00712,37.14388,-0.00008,0.00007,1.00016,0.00001,0.82015,0.00121,0.00150,0.66062,0.10017,1.00000,1.05000,0.14000,0.52015,0.03600,0.55981,0.00000,0.00000,0.00000,0.95000,0.00000,0.97000,1.00002,-0.13000,0.00000,17.00000,0.00000,1.06009,0.30000,1.00000,1.00000
8.96667,0.00000,8.73843,-4.30383,25.16452,0.00000,0.35000,0.00000,-0.00669,37.13737,-0.00002,0.00003,1.00012,0.00001,0.82011,0.00121,0.00109,0.66045,0.10012,1.00000,1.05000,0.14000,0.52011,0.03600,0.55986,0.00000,0.00000,0.00000,0.95000,0.00000,0.97000,1.00002,-0.13000,0.00000,17.00000,0.00000,1.06007,0.30000,1.00000,1.00000
9.00000,0.00000,8.66573,-4.26865,25.15566,0.00000,0.35000,0.00000,-0.00626,37.12930,0.00007,-0.00011,1.00000,0.00000,0.82000,0.00120,0.00000,0.66000,0.10000,1.00000,1.05000,0.14000,0.52000,0.03600,0.56000,0.00000,0.00000,0.00000,0.95000,0.00000,0.97000,1.00000,-0.13000,0.00000,17.00000,0.00000,1.06000,0.30000,1.00000,1.00000
9.03333,0.00000,8.59246,-4.23323,25.14466,0.00000,0.35000,0.00000,-0.00584,37.12417,-0.00003,0.00013,1.00000,0.00000,0.82000,0.00120,0.00000,0.66000,0.10000,1.00000,1.05000,0.14000,0.52000,0.03600,0.56000,0.00000,0.00000,0.00000,0.95000,0.00000,0.97000,1.00000,-0.13000,0.00000,17.00000,0.00000,1.06000,0.30000,1.00000,1.00000
9.06667,0.00000,8.48152,-4.17927,25.02198,0.00000,0.35000,0.00000,-0.00517,37.28348,-0.00011,-0.00012,1.00688,0.00036,0.82664,0.00170,0.06477,0.68672,0.10729,1.00000,1.05000,0.14283,0.52632,0.03600,0.55184,0.00000,0.00000,0.00000,0.95000,0.00000,0.97000,1.00097,-0.13000,0.00000,17.00000,0.00000,1.06405,0.30000,1.00000,1.00000
9.10000,0.00000,8.41892,-4.14917,25.04073,0.00000,0.35000,0.00000,-0.00517,37.23400,0.00019,-0.00005,1.00501,0.00027,0.82483,0.00161,0.04715,0.67945,0.10530,1.00000,1.05000,0.15724,0.52460,0.03600,0.55406,0.00000,0.00000,0.00000,0.95000,0.00000,0.97000,1.00071,-0.13000,0.00000,17.00000,0.00000,1.06295,0.30000,1.00000,1.00000
9.13333,0.00000,8.35352,-4.11772,25.05103,0.00000,0.35000,0.00000,-0.00481,37.19685,-0.00007,0.00018,1.00365,0.00019,0.82352,0.00146,0.03433,0.67416,0.10386,1.00000,1.05000,0.14000,0.52335,0.03600,0.55567,0.00000,0.00000,0.00000,0.95000,0.00000,0.97000,1.00051,-0.13000,0.00000,17.00000,0.00000,1.06215,0.30000,1.00000,1.00000
9.16667,0.00000,8.28611,-4.08531,25.05511,0.00000,0.35000,0.00000,-0.00421,37.16872,-0.00008,-0.00016,1.00266,0.00014,0.82256,0.00139,0.02499,0.67031,0.10281,1.00000,1.05000,0.14000,0.52244,0.03600,0.55685,0.00000,0.00000,0.00000,0.95000,0.00000,0.97000,1.00037,-0.13000,0.00000,17.00000,0.00000,1.06156,0.30000,1.00000,1.00000
9.20000,0.00000,8.21728,-4.05224,25.05456,0.00000,0.35000,0.00000,-0.00368,37.14722,0.00014,0.00009,1.00193,0.00010,0.82186,0.00134,0.01819,0.66750,0.10205,1.00000,1.05000,0.14203,0.52177,0.03600,0.55771,0.00000,0.00000,0.00000,0.95000,0.00000,0.97000,1.00027,-0.13000,0.00000,17.00000,0.00000,1.06114,0.30000,1.00000,1.00000
9.23333,0.00000,8.14744,-4.01871,25.05059,0.00000,0.35000,0.00000,-0.00331,37.13057,-0.00010,0.00002,1.00141,0.00007,0.82136,0.00131,0.01324,0.66546,0.10149,1.00000,1.05000,0.14296,0.52129,0.03600,0.55833,0.00000,0.00000,0.00000,0.95000,0.00000,0.97000,1.00020,-0.13000,0.00000,17.00000,0.00000,1.06083,0.30000,1.00000,1.00000
9.26667,0.00000,8.07691,-3.98487,25.04405,0.00000,0.35000,0.00000,-0.00299,37.11751,-0.00003,-0.00016,1.00102,0.00005,0.82099,0.00133,0.00964,0.66398,0.10108,1.00000,1.05000,0.15794,0.52094,0.03600,0.55879,0.00000,0.00000,0.00000,0.95000,0.00000,0.97000,1.00014,-0.13000,0.00000,17.00000,0.00000,1.06060,0.30000,1.00000,1.00000
9.30000,0.00000,8.00591,-3.95082,25.03557,0.00000,0.35000,0.00000,-0.00259,37.10711,0.00009,0.00019,1.00075,0.00004,0.82072,0.00125,0.00702,0.66290,0.10079,1.00000,1.05000,0.14000,0.52068,0.03600,0.55912,0.00000,0.00000,0.00000,0.95000,0.00000,0.97000,1.00011,-0.13000,0.00000,17.00000,0.00000,1.06044,0.30000,1.00000,1.00000
9.33333,0.00000,7.93459,-3.91665,25.02562,0.00000,0.35000,0.00000,-0.00215,37.09868,-0.00001,-0.00010,1.00054,0.00003,0.82052,0.00124,0.00511,0.66211,0.10057,1.00000,1.05000,0.14000,0.52050,0.03600,0.55936,0.00000,0.00000,0.00000,0.95000,0.00000,0.97000,1.00008,-0.13000,0.00000,17.00000,0.00000,1.06032,0.30000,1.00000,1.00000
9.36667,0.00000,7.86307,-3.88242,25.01452,0.00000,0.35000,0.00000,-0.00171,37.09175,-0.00010,-0.00001,1.00040,0.00002,0.82038,0.00123,0.00372,0.66153,0.10042,1.00000,1.05000,0.14000,0.52036,0.03600,0.55953,0.00000,0.00000,0.00000,0.95000,0.00000,0.97000,1.00006,-0.13000,0.00000,17.00000,0.00000,1.06023,0.30000,1.00000,1.00000
9.40000,0.00000,7.79144,-3.84815,25.00252,0.00000,0.35000,0.00000,-0.00130,37.08594,0.00015,0.00011,1.00029,0.00002,0.82028,0.00122,0.00271,0.66112,0.10030,1.00000,1.05000,0.14000,0.52026,0.03600,0.55966,0.00000,0.00000,0.00000,0.95000,0.00000,0.97000,1.00004,-0.13000,0.00000,17.00000,0.00000,1.06017,0.30000,1.00000,1.00000
9.43333,0.00000,7.71975,-3.81390,24.98981,0.00000,0.35000,0.00000,-0.00090,37.08101,-0.00009,-0.00014,1.00021,0.00001,0.82020,0.00121,0.00197,0.66081,0.10022,1.00000,1.05000,0.14000,0.52019,0.03600,0.55975,0.00000,0.00000,0.00000,0.95000,0.00000,0.94979,1.00003,-0.13000,0.00000,17.00000,0.00000,1.06012,0.30000,1.00000,1.00000
9.46667,0.00000,7.64806,-3.77966,24.97650,0.00000,0.35000,0.00000,-0.00049,37.07675,-0.00002,0.00009,1.00015,0.00001,0.82015,0.00121,0.00144,0.66059,0.10016,1.00000,1.05000,0.14000,0.52014,0.03600,0.55982,0.00000,0.00000,0.00000,0.95000,0.00000,0.92958,1.00002,-0.13000,0.00000,17.00000,0.00000,1.06009,0.30000,1.00000,1.00000
9.50000,0.00000,7.57639,-3.74547,24.96270,0.00000,0.35000,0.00000,-0.00006,37.07303,0.00008,0.00000,1.00011,0.00001,0.82011,0.00121,0.00104,0.66043,0.10012,1.00000,1.05000,0.14000,0.52010,0.03600,0.55987,0.00000,0.00000,0.00000,0.95000,0.00000,0.90938,1.00002,-0.13000,0.00000,17.00000,0.00000,1.06007,0.30000,1.00000,1.00000
9.53333,0.00000,7.50516,-3.71153,24.94977,0.00000,0.35000,0.00000,0.00036,37.06783,-0.00004,-0.00009,1.00000,0.00000,0.82000,0.00120,0.00000,0.66000,0.10000,1.00000,1.05000,0.14000,0.52000,0.03600,0.56000,0.00000,0.00000,0.00000,0.95000,0.00000,0.88917,1.00000,-0.13000,0.00000,17.00000,0.00000,1.06000,0.30000,1.00000,1.00000
9.56667,0.00000,7.43349,-3.67739,24.93481,0.00000,0.35000,0.00000,0.00079,37.06544,-0.00005,0.00013,1.00000,0.00000,0.82000,0.00120,0.00000,0.66000,0.10000,1.00000,1.05000,0.14000,0.52000,0.03600,0.56000,0.00000,0.00000,0.00000,0.95000,0.00000,0.86896,1.00000,-0.13000,0.00000,17.00000,0.00000,1.06000,0.30000,1.00000,1.00000
9.60000,0.00000,7.32115,-3.62316,24.78159,0.00000,0.35000,0.00000,0.00112,37.26829,0.00018,-0.00017,1.00861,0.00046,0.82830,0.00204,0.08101,0.69341,0.10911,1.00000,1.05000,0.20921,0.52790,0.03600,0.54979,0.00000,0.00000,0.00000,0.95000,0.00000,0.84875,1.00122,-0.13000,0.00000,17.00000,0.00000,1.06506,0.30000,1.00000,1.00000
9.63333,0.00000,7.26104,-3.59480,24.80359,0.00000,0.35000,0.00000,0.00130,37.21045,-0.00008,0.00001,1.00627,0.00033,0.82604,0.00166,0.05897,0.68433,0.10663,1.00000,1.05000,0.14471,0.52575,0.03600,0.55257,0.00000,0.00000,0.00000,0.95000,0.00000,0.82854,1.00088,-0.13000,0.00000,17.00000,0.00000,1.06369,0.30000,1.00000,1.00000
9.66667,0.00000,7.19789,-3.56496,24.81522,0.00000,0.35000,0.00000,0.00198,37.16797,-0.00011,0.00014,1.00456,0.00024,0.82440,0.00152,0.04293,0.67771,0.10483,1.00000,1.05000,0.14000,0.52419,0.03600,0.55459,0.00000,0.00000,0.00000,0.95000,0.00000,0.80833,1.00064,-0.13000,0.00000,17.00000,0.00000,1.06268,0.30000,1.00000,1.00000
9.70000,0.00000,7.13257,-3.53408,24.81920,0.00000,0.35000,0.00000,0.00269,37.13670,0.00017,-0.00016,1.00332,0.00018,0.82320,0.00143,0.03125,0.67289,0.10352,1.00000,1.05000,0.14000,0.52305,0.03600,0.55606,0.00000,0.00000,0.00000,0.95000,0.00000,0.78813,1.00047,-0.13000,0.00000,17.00000,0.00000,1.06195,0.30000,1.00000,1.00000
9.73333,0.00000,7.06573,-3.50247,24.81753,0.00000,0.35000,0.00000,0.00313,37.11365,-0.00011,0.00012,1.00242,0.00013,0.82233,0.00137,0.02275,0.66939,0.10256,1.00000,1.05000,0.14000,0.52222,0.03600,0.55713,0.00000,0.00000,0.00000,0.95000,0.00000,0.76792,1.00034,-0.13000,0.00000,17.00000,0.00000,1.06142,0.30000,1.00000,1.00000
9.76667,0.00000,6.99780,-3.47035,24.81168,0.00000,0.35000,0.00000,0.00346,37.09662,-0.00001,-0.00002,1.00176,0.00009,0.82170,0.00147,0.01656,0.66683,0.10186,1.00000,1.05000,0.18225,0.52161,0.03600,0.55791,0.00000,0.00000,0.00000,0.95000,0.00000,0.74771,1.00025,-0.13000,0.00000,17.00000,0.00000,1.06104,0.30000,1.00000,1.00000
9.80000,0.00000,6.92913,-3.43789,24.80272,0.00000,0.35000,0.00000,0.00386,37.08402,0.00009,-0.00012,1.00128,0.00007,0.82124,0.00129,0.01206,0.66497,0.10136,1.00000,1.05000,0.14101,0.52118,0.03600,0.55848,0.00000,0.00000,0.00000,0.95000,0.00000,0.72750,1.00018,-0.13000,0.00000,17.00000,0.00000,1.06075,0.30000,1.00000,1.00000
9.83333,0.00000,6.85995,-3.40520,24.79142,0.00000,0.35000,0.00000,0.00437,37.07470,-0.00003,0.00017,1.00093,0.00005,0.82090,0.00127,0.00878,0.66362,0.10099,1.00000,1.05000,0.14000,0.52086,0.03600,0.55889,0.00000,0.00000,0.00000,0.95000,0.00000,0.70729,1.00013,-0.13000,0.00000,17.00000,0.00000,1.06055,0.30000,1.00000,1.00000
9.86667,0.00000,6.79044,-3.37237,24.77837,0.00000,0.35000,0.00000,0.00490,37.06780,-0.00008,-0.00011,1.00068,0.00004,0.82066,0.00125,0.00639,0.66264,0.10072,1.00000,1.05000,0.14000,0.52062,0.03600,0.55919,0.00000,0.00000,0.00000,0.95000,0.00000,0.68708,1.00010,-0.13000,0.00000,17.00000,0.00000,1.06040,0.30000,1.00000,1.00000
9.90000,0.00000,6.72072,-3.33947,24.76396,0.00000,0.35000,0.00000,0.00539,37.06272,0.00014,0.00002,1.00049,0.00003,0.82048,0.00123,0.00465,0.66192,0.10052,1.00000,1.05000,0.14000,0.52045,0.03600,0.55941,0.00000,0.00000,0.00000,0.95000,0.00000,0.66687,1.00007,-0.13000,0.00000,17.00000,0.00000,1.06029,0.30000,1.00000,1.00000
9.93333,0.00000,6.65089,-3.30653,24.74851,0.00000,0.35000,0.00000,0.00586,37.05900,-0.00009,0.00007,1.00036,0.00002,0.82035,0.00123,0.00339,0.66140,0.10038,1.00000,1.05000,0.14255,0.52033,0.03600,0.55957,0.00000,0.00000,0.00000,0.95000,0.00000,0.64667,1.00005,-0.13000,0.00000,17.00000,0.00000,1.06021,0.30000,1.00000,1.00000
9.96667,0.00000,6.58100,-3.27359,24.73223,0.00000,0.35000,0.00000,0.00634,37.05633,-0.00004,-0.00020,1.00026,0.00001,0.82025,0.00132,0.00247,0.66102,0.10028,1.00000,1.05000,0.16896,0.52024,0.03600,0.55969,0.00000,0.00000,0.00000,0.95000,0.00000,0.62646,1.00004,-0.13000,0.00000,17.00000,0.00000,1.06015,0.30000,1.00000,1.00000
10.00000,0.00000,6.51111,-3.24067,24.71529,0.00000,0.35000,0.00000,0.00686,37.05446,0.00016,0.00019,1.00019,0.00001,0.82018,0.00121,0.00179,0.66074,0.10020,1.00000,1.05000,0.14000,0.52018,0.03600,0.55977,0.00000,0.00000,0.00000,0.95000,0.00000,0.60625,1.00003,-0.13000,0.00000,17.00000,0.00000,1.06011,0.30000,1.00000,1.00000
10.03333,0.00000,6.44126,-3.20779,24.69780,0.00000,0.35000,0.00000,0.00739,37.05322,-0.00009,-0.00004,1.00014,0.00001,0.82013,0.00121,0.00131,0.66054,0.10015,1.00000,1.05000,0.14000,0.52013,0.03600,0.55984,0.00000,0.00000,0.00000,0.95000,0.00000,0.58604,1.00002,-0.13000,0.00000,17.00000,0.00000,1.06008,0.30000,1.00000,1.00000
10.06667,0.00000,6.37188,-3.17517,24.68146,0.00000,0.35000,0.00000,0.00791,37.05008,-0.00004,-0.00008,1.00000,0.00000,0.82000,0.00120,0.00000,0.66000,0.10000,1.00000,1.05000,0.14000,0.52000,0.03600,0.56000,0.00000,0.00000,0.00000,0.95000,0.00000,0.56583,1.00000,-0.13000,0.00000,17.00000,0.00000,1.06000,0.30000,1.00000,1.00000
10.10000,0.00000,6.30204,-3.14234,24.66267,0.00000,0.35000,0.00000,0.00844,37.05042,0.00009,0.00013,1.00000,0.00000,0.82000,0.00120,0.00000,0.66000,0.10000,1.00000,1.05000,0.14000,0.52000,0.03600,0.56000,0.00000,0.00000,0.00000,0.95000,0.00000,0.54563,1.00000,-0.13000,0.00000,17.00000,0.00000,1.06000,0.30000,1.00000,1.00000
10.13333,0.00000,6.20512,-3.09602,24.53610,0.00000,0.35000,0.00000,0.00863,37.21222,-0.00007,-0.00018,1.00677,0.00036,0.82654,0.00168,0.06376,0.68630,0.10717,1.00000,1.05000,0.14000,0.52622,0.03600,0.55197,0.00000,0.00000,0.00000,0.95000,0.00000,0.52542,1.00096,-0.13000,0.00000,17.00000,0.00000,1.06398,0.30000,1.00000,1.00000
10.16667,0.00000,6.14312,-3.06714,24.54606,0.00000,0.35000,0.00000,0.00931,37.16903,-0.00010,0.00005,1.00493,0.00026,0.82476,0.00155,0.04641,0.67915,0.10522,1.00000,1.05000,0.14000,0.52453,0.03600,0.55415,0.00000,0.00000,0.00000,0.95000,0.00000,0.50521,1.00070,-0.13000,0.00000,17.00000,0.00000,1.06290,0.30000,1.00000,1.00000
10.20000,0.00000,6.07913,-3.03729,24.54787,0.00000,0.35000,0.00000,0.01016,37.13794,0.00017,0.00007,1.00359,0.00019,0.82346,0.00145,0.03379,0.67394,0.10380,1.00000,1.05000,0.14000,0.52329,0.03600,0.55574,0.00000,0.00000,0.00000,0.95000,0.00000,0.48500,1.00051,-0.13000,0.00000,17.00000,0.00000,1.06211,0.30000,1.00000,1.00000
10.23333,0.00000,6.01373,-3.00676,24.54367,0.00000,0.35000,0.00000,0.01080,37.11571,-0.00012,-0.00014,1.00261,0.00014,0.82252,0.00140,0.02460,0.67015,0.10277,1.00000,1.05000,0.14330,0.52240,0.03600,0.55690,0.00000,0.00000,0.00000,0.95000,0.00000,0.46479,1.00037,-0.13000,0.00000,17.00000,0.00000,1.06154,0.30000,1.00000,1.00000
10.26667,0.00000,5.94736,-2.97577,24.53501,0.00000,0.35000,0.00000,0.01124,37.09997,0.00000,0.00012,1.00190,0.00010,0.82184,0.00133,0.01791,0.66739,0.10201,1.00000,1.05000,0.14000,0.52175,0.03600,0.55774,0.00000,0.00000,0.00000,0.95000,0.00000,0.44458,1.00027,-0.13000,0.00000,17.00000,0.00000,1.06112,0.30000,1.00000,1.00000
10.30000,0.00000,5.88032,-2.94445,24.52305,0.00000,0.35000,0.00000,0.01173,37.08900,0.00009,-0.00005,1.00139,0.00007,0.82134,0.00179,0.01304,0.66538,0.10147,1.00000,1.05000,0.28672,0.52127,0.03600,0.55836,0.00000,0.00000,0.00000,0.95000,0.00000,0.42437,1.00020,-0.13000,0.00000,17.00000,0.00000,1.06081,0.30000,1.00000,1.00000
10.33333,0.00000,5.81282,-2.91294,24.50862,0.00000,0.35000,0.00000,0.01233,37.08156,-0.00005,-0.00010,1.00101,0.00005,0.82097,0.00129,0.00949,0.66391,0.10107,1.00000,1.05000,0.14697,0.52093,0.03600,0.55880,0.00000,0.00000,0.00000,0.95000,0.00000,0.40417,1.00014,-0.13000,0.00000,17.00000,0.00000,1.06059,0.30000,1.00000,1.00000
10.36667,0.00000,5.74505,-2.88130,24.49233,0.00000,0.35000,0.00000,0.01299,37.07673,-0.00012,0.00020,1.00073,0.00004,0.82071,0.00125,0.00691,0.66285,0.10078,1.00000,1.05000,0.14000,0.52067,0.03600,0.55913,0.00000,0.00000,0.00000,0.95000,0.00000,0.38396,1.00010,-0.13000,0.00000,17.00000,0.00000,1.06043,0.30000,1.00000,1.00000
10.40000,0.00000,5.67710,-2.84960,24.47462,0.00000,0.35000,0.00000,0.01361,37.07385,0.00018,-0.00015,1.00053,0.00003,0.82052,0.00124,0.00503,0.66207,0.10057,1.00000,1.05000,0.14000,0.52049,0.03600,0.55937,0.00000,0.00000,0.00000,0.95000,0.00000,0.36375,1.00008,-0.13000,0.00000,17.00000,0.00000,1.06031,0.30000,1.00000,1.00000
10.43333,0.00000,5.60907,-2.81787,24.45582,0.00000,0.35000,0.00000,0.01420,37.07242,-0.00009,0.00005,1.00039,0.00002,0.82038,0.00123,0.00366,0.66151,0.10041,1.00000,1.05000,0.14000,0.52036,0.03600,0.55954,0.00000,0.00000,0.00000,0.95000,0.00000,0.34354,1.00005,-0.13000,0.00000,17.00000,0.00000,1.06023,0.30000,1.00000,1.00000
10.46667,0.00000,5.54101,-2.78614,24.43617,0.00000,0.35000,0.00000,0.01479,37.07211,-0.00002,0.00005,1.00028,0.00001,0.82027,0.00122,0.00267,0.66110,0.10030,1.00000,1.05000,0.14000,0.52026,0.03600,0.55966,0.00000,0.00000,0.00000,0.95000,0.00000,0.32333,1.00004,-0.13000,0.00000,17.00000,0.00000,1.06017,0.30000,1.00000,1.00000
10.50000,0.00000,5.47297,-2.75444,24.41583,0.00000,0.35000,0.00000,0.01542,37.07266,0.00010,-0.00011,1.00021,0.00001,0.82020,0.00121,0.00194,0.66080,0.10022,1.00000,1.05000,0.14000,0.52019,0.03600,0.55976,0.00000,0.00000,0.00000,0.95000,0.00000,0.30313,1.00003,-0.13000,0.00000,17.00000,0.00000,1.06012,0.30000,1.00000,1.00000
10.53333,0.00000,5.40499,-2.72279,24.39492,0.00000,0.35000,0.00000,0.01606,37.07388,-0.00007,0.00011,1.00015,0.00001,0.82014,0.00121,0.00141,0.66058,0.10016,1.00000,1.05000,0.14000,0.52014,0.03600,0.55982,0.00000,0.00000,0.00000,0.95000,0.00000,0.28292,1.00002,-0.13000,0.00000,17.00000,0.00000,1.06009,0.30000,1.00000,1.00000
10.56667,0.00000,5.33708,-2.69119,24.37355,0.00000,0.35000,0.00000,0.01670,37.07563,-0.00002,-0.00005,1.00011,0.00001,0.82011,0.00121,0.00103,0.66042,0.10012,1.00000,1.05000,0.14000,0.52010,0.03600,0.55987,0.00000,0.00000,0.00000,0.95000,0.00000,0.26271,1.00002,-0.13000,0.00000,17.00000,0.00000,1.06006,0.30000,1.00000,1.00000
10.60000,0.00000,5.26953,-2.65979,24.35304,0.00000,0.35000,0.00000,0.01734,37.07592,0.00007,-0.00004,1.00000,0.00000,0.82000,0.00120,0.00000,0.66000,0.10000,1.00000,1.05000,0.14000,0.52000,0.03600,0.56000,0.00000,0.00000,0.00000,0.95000,0.00000,0.24250,1.00000,-0.13000,0.00000,17.00000,0.00000,1.06000,0.30000,1.00000,1.00000
10.63333,0.00000,5.20174,-2.62828,24.33057,0.00000,0.35000,0.00000,0.01799,37.07898,-0.00004,0.00010,1.00000,0.00000,0.82000,0.00120,0.00000,0.66000,0.10000,1.00000,1.05000,0.14000,0.52000,0.03600,0.56000,0.00000,0.00000,0.00000,0.95000,0.00000,0.22229,1.00000,-0.13000,0.00000,17.00000,0.00000,1.06000,0.30000,1.00000,1.00000
10.66667,0.00000,5.60681,-2.84114,26.90765,0.00000,0.34713,0.00000,-0.00522,35.53628,-0.00030,-0.00051,1.01348,0.00157,0.83466,0.00216,0.12679,0.71761,0.11633,0.95000,1.00000,0.14112,0.53667,0.02800,0.54323,0.00000,0.00000,0.00000,1.02000,0.00000,0.20208,1.00190,-0.13000,0.00000,17.00000,0.00000,1.06792,0.18000,1.00000,1.00000
10.70000,0.00000,5.36687,-2.73289,26.78605,0.00000,0.34162,0.00000,-0.00329,35.25057,0.00055,0.00021,1.00984,0.00114,0.83430,0.00190,0.09231,0.71327,0.11620,0.95000,1.00000,0.14005,0.54153,0.02800,0.54603,0.00000,0.00000,0.00000,1.02000,0.00000,0.18188,1.00138,-0.13000,0.00000,17.00000,0.00000,1.06577,0.18000,1.00000,1.00000
10.73333,0.00000,5.12561,-2.62401,26.64402,0.00000,0.33611,0.00000,-0.00223,34.99921,-0.00038,0.00011,1.00722,0.00083,0.83489,0.00175,0.06720,0.71252,0.11695,0.95000,1.00000,0.14367,0.54730,0.02800,0.54763,0.00000,0.00000,0.00000,1.02000,0.00000,0.16167,1.00101,-0.13000,0.00000,17.00000,0.00000,1.06420,0.18000,1.00000,1.00000
10.76667,0.00000,4.88437,-2.51514,26.48641,0.00000,0.33061,0.00000,-0.00247,34.77540,0.00003,-0.00031,1.00535,0.00061,0.83616,0.00160,0.04892,0.71444,0.11836,0.95000,1.00000,0.14000,0.55376,0.02800,0.54836,0.00000,0.00000,0.00000,1.02000,0.00000,0.14146,1.00073,-0.13000,0.00000,17.00000,0.00000,1.06306,0.18000,1.00000,1.00000
10.80000,0.00000,4.64411,-2.40675,26.31676,0.00000,0.32510,0.00000,-0.00287,34.57418,0.00018,0.00031,1.00404,0.00044,0.83794,0.00152,0.03561,0.71833,0.12029,0.95000,1.00000,0.14000,0.56073,0.02800,0.54846,0.00000,0.00000,0.00000,1.02000,0.00000,0.12125,1.00053,-0.13000,0.00000,17.00000,0.00000,1.06223,0.18000,1.00000,1.00000
10.83333,0.00000,4.40552,-2.29916,26.13770,0.00000,0.31959,0.00000,-0.00265,34.39189,-0.00010,-0.00015,1.00313,0.00032,0.84009,0.00153,0.02593,0.72367,0.12259,0.95000,1.00000,0.14837,0.56810,0.02800,0.54810,0.00000,0.00000,0.00000,1.02000,0.00000,0.10104,1.00039,-0.13000,0.00000,17.00000,0.00000,1.06162,0.18000,1.00000,1.00000
10.86667,0.00000,4.16909,-2.19260,25.95114,0.00000,0.31408,0.00000,-0.00204,34.22583,-0.00013,-0.00006,1.00253,0.00023,0.84251,0.00145,0.01887,0.73008,0.12518,0.95000,1.00000,0.14000,0.57579,0.02800,0.54740,0.00000,0.00000,0.00000,1.02000,0.00000,0.08083,1.00028,-0.13000,0.00000,17.00000,0.00000,1.06118,0.18000,1.00000,1.00000
10.90000,0.00000,3.93518,-2.08725,25.75848,0.00000,0.30858,0.00000,-0.00155,34.07399,0.00028,0.00022,1.00216,0.00017,0.84512,0.00144,0.01374,0.73729,0.12799,0.95000,1.00000,0.14000,0.58372,0.02800,0.54647,0.00000,0.00000,0.00000,1.02000,0.00000,0.06062,1.00021,-0.13000,0.00000,17.00000,0.00000,1.06086,0.18000,1.00000,1.00000
10.93333,0.00000,3.70405,-1.98321,25.56075,0.00000,0.30307,0.00000,-0.00134,33.93489,-0.00020,-0.00025,1.00196,0.00012,0.84788,0.00145,0.01000,0.74508,0.13096,0.95000,1.00000,0.14000,0.59184,0.02800,0.54536,0.00000,0.00000,0.00000,1.02000,0.00000,0.04042,1.00015,-0.13000,0.00000,17.00000,0.00000,1.06063,0.18000,1.00000,1.00000
10.96667,0.00000,3.47588,-1.88056,25.35871,0.00000,0.29756,0.00000,-0.00117,33.80740,-0.00005,0.00014,1.00190,0.00009,0.85074,0.00149,0.01235,0.75331,0.13405,0.95000,1.00000,0.14161,0.60012,0.02800,0.54412,0.00000,0.00000,0.00000,1.02000,0.00000,0.02021,1.00011,-0.13000,0.00000,17.00000,0.00000,1.06046,0.18000,1.00000,1.00000
11.00000,0.00000,3.25081,-1.77937,25.15293,0.00000,0.29205,0.00000,-0.00089,33.69066,0.00024,0.00004,1.00193,0.00007,0.85368,0.00151,0.01508,0.76186,0.13724,0.95000,1.00000,0.14000,0.60854,0.02800,0.54280,0.00000,0.00000,0.00000,1.02000,0.00000,0.00000,1.00008,-0.13000,0.00000,17.00000,0.00000,1.06033,0.18000,1.00000,1.00000
11.03333,0.00000,3.02894,-1.67968,24.94383,0.00000,0.28654,0.00000,-0.00052,33.58401,-0.00020,-0.00019,1.00205,0.00005,0.85667,0.00156,0.01808,0.77064,0.14049,0.95000,1.00000,0.14000,0.61707,0.02800,0.54140,0.00000,0.00000,0.00000,1.02000,0.00000,0.00000,1.00006,-0.13000,0.00000,17.00000,0.00000,1.06024,0.18000,1.00000,1.00000
11.06667,0.00000,2.81036,-1.58150,24.73173,0.00000,0.28104,0.00000,-0.00017,33.48696,-0.00000,0.00023,1.00224,0.00003,0.85971,0.00161,0.02135,0.77959,0.14380,0.95000,1.00000,0.14000,0.62570,0.02800,0.53995,0.00000,0.00000,0.00000,1.02000,0.00000,0.00000,1.00004,-0.13000,0.00000,17.00000,0.00000,1.06018,0.18000,1.00000,1.00000
11.10000,0.00000,2.59549,-1.48508,24.52032,0.00000,0.27553,0.00000,0.00011,33.39445,0.00015,-0.00014,1.00226,0.00000,0.86255,0.00165,0.02490,0.78766,0.14681,0.95000,1.00000,0.14000,0.63417,0.02800,0.53872,0.00000,0.00000,0.00000,1.02000,0.00000,0.00000,1.00000,-0.13000,0.00000,17.00000,0.00000,1.06000,0.18000,1.00000,1.00000
11.13333,0.00000,2.38354,-1.38995,24.30193,0.00000,0.27002,0.00000,0.00042,33.31676,-0.00009,-0.00003,1.00261,0.00000,0.86570,0.00172,0.02872,0.79711,0.15027,0.95000,1.00000,0.14000,0.64303,0.02800,0.53715,0.00000,0.00000,0.00000,1.02000,0.00000,0.00000,1.00000,-0.13000,0.00000,17.00000,0.00000,1.06000,0.18000,1.00000,1.00000
11.16667,0.00000,2.17507,-1.29640,24.08139,0.00000,0.26451,0.00000,0.00073,33.24735,-0.00013,0.00018,1.00298,0.00000,0.86885,0.00180,0.03281,0.80655,0.15373,0.95000,1.00000,0.14000,0.65195,0.02800,0.53558,0.00000,0.00000,0.00000,1.02000,0.00000,0.00000,1.00000,-0.13000,0.00000,17.00000,0.00000,1.06000,0.18000,1.00000,1.00000
11.20000,0.00000,1.95362,-1.19436,23.65901,0.00000,0.25901,0.00000,0.00056,33.46410,0.00063,-0.00048,1.01643,0.00152,0.88538,0.00280,0.12280,0.87862,0.17891,0.95000,1.00000,0.14000,0.67614,0.02800,0.51925,0.00000,0.00000,0.00000,1.02000,-1.00000,0.00000,1.00000,0.00000,0.00000,17.00000,0.00000,1.06768,0.18000,1.00000,1.00000
11.23333,0.00000,1.75787,-1.10728,23.48969,0.00000,0.25350,0.00000,0.00234,33.33501,-0.00045,0.00026,1.01330,0.00111,0.88492,0.00263,0.08940,0.87155,0.17682,0.95000,1.00000,0.14000,0.68118,0.02800,0.52172,0.00000,0.00000,0.00000,1.02000,-1.00000,0.00000,1.00000,0.00000,0.00000,17.00000,0.00000,1.06559,0.18000,1.00000,1.00000
11.26667,0.00000,1.56379,-1.02075,23.30309,0.00000,0.24799,0.00000,0.00238,33.23472,0.00006,0.00003,1.01116,0.00081,0.88544,0.00254,0.06508,0.86883,0.17614,0.95000,1.00000,0.14000,0.68732,0.02800,0.52308,0.00000,0.00000,0.00000,1.02000,-1.00000,0.00000,1.00000,0.00000,0.00000,17.00000,0.00000,1.06407,0.18000,1.00000,1.00000
11.30000,0.00000,1.37201,-0.93509,23.10344,0.00000,0.24248,0.00000,0.00177,33.15747,0.00020,-0.00024,1.00975,0.00059,0.88666,0.00250,0.05190,0.86932,0.17652,0.95000,1.00000,0.14000,0.69430,0.02800,0.52364,0.00000,0.00000,0.00000,1.02000,-1.00000,0.00000,1.00000,0.00000,0.00000,17.00000,0.00000,1.06296,0.18000,1.00000,1.00000
11.33333,0.00000,1.18296,-0.85054,22.89385,0.00000,0.23697,0.00000,0.00176,33.09907,-0.00015,0.00029,1.00888,0.00043,0.88840,0.00250,0.05736,0.87216,0.17768,0.95000,1.00000,0.14000,0.70190,0.02800,0.52361,0.00000,0.00000,0.00000,1.02000,-1.00000,0.00000,1.00000,0.00000,0.00000,17.00000,0.00000,1.06216,0.18000,1.00000,1.00000
11.36667,0.00000,0.99694,-0.76726,22.67657,0.00000,0.23147,0.00000,0.00237,33.05648,-0.00010,-0.00018,1.00840,0.00031,0.89052,0.00276,0.06308,0.87675,0.17944,0.95000,1.00000,0.17068,0.70997,0.02800,0.52316,0.00000,0.00000,0.00000,1.02000,-1.00000,0.00000,1.00000,0.00000,0.00000,17.00000,0.00000,1.06157,0.18000,1.00000,1.00000
11.40000,0.00000,0.81417,-0.68534,22.45327,0.00000,0.22596,0.00000,0.00297,33.02748,0.00027,-0.00001,1.00822,0.00023,0.89292,0.00265,0.06908,0.88261,0.18163,0.95000,1.00000,0.14785,0.71842,0.02800,0.52240,0.00000,0.00000,0.00000,1.02000,-1.00000,0.00000,1.00000,0.00000,0.00000,17.00000,0.00000,1.06114,0.18000,1.00000,1.00000
11.43333,0.00000,0.63480,-0.60487,22.22517,0.00000,0.22045,0.00000,0.00321,33.01047,-0.00020,0.00018,1.00826,0.00016,0.89552,0.00267,0.07535,0.88942,0.18415,0.95000,1.00000,0.14000,0.72715,0.02800,0.52142,0.00000,0.00000,0.00000,1.02000,-1.00000,0.00000,1.00000,0.00000,0.00000,17.00000,0.00000,1.06083,0.18000,1.00000,1.00000
11.46667,0.00000,0.45893,-0.52589,21.99316,0.00000,0.21494,0.00000,0.00328,33.00431,-0.00006,-0.00023,1.00847,0.00012,0.89826,0.00279,0.08190,0.89693,0.18691,0.95000,1.00000,0.14385,0.73610,0.02800,0.52028,0.00000,0.00000,0.00000,1.02000,-1.00000,0.00000,1.00000,0.00000,0.00000,17.00000,0.00000,1.06061,0.18000,1.00000,1.00000
11.50000,0.00000,0.28665,-0.44844,21.75791,0.00000,0.20943,0.00000,0.00345,33.00814,0.00025,0.00016,1.00881,0.00009,0.90112,0.00287,0.08871,0.90494,0.18985,0.95000,1.00000,0.14000,0.74524,0.02800,0.51901,0.00000,0.00000,0.00000,1.02000,-1.00000,0.00000,1.00000,0.00000,0.00000,17.00000,0.00000,1.06044,0.18000,1.00000,1.00000
11.53333,0.00000,0.11800,-0.37255,21.51991,0.00000,0.20393,0.00000,0.00374,33.02138,-0.00023,-0.00000,1.00925,0.00006,0.90405,0.00298,0.09580,0.91333,0.19293,0.95000,1.00000,0.14000,0.75453,0.02800,0.51767,0.00000,0.00000,0.00000,1.02000,-1.00000,0.00000,1.00000,0.00000,0.00000,17.00000,0.00000,1.06032,0.18000,1.00000,1.00000
11.56667,0.00000,-0.04697,-0.29823,21.27953,0.00000,0.19842,0.00000,0.00403,33.04361,0.00003,-0.00016,1.00978,0.00005,0.90704,0.00319,0.10316,0.92200,0.19610,0.95000,1.00000,0.15126,0.76394,0.02800,0.51626,0.00000,0.00000,0.00000,1.02000,-1.00000,0.00000,1.00000,0.00000,0.00000,17.00000,0.00000,1.06023,0.18000,1.00000,1.00000
11.60000,0.00000,-0.20822,-0.22550,21.03705,0.00000,0.19291,0.00000,0.00424,33.07455,0.00014,0.00022,1.01036,0.00003,0.91007,0.00323,0.11079,0.93088,0.19935,0.95000,1.00000,0.14000,0.77346,0.02800,0.51480,0.00000,0.00000,0.00000,1.02000,-1.00000,0.00000,1.00000,0.00000,0.00000,17.00000,0.00000,1.06017,0.18000,1.00000,1.00000
11.63333,0.00000,-0.36579,-0.15438,20.79551,0.00000,0.18740,0.00000,0.00440,33.10954,-0.00009,-0.00015,1.01079,0.00000,0.91291,0.00336,0.11870,0.93874,0.20220,0.95000,1.00000,0.14000,0.78278,0.02800,0.51354,0.00000,0.00000,0.00000,1.02000,-1.00000,0.00000,1.00000,0.00000,0.00000,17.00000,0.00000,1.06000,0.18000,1.00000,1.00000
11.66667,0.00000,-0.51954,-0.08482,20.54864,0.00000,0.18190,0.00000,0.00458,33.15861,-0.00011,0.00001,1.01153,0.00000,0.91606,0.00351,0.12688,0.94818,0.20567,0.95000,1.00000,0.14000,0.79256,0.02800,0.51197,0.00000,0.00000,0.00000,1.02000,-1.00000,0.00000,1.00000,0.00000,0.00000,17.00000,0.00000,1.06000,0.18000,1.00000,1.00000
11.70000,0.00000,-0.66952,-0.01687,20.30042,0.00000,0.17639,0.00000,0.00474,33.21570,0.00028,0.00013,1.01230,0.00000,0.91921,0.00366,0.13533,0.95762,0.20913,0.95000,1.00000,0.14000,0.80239,0.02800,0.51040,0.00000,0.00000,0.00000,1.02000,-1.00000,0.00000,1.00000,0.00000,0.00000,17.00000,0.00000,1.06000,0.18000,1.00000,1.00000
11.73333,0.00000,-0.80914,0.04907,19.88958,0.00000,0.17088,0.00000,0.00580,33.54782,-0.00055,-0.00044,1.02563,0.00146,0.93596,0.00497,0.14405,1.03837,0.24081,0.95000,1.00000,0.17619,0.83025,0.02800,0.49532,0.00000,0.00000,0.00000,1.02000,-1.00000,0.00000,1.00000,0.00000,0.00000,17.00000,0.00000,1.06737,0.18000,1.00000,1.00000
11.76667,0.00000,-0.95245,0.11354,19.68391,0.00000,0.16537,0.00000,0.00617,33.54897,0.00008,0.00029,1.02304,0.00106,0.93544,0.00463,0.15305,1.02892,0.23693,0.95000,1.00000,0.14000,0.83546,0.02800,0.49745,0.00000,0.00000,0.00000,1.02000,-1.00000,0.00000,1.00000,0.00000,0.00000,17.00000,0.00000,1.06537,0.18000,1.00000,1.00000
11.80000,0.00000,-1.09193,0.17657,19.46450,0.00000,0.15986,0.00000,0.00522,33.57798,0.00023,-0.00003,1.02140,0.00077,0.93591,0.00462,0.16231,1.02448,0.23495,0.95000,1.00000,0.14000,0.84198,0.02800,0.49856,0.00000,0.00000,0.00000,1.02000,-1.00000,0.00000,1.00000,0.00000,0.00000,17.00000,0.00000,1.06391,0.18000,1.00000,1.00000
11.83333,0.00000,-1.22750,0.23810,19.23488,0.00000,0.15436,0.00000,0.00468,33.62967,-0.00020,-0.00018,1.02046,0.00056,0.93710,0.00467,0.17185,1.02371,0.23439,0.95000,1.00000,0.14000,0.84948,0.02800,0.49894,0.00000,0.00000,0.00000,1.02000,-1.00000,0.00000,1.00000,0.00000,0.00000,17.00000,0.00000,1.06284,0.18000,1.00000,1.00000
11.86667,0.00000,-1.35913,0.29807,18.99759,0.00000,0.14885,0.00000,0.00502,33.70028,-0.00006,0.00025,1.02004,0.00041,0.93882,0.00475,0.18167,1.02564,0.23488,0.95000,1.00000,0.14000,0.85770,0.02800,0.49878,0.00000,0.00000,0.00000,1.02000,-1.00000,0.00000,1.00000,0.00000,0.00000,17.00000,0.00000,1.06207,0.18000,1.00000,1.00000
11.90000,0.00000,-1.48679,0.35646,18.75453,0.00000,0.14334,0.00000,0.00555,33.78715,0.00025,-0.00019,1.01999,0.00030,0.94092,0.00503,0.19175,1.02957,0.23614,0.95000,1.00000,0.16226,0.86648,0.02800,0.49824,0.00000,0.00000,0.00000,1.02000,-1.00000,0.00000,1.00000,0.00000,0.00000,17.00000,0.00000,1.06151,0.18000,1.00000,1.00000
11.93333,0.00000,-1.61048,0.41323,18.50707,0.00000,0.13783,0.00000,0.00569,33.88838,-0.00020,0.00003,1.02024,0.00022,0.94330,0.00502,0.20211,1.03495,0.23797,0.95000,1.00000,0.14192,0.87569,0.02800,0.49741,0.00000,0.00000,0.00000,1.02000,-1.00000,0.00000,1.00000,0.00000,0.00000,17.00000,0.00000,1.06110,0.18000,1.00000,1.00000
11.96667,0.00000,-1.73021,0.46839,18.25621,0.00000,0.13233,0.00000,0.00552,34.00264,-0.00006,0.00013,1.02070,0.00016,0.94589,0.00516,0.21274,1.04141,0.24023,0.95000,1.00000,0.14000,0.88522,0.02800,0.49638,0.00000,0.00000,0.00000,1.02000,-1.00000,0.00000,1.00000,0.00000,0.00000,17.00000,0.00000,1.06080,0.18000,1.00000,1.00000
12.00000,0.00000,-1.84598,0.52193,18.00270,0.00000,0.12682,0.00000,0.00539,34.12903,0.00027,-0.00020,1.02132,0.00012,0.94864,0.00534,0.22364,1.04866,0.24280,0.95000,1.00000,0.14000,0.89501,0.02800,0.49519,0.00000,0.00000,0.00000,1.02000,-1.00000,0.00000,1.00000,0.00000,0.00000,17.00000,0.00000,1.06058,0.18000,1.00000,1.00000
12.03333,0.00000,-1.95780,0.57384,17.74709,0.00000,0.12131,0.00000,0.00542,34.26696,-0.00026,0.00016,1.02207,0.00008,0.95149,0.00552,0.23481,1.05650,0.24561,0.95000,1.00000,0.14000,0.90500,0.02800,0.49391,0.00000,0.00000,0.00000,1.02000,-1.00000,0.00000,1.00000,0.00000,0.00000,17.00000,0.00000,1.06042,0.18000,1.00000,1.00000
12.06667,0.00000,-2.06567,0.62413,17.48978,0.00000,0.11580,0.00000,0.00550,34.41606,0.00010,-0.00005,1.02291,0.00006,0.95442,0.00736,0.24626,1.06475,0.24858,0.95000,1.00000,0.36170,0.91516,0.02800,0.49254,0.00000,0.00000,0.00000,1.02000,-1.00000,0.00000,1.00000,0.00000,0.00000,17.00000,0.00000,1.06031,0.18000,1.00000,1.00000
12.10000,0.00000,-2.16960,0.67279,17.23108,0.00000,0.11029,0.00000,0.00549,34.57616,0.00024,-0.00022,1.02383,0.00004,0.95740,0.00592,0.25798,1.07333,0.25168,0.95000,1.00000,0.14000,0.92545,0.02800,0.49112,0.00000,0.00000,0.00000,1.02000,-1.00000,0.00000,1.00000,0.00000,0.00000,17.00000,0.00000,1.06022,0.18000,1.00000,1.00000
12.13333,0.00000,-2.26960,0.71983,16.97124,0.00000,0.10479,0.00000,0.00539,34.74720,-0.00021,0.00038,1.02482,0.00003,0.96044,0.00613,0.26997,1.08213,0.25488,0.95000,1.00000,0.14000,0.93586,0.02800,0.48965,0.00000,0.00000,0.00000,1.02000,-1.00000,0.00000,1.00000,0.00000,0.00000,17.00000,0.00000,1.06016,0.18000,1.00000,1.00000
12.16667,0.00000,-2.36598,0.76535,16.71263,0.00000,0.09928,0.00000,0.00531,34.92472,-0.00019,-0.00030,1.02566,0.00000,0.96327,0.00633,0.28223,1.08981,0.25760,0.95000,1.00000,0.14000,0.94604,0.02800,0.48837,0.00000,0.00000,0.00000,1.02000,-1.00000,0.00000,1.00000,0.00000,0.00000,17.00000,0.00000,1.06000,0.18000,1.00000,1.00000
12.20000,0.00000,-2.45804,0.80913,16.45040,0.00000,0.09377,0.00000,0.00522,35.11908,0.00042,0.00006,1.02680,0.00000,0.96642,0.00656,0.29477,1.09694,0.26106,0.95000,1.00000,0.14000,0.95673,0.02800,0.48679,0.00000,0.00000,0.00000,1.02000,-1.00000,0.00000,1.00000,0.00000,0.00000,17.00000,0.00000,1.06000,0.18000,1.00000,1.00000
12.23333,0.00000,-2.54620,0.85129,16.18766,0.00000,0.08826,0.00000,0.00512,35.32442,-0.00027,0.00010,1.02796,0.00000,0.96956,0.00679,0.30758,1.09742,0.26452,0.95000,1.00000,0.14000,0.96748,0.02800,0.48522,0.00000,0.00000,0.00000,1.02000,-1.00000,0.00000,1.00000,0.00000,0.00000,17.00000,0.00000,1.06000,0.18000,1.00000,1.00000
12.26667,0.00000,-2.60989,0.88486,15.79998,0.00000,0.08276,0.00000,0.00656,35.81632,0.00010,-0.00036,1.04133,0.00142,0.98664,0.00789,0.32066,1.17123,0.30253,0.95000,1.00000,0.14000,0.99930,0.02800,0.47117,0.00000,0.00000,0.00000,1.02000,-1.00000,0.00000,1.00000,0.00000,0.00000,17.00000,0.00000,1.06716,0.18000,1.00000,1.00000
12.30000,0.00000,-2.69533,0.92546,15.57153,0.00000,0.07725,0.00000,0.00533,35.97102,0.00027,0.00027,1.03923,0.00103,0.98603,0.00790,0.33401,1.15134,0.29692,0.95000,1.00000,0.14000,1.00461,0.02800,0.47302,0.00000,0.00000,0.00000,1.02000,-1.00000,0.00000,1.00000,0.00000,0.00000,17.00000,0.00000,1.06521,0.18000,1.00000,1.00000
12.33333,0.00000,-2.77563,0.96406,15.33285,0.00000,0.07174,0.00000,0.00410,36.15758,-0.00026,-0.00007,1.03806,0.00075,0.98644,0.00798,0.34764,1.13662,0.29369,0.95000,1.00000,0.14000,1.01145,0.02800,0.47393,0.00000,0.00000,0.00000,1.02000,-1.00000,0.00000,1.00000,0.00000,0.00000,17.00000,0.00000,1.06380,0.18000,1.00000,1.00000
12.36667,0.00000,-2.85107,1.00074,15.08673,0.00000,0.06623,0.00000,0.00399,36.37109,-0.00001,-0.00013,1.03756,0.00055,0.98758,0.00811,0.36154,1.12562,0.29221,0.95000,1.00000,0.14000,1.01942,0.02800,0.47416,0.00000,0.00000,0.00000,1.02000,-1.00000,0.00000,1.00000,0.00000,0.00000,17.00000,0.00000,1.06276,0.18000,1.00000,1.00000
12.40000,0.00000,-2.92188,1.03558,14.83523,0.00000,0.06072,0.00000,0.00440,36.60813,0.00022,0.00022,1.03758,0.00040,0.98926,0.00827,0.37571,1.11726,0.29204,0.95000,1.00000,0.14000,1.02824,0.02800,0.47389,0.00000,0.00000,0.00000,1.02000,-1.00000,0.00000,1.00000,0.00000,0.00000,17.00000,0.00000,1.06201,0.18000,1.00000,1.00000
12.43333,0.00000,-2.98823,1.06862,14.57985,0.00000,0.05522,0.00000,0.00446,36.86634,-0.00023,-0.00022,1.03796,0.00029,0.99134,0.00914,0.39015,1.11078,0.29281,0.95000,1.00000,0.23064,1.03770,0.02800,0.47327,0.00000,0.00000,0.00000,1.02000,-1.00000,0.00000,1.00000,0.00000,0.00000,17.00000,0.00000,1.06146,0.18000,1.00000,1.00000
12.46667,0.00000,-3.05026,1.09990,14.32166,0.00000,0.04971,0.00000,0.00406,37.14416,-0.00008,0.00007,1.03862,0.00021,0.99371,0.00871,0.40487,1.10560,0.29430,0.95000,1.00000,0.14312,1.04765,0.02800,0.47238,0.00000,0.00000,0.00000,1.02000,-1.00000,0.00000,1.00000,0.00000,0.00000,17.00000,0.00000,1.06107,0.18000,1.00000,1.00000
12.50000,0.00000,-3.10808,1.12947,14.06148,0.00000,0.04420,0.00000,0.00361,37.44064,0.00033,0.00011,1.03949,0.00015,0.99629,0.00893,0.41986,1.10131,0.29630,0.95000,1.00000,0.14000,1.05797,0.02800,0.47131,0.00000,0.00000,0.00000,1.02000,-1.00000,0.00000,1.00000,0.00000,0.00000,17.00000,0.00000,1.06078,0.18000,1.00000,1.00000
12.53333,0.00000,-3.16177,1.15734,13.79990,0.00000,0.03869,0.00000,0.00336,37.75525,-0.00038,-0.00023,1.04052,0.00011,0.99902,0.00922,0.43512,1.09758,0.29869,0.95000,1.00000,0.14582,1.06858,0.02800,0.47010,0.00000,0.00000,0.00000,1.02000,-1.00000,0.00000,1.00000,0.00000,0.00000,17.00000,0.00000,1.06057,0.18000,1.00000,1.00000
12.56667,0.00000,-3.21138,1.18353,13.53734,0.00000,0.03318,0.00000,0.00323,38.08781,0.00012,0.00020,1.04167,0.00008,1.00186,0.00944,0.45065,1.09421,0.30136,0.95000,1.00000,0.14000,1.07942,0.02800,0.46879,0.00000,0.00000,0.00000,1.02000,-1.00000,0.00000,1.00000,0.00000,0.00000,17.00000,0.00000,1.06041,0.18000,1.00000,1.00000
12.60000,0.00000,-3.25697,1.20806,13.27415,0.00000,0.02768,0.00000,0.00304,38.43843,0.00013,-0.00006,1.04291,0.00006,1.00479,0.01017,0.46645,1.09102,0.30423,0.95000,1.00000,0.20172,1.09045,0.02800,0.46740,0.00000,0.00000,0.00000,1.02000,-1.00000,0.00000,1.00000,0.00000,0.00000,17.00000,0.00000,1.06030,0.18000,1.00000,1.00000
12.63333,0.00000,-3.29858,1.23095,13.01058,0.00000,0.02217,0.00000,0.00274,38.80738,-0.00016,-0.00011,1.04424,0.00004,1.00777,0.01000,0.48253,1.08790,0.30727,0.95000,1.00000,0.14000,1.10162,0.02800,0.46597,0.00000,0.00000,0.00000,1.02000,-1.00000,0.00000,1.00000,0.00000,0.00000,17.00000,0.00000,1.06022,0.18000,1.00000,1.00000
12.66667,0.00000,-3.33624,1.25219,12.74681,0.00000,0.01666,0.00000,0.00241,39.19515,-0.00010,0.00023,1.04562,0.00003,1.01080,0.01029,0.49888,1.08475,0.31041,0.95000,1.00000,0.14000,1.11292,0.02800,0.46449,0.00000,0.00000,0.00000,1.02000,-1.00000,0.00000,1.00000,0.00000,0.00000,17.00000,0.00000,1.06016,0.18000,1.00000,1.00000
12.70000,0.00000,-3.37041,1.27196,12.48458,0.00000,0.01115,0.00000,0.00215,39.59743,0.00037,-0.00021,1.04686,0.00000,1.01363,0.01057,0.51551,1.08033,0.31299,0.95000,1.00000,0.14000,1.12394,0.02800,0.46319,0.00000,0.00000,0.00000,1.02000,-1.00000,0.00000,1.00000,0.00000,0.00000,17.00000,0.00000,1.06000,0.18000,1.00000,1.00000
12.73333,0.00000,-3.40013,1.28990,12.22040,0.00000,0.00565,0.00000,0.00186,40.02607,-0.00029,0.00006,1.04840,0.00000,1.01677,0.01088,0.53240,1.07726,0.31645,0.95000,1.00000,0.14000,1.13555,0.02800,0.46161,0.00000,0.00000,0.00000,1.02000,-1.00000,0.00000,1.00000,0.00000,0.00000,17.00000,0.00000,1.06000,0.18000,1.00000,1.00000
12.76667,0.00000,-3.42599,1.30622,11.95654,0.00000,0.00014,0.00000,0.00156,40.47538,0.00006,0.00009,1.04996,0.00000,1.01992,0.01182,0.54957,1.07393,0.31991,0.95000,1.00000,0.22502,1.14721,0.02800,0.46004,0.00000,0.00000,0.00000,1.02000,-1.00000,0.00000,1.00000,0.00000,0.00000,17.00000,0.00000,1.06000,0.18000,1.00000,1.00000
12.80000,0.00000,8.89788,0.99675,-6.89059,0.00000,0.28000,0.00000,-0.05359,43.16700,0.00225,-0.00208,1.02490,0.65341,1.02929,0.00296,0.23431,1.10906,0.31590,1.00000,1.00000,0.14000,0.64724,0.02800,0.42628,0.00000,0.00000,0.00000,1.02000,-1.00000,0.00000,1.00000,0.00000,0.00000,17.00000,0.00000,1.07464,0.18000,1.00000,1.00000
12.83333,0.00000,8.94989,1.01167,-6.86816,0.00000,0.28000,0.00000,-0.06013,43.06127,-0.00239,0.00175,1.01812,0.44172,1.02132,0.00248,0.17057,1.07202,0.29797,1.00000,1.00000,0.14000,0.63983,0.02800,0.43273,0.00000,0.00000,0.00000,1.02000,-1.00000,0.00000,1.00000,0.00000,0.00000,17.00000,0.00000,1.07066,0.18000,1.00000,1.00000
12.86667,0.00000,8.99141,1.02547,-6.83745,0.00000,0.28000,0.00000,-0.06191,43.00425,0.00034,-0.00054,1.01319,0.29863,1.01552,0.00213,0.12418,1.04472,0.28492,1.00000,1.00000,0.14000,0.63444,0.02800,0.43743,0.00000,0.00000,0.00000,1.02000,-1.00000,0.00000,1.00000,0.00000,0.00000,17.00000,0.00000,1.06776,0.18000,1.00000,1.00000
12.90000,0.00000,9.02512,1.03842,-6.80069,0.00000,0.28000,0.00000,-0.05989,42.98284,0.00126,-0.00057,1.00961,0.20190,1.01130,0.00188,0.09040,1.02454,0.27543,1.00000,1.00000,0.14000,0.63051,0.02800,0.44085,0.00000,0.00000,0.00000,1.02000,-1.00000,0.00000,1.00000,0.00000,0.00000,17.00000,0.00000,1.06565,0.18000,1.00000,1.00000
12.93333,0.00000,9.05298,1.05072,-6.75952,0.00000,0.28000,0.00000,-0.05856,42.98749,-0.00108,0.00107,1.00699,0.13651,1.00823,0.00170,0.06581,1.00957,0.26851,1.00000,1.00000,0.14081,0.62765,0.02800,0.44334,0.00000,0.00000,0.00000,1.02000,-1.00000,0.00000,1.00000,0.00000,0.00000,17.00000,0.00000,1.06411,0.18000,1.00000,1.00000
12.96667,0.00000,9.07649,1.06252,-6.71515,0.00000,0.28000,0.00000,-0.05959,43.01120,-0.00030,-0.00089,1.00509,0.09230,1.00599,0.00156,0.04791,0.99841,0.26347,1.00000,1.00000,0.14000,0.62557,0.02800,0.44515,0.00000,0.00000,0.00000,1.02000,-1.00000,0.00000,1.00000,0.00000,0.00000,17.00000,0.00000,1.06299,0.18000,1.00000,1.00000
13.00000,0.00000,9.09672,1.07395,-6.66845,0.00000,0.28000,0.00000,-0.06137,43.04890,0.00139,0.00030,1.00371,0.06242,1.00436,0.00146,0.03488,0.99002,0.25981,1.00000,1.00000,0.14000,0.62405,0.02800,0.44647,0.00000,0.00000,0.00000,1.02000,-1.00000,0.00000,1.00000,0.00000,0.00000,17.00000,0.00000,1.06218,0.18000,1.00000,1.00000
13.03333,0.00000,9.11447,1.08509,-6.62008,0.00000,0.28000,0.00000,-0.06228,43.09686,-0.00140,0.00030,1.00270,0.04221,1.00317,0.00139,0.02539,0.98365,0.25714,1.00000,1.00000,0.14000,0.62295,0.02800,0.44743,0.00000,0.00000,0.00000,1.02000,-1.00000,0.00000,1.00000,0.00000,0.00000,17.00000,0.00000,1.06159,0.18000,1.00000,1.00000
13.06667,0.00000,9.13033,1.09601,-6.57050,0.00000,0.28000,0.00000,-0.06236,43.15237,0.00052,-0.00068,1.00196,0.02855,1.00231,0.00135,0.01848,0.97876,0.25520,1.00000,1.00000,0.14062,0.62215,0.02800,0.44813,0.00000,0.00000,0.00000,1.02000,-1.00000,0.00000,1.00000,0.00000,0.00000,17.00000,0.00000,1.06116,0.18000,1.00000,1.00000
13.10000,0.00000,9.14473,1.10674,-6.52006,0.00000,0.28000,0.00000,-0.06249,43.21347,0.00042,0.00061,1.00143,0.01931,1.00168,0.00130,0.01346,0.97493,0.25378,1.00000,1.00000,0.14000,0.62156,0.02800,0.44864,0.00000,0.00000,0.00000,1.02000,-1.00000,0.00000,1.00000,0.00000,0.00000,17.00000,0.00000,1.06084,0.18000,1.00000,1.00000
13.13333,0.00000,9.15799,1.11734,-6.46899,0.00000,0.28000,0.00000,-0.06308,43.27870,-0.00053,-0.00023,1.00104,0.01306,1.00122,0.00127,0.00980,0.97188,0.25276,1.00000,1.00000,0.14000,0.62114,0.02800,0.44901,0.00000,0.00000,0.00000,1.02000,-1.00000,0.00000,1.00000,0.00000,0.00000,17.00000,0.00000,1.06061,0.18000,1.00000,1.00000
13.16667,0.00000,9.17033,1.12781,-6.41749,0.00000,0.28000,0.00000,-0.06386,43.34703,-0.00011,-0.00016,1.00076,0.00883,1.00089,0.00125,0.00713,0.96940,0.25201,1.00000,1.00000,0.14000,0.62083,0.02800,0.44928,0.00000,0.00000,0.00000,1.02000,-1.00000,0.00000,1.00000,0.00000,0.00000,17.00000,0.00000,1.06045,0.18000,1.00000,1.00000
13.20000,0.00000,9.18193,1.13819,-6.36568,0.00000,0.28000,0.00000,-0.06447,43.41769,0.00045,0.00027,1.00055,0.00598,1.00065,0.00124,0.00519,0.96734,0.25146,1.00000,1.00000,0.14000,0.62060,0.02800,0.44947,0.00000,0.00000,0.00000,1.02000,-1.00000,0.00000,1.00000,0.00000,0.00000,17.00000,0.00000,1.06032,0.18000,1.00000,1.00000
13.23333,0.00000,9.19529,1.14878,-6.31529,0.00000,0.28000,0.00000,-0.06484,43.47920,-0.00043,-0.00024,1.00000,0.00396,1.00000,0.00120,0.00000,0.96343,0.25000,1.00000,1.00000,0.14000,0.62000,0.02800,0.45000,0.00000,0.00000,0.00000,1.02000,-1.00000,0.00000,1.00000,0.00000,0.00000,17.00000,0.00000,1.06000,0.18000,1.00000,1.00000
13.26667,0.00000,9.20508,1.15891,-6.26266,0.00000,0.28000,0.00000,-0.06533,43.55594,0.00009,0.00010,1.00000,0.00267,1.00000,0.00120,0.00000,0.96246,0.25000,1.00000,1.00000,0.14000,0.62000,0.02800,0.45000,0.00000,0.00000,0.00000,1.02000,-1.00000,0.00000,1.00000,0.00000,0.00000,17.00000,0.00000,1.06000,0.18000,1.00000,1.00000
13.30000,0.00000,8.85693,1.12363,-5.96902,0.00000,0.28000,0.00000,-0.05252,45.33067,0.00301,0.00096,1.06241,0.01322,1.07342,0.00767,0.58736,1.28615,0.41520,1.00000,1.00000,0.29343,0.68828,0.02800,0.39053,0.00000,0.00000,0.00000,1.02000,-1.00000,0.00000,1.00000,0.00000,0.00000,17.00000,0.00000,1.09671,0.18000,1.00000,1.00000
13.33333,0.00000,8.96038,1.14538,-5.98164,0.00000,0.28000,0.00000,-0.06736,44.94890,-0.00440,-0.00261,1.04543,0.00962,1.05345,0.00441,0.42760,1.19798,0.37026,1.00000,1.00000,0.14000,0.66971,0.02800,0.40671,0.00000,0.00000,0.00000,1.02000,-1.00000,0.00000,1.00000,0.00000,0.00000,17.00000,0.00000,1.08672,0.18000,1.00000,1.00000
13.36667,0.00000,9.03925,1.16413,-5.97704,0.00000,0.28000,0.00000,-0.07425,44.69138,0.00109,0.00205,1.03307,0.00700,1.03891,0.00353,0.31129,1.13297,0.33755,1.00000,1.00000,0.14000,0.65619,0.02800,0.41848,0.00000,0.00000,0.00000,1.02000,-1.00000,0.00000,1.00000,0.00000,0.00000,17.00000,0.00000,1.07946,0.18000,1.00000,1.00000
13.40000,0.00000,9.09956,1.18061,-5.95961,0.00000,0.28000,0.00000,-0.07016,44.52470,0.00149,-0.00071,1.02408,0.00510,1.02833,0.00298,0.22662,1.08509,0.31374,1.00000,1.00000,0.14588,0.64634,0.02800,0.42706,0.00000,0.00000,0.00000,1.02000,-1.00000,0.00000,1.00000,0.00000,0.00000,17.00000,0.00000,1.07416,0.18000,1.00000,1.00000
13.43333,0.00000,9.14593,1.19535,-5.93271,0.00000,0.28000,0.00000,-0.06495,44.42441,-0.00149,-0.00057,1.01753,0.00371,1.02062,0.00244,0.16498,1.04982,0.29640,1.00000,1.00000,0.14000,0.63918,0.02800,0.43330,0.00000,0.00000,0.00000,1.02000,-1.00000,0.00000,1.00000,0.00000,0.00000,17.00000,0.00000,1.07031,0.18000,1.00000,1.00000
13.46667,0.00000,9.18190,1.20879,-5.89887,0.00000,0.28000,0.00000,-0.06500,44.37265,-0.00035,0.00113,1.01276,0.00270,1.01501,0.00210,0.12010,1.02381,0.28378,1.00000,1.00000,0.14000,0.63396,0.02800,0.43784,0.00000,0.00000,0.00000,1.02000,-1.00000,0.00000,1.00000,0.00000,0.00000,17.00000,0.00000,1.06751,0.18000,1.00000,1.00000
13.50000,0.00000,9.21011,1.22124,-5.85998,0.00000,0.28000,0.00000,-0.06816,44.35637,0.00197,-0.00102,1.00929,0.00197,1.01093,0.00197,0.08743,1.00458,0.27459,1.00000,1.00000,0.14848,0.63016,0.02800,0.44115,0.00000,0.00000,0.00000,1.02000,-1.00000,0.00000,1.00000,0.00000,0.00000,17.00000,0.00000,1.06546,0.18000,1.00000,1.00000
13.53333,0.00000,9.23254,1.23295,-5.81741,0.00000,0.28000,0.00000,-0.06999,44.36606,-0.00217,0.00041,1.00676,0.00143,1.00796,0.00168,0.06365,0.99030,0.26790,1.00000,1.00000,0.14000,0.62740,0.02800,0.44356,0.00000,0.00000,0.00000,1.02000,-1.00000,0.00000,1.00000,0.00000,0.00000,17.00000,0.00000,1.06398,0.18000,1.00000,1.00000
13.56667,0.00000,9.25066,1.24411,-5.77218,0.00000,0.28000,0.00000,-0.06952,44.39477,0.00084,0.00034,1.00492,0.00104,1.00579,0.00155,0.04634,0.97963,0.26303,1.00000,1.00000,0.14000,0.62539,0.02800,0.44531,0.00000,0.00000,0.00000,1.02000,-1.00000,0.00000,1.00000,0.00000,0.00000,17.00000,0.00000,1.06290,0.18000,1.00000,1.00000
13.60000,0.00000,9.26554,1.25484,-5.72505,0.00000,0.28000,0.00000,-0.06860,44.43742,0.00055,-0.00078,1.00358,0.00076,1.00422,0.00150,0.03373,0.97160,0.25949,1.00000,1.00000,0.14369,0.62392,0.02800,0.44658,0.00000,0.00000,0.00000,1.02000,-1.00000,0.00000,1.00000,0.00000,0.00000,17.00000,0.00000,1.06211,0.18000,1.00000,1.00000
13.63333,0.00000,9.27797,1.26524,-5.67654,0.00000,0.28000,0.00000,-0.06867,44.49033,-0.00078,0.00071,1.00261,0.00055,1.00307,0.00146,0.02456,0.96548,0.25691,1.00000,1.00000,0.14572,0.62285,0.02800,0.44751,0.00000,0.00000,0.00000,1.02000,-1.00000,0.00000,1.00000,0.00000,0.00000,17.00000,0.00000,1.06153,0.18000,1.00000,1.00000
13.66667,0.00000,9.28854,1.27539,-5.62706,0.00000,0.28000,0.00000,-0.06941,44.55078,-0.00004,-0.00025,1.00190,0.00040,1.00223,0.00133,0.01788,0.96077,0.25503,1.00000,1.00000,0.14000,0.62208,0.02800,0.44819,0.00000,0.00000,0.00000,1.02000,-1.00000,0.00000,1.00000,0.00000,0.00000,17.00000,0.00000,1.06112,0.18000,1.00000,1.00000
13.70000,0.00000,9.29768,1.28535,-5.57688,0.00000,0.28000,0.00000,-0.06992,44.61682,0.00058,-0.00014,1.00138,0.00029,1.00163,0.00130,0.01302,0.95707,0.25366,1.00000,1.00000,0.14000,0.62151,0.02800,0.44868,0.00000,0.00000,0.00000,1.02000,-1.00000,0.00000,1.00000,0.00000,0.00000,17.00000,0.00000,1.06081,0.18000,1.00000,1.00000
13.73333,0.00000,9.30569,1.29514,-5.52623,0.00000,0.28000,0.00000,-0.06994,44.68701,-0.00055,0.00030,1.00101,0.00021,1.00118,0.00127,0.00948,0.95412,0.25266,1.00000,1.00000,0.14000,0.62110,0.02800,0.44904,0.00000,0.00000,0.00000,1.02000,-1.00000,0.00000,1.00000,0.00000,0.00000,17.00000,0.00000,1.06059,0.18000,1.00000,1.00000
13.76667,0.00000,9.31722,1.30543,-5.47783,0.00000,0.28000,0.00000,-0.06987,44.73986,0.00009,-0.00025,1.00000,0.00000,1.00000,0.00120,0.00000,0.94786,0.25000,1.00000,1.00000,0.14000,0.62000,0.02800,0.45000,0.00000,0.00000,0.00000,1.02000,-1.00000,0.00000,1.00000,0.00000,0.00000,17.00000,0.00000,1.06000,0.18000,1.00000,1.00000
13.80000,0.00000,9.32241,1.31483,-5.42589,0.00000,0.28000,0.00000,-0.06995,44.82104,0.00034,0.00010,1.00000,0.00000,1.00000,0.00120,0.00000,0.94688,0.25000,1.00000,1.00000,0.14000,0.62000,0.02800,0.45000,0.00000,0.00000,0.00000,1.02000,-1.00000,0.00000,1.00000,0.00000,0.00000,17.00000,0.00000,1.06000,0.18000,1.00000,1.00000
13.83333,0.00000,9.76326,1.92346,-1.53740,0.00000,0.28000,0.00000,-0.06840,48.22635,-0.00233,0.00046,1.02768,0.00586,1.03256,0.00555,0.26050,1.05585,0.32327,1.00000,1.00000,0.31794,0.65028,0.02800,0.42362,0.00000,0.00000,0.00000,1.02000,-1.00000,0.00000,1.00000,0.00000,0.00000,17.00000,0.00000,1.07628,0.18000,1.00000,1.00000
13.86667,0.00000,9.79628,1.93996,-1.49851,0.00000,0.28000,0.00000,-0.07396,48.09211,0.00116,-0.00136,1.02015,0.00427,1.02371,0.00262,0.18964,1.01726,0.30334,1.00000,1.00000,0.14000,0.64205,0.02800,0.43080,0.00000,0.00000,0.00000,1.02000,-1.00000,0.00000,1.00000,0.00000,0.00000,17.00000,0.00000,1.07185,0.18000,1.00000,1.00000
13.90000,0.00000,9.81650,1.95400,-1.45748,0.00000,0.28000,0.00000,-0.07273,48.01773,0.00085,0.00117,1.01467,0.00311,1.01726,0.00227,0.13806,0.98882,0.28883,1.00000,1.00000,0.14276,0.63605,0.02800,0.43602,0.00000,0.00000,0.00000,1.02000,-1.00000,0.00000,1.00000,0.00000,0.00000,17.00000,0.00000,1.06863,0.18000,1.00000,1.00000
13.93333,0.00000,9.82722,1.96621,-1.41496,0.00000,0.28000,0.00000,-0.06915,47.98711,-0.00104,-0.00042,1.01068,0.00226,1.01256,0.00197,0.10051,0.96781,0.27827,1.00000,1.00000,0.14109,0.63168,0.02800,0.43982,0.00000,0.00000,0.00000,1.02000,-1.00000,0.00000,1.00000,0.00000,0.00000,17.00000,0.00000,1.06628,0.18000,1.00000,1.00000
13.96667,0.00000,9.83090,1.97705,-1.37142,0.00000,0.28000,0.00000,-0.06801,47.98851,-0.00019,-0.00033,1.00777,0.00165,1.00915,0.00175,0.07317,0.95224,0.27058,1.00000,1.00000,0.14000,0.62851,0.02800,0.44259,0.00000,0.00000,0.00000,1.02000,-1.00000,0.00000,1.00000,0.00000,0.00000,17.00000,0.00000,1.06457,0.18000,1.00000,1.00000
14.00000,0.00000,9.82936,1.98688,-1.32719,0.00000,0.28000,0.00000,-0.06925,48.01336,0.00148,0.00075,1.00566,0.00120,1.00666,0.00161,0.05327,0.94063,0.26498,1.00000,1.00000,0.14047,0.62619,0.02800,0.44461,0.00000,0.00000,0.00000,1.02000,-1.00000,0.00000,1.00000,0.00000,0.00000,17.00000,0.00000,1.06333,0.18000,1.00000,1.00000
14.03333,0.00000,9.82395,1.99596,-1.28253,0.00000,0.28000,0.00000,-0.07031,48.05539,-0.00164,-0.00070,1.00412,0.00087,1.00485,0.00149,0.03878,0.93192,0.26091,1.00000,1.00000,0.14000,0.62451,0.02800,0.44607,0.00000,0.00000,0.00000,1.02000,-1.00000,0.00000,1.00000,0.00000,0.00000,17.00000,0.00000,1.06242,0.18000,1.00000,1.00000
14.06667,0.00000,9.81566,2.00446,-1.23760,0.00000,0.28000,0.00000,-0.07000,48.11005,0.00068,0.00027,1.00300,0.00064,1.00353,0.00141,0.02823,0.92532,0.25794,1.00000,1.00000,0.14000,0.62328,0.02800,0.44714,0.00000,0.00000,0.00000,1.02000,-1.00000,0.00000,1.00000,0.00000,0.00000,17.00000,0.00000,1.06176,0.18000,1.00000,1.00000
14.10000,0.00000,9.80521,2.01254,-1.19253,0.00000,0.28000,0.00000,-0.06908,48.17400,0.00042,0.00023,1.00218,0.00046,1.00257,0.00135,0.02055,0.92025,0.25578,1.00000,1.00000,0.14000,0.62239,0.02800,0.44792,0.00000,0.00000,0.00000,1.02000,-1.00000,0.00000,1.00000,0.00000,0.00000,17.00000,0.00000,1.06128,0.18000,1.00000,1.00000
14.13333,0.00000,9.79313,2.02029,-1.14741,0.00000,0.28000,0.00000,-0.06857,48.24481,-0.00074,-0.00056,1.00159,0.00034,1.00187,0.00131,0.01496,0.91630,0.25421,1.00000,1.00000,0.14000,0.62174,0.02800,0.44849,0.00000,0.00000,0.00000,1.02000,-1.00000,0.00000,1.00000,0.00000,0.00000,17.00000,0.00000,1.06094,0.18000,1.00000,1.00000
14.16667,0.00000,9.77980,2.02779,-1.10230,0.00000,0.28000,0.00000,-0.06855,48.32072,0.00012,0.00055,1.00116,0.00025,1.00136,0.00128,0.01089,0.91317,0.25306,1.00000,1.00000,0.14000,0.62127,0.02800,0.44890,0.00000,0.00000,0.00000,1.02000,-1.00000,0.00000,1.00000,0.00000,0.00000,17.00000,0.00000,1.06068,0.18000,1.00000,1.00000
14.20000,0.00000,9.76551,2.03510,-1.05725,0.00000,0.28000,0.00000,-0.06851,48.40043,0.00078,-0.00025,1.00084,0.00018,1.00099,0.00126,0.00793,0.91063,0.25223,1.00000,1.00000,0.14000,0.62092,0.02800,0.44920,0.00000,0.00000,0.00000,1.02000,-1.00000,0.00000,1.00000,0.00000,0.00000,17.00000,0.00000,1.06050,0.18000,1.00000,1.00000
14.23333,0.00000,9.75046,2.04225,-1.01229,0.00000,0.28000,0.00000,-0.06818,48.48301,-0.00103,-0.00024,1.00061,0.00013,1.00072,0.00124,0.00577,0.90852,0.25162,1.00000,1.00000,0.14000,0.62067,0.02800,0.44942,0.00000,0.00000,0.00000,1.02000,-1.00000,0.00000,1.00000,0.00000,0.00000,17.00000,0.00000,1.06036,0.18000,1.00000,1.00000
14.26667,0.00000,9.73481,2.04928,-0.96744,0.00000,0.28000,0.00000,-0.06770,48.56775,0.00022,0.00061,1.00045,0.00009,1.00053,0.00123,0.00420,0.90672,0.25118,1.00000,1.00000,0.14000,0.62049,0.02800,0.44957,0.00000,0.00000,0.00000,1.02000,-1.00000,0.00000,1.00000,0.00000,0.00000,17.00000,0.00000,1.06026,0.18000,1.00000,1.00000
14.30000,0.00000,9.72070,2.05663,-0.92291,0.00000,0.28000,0.00000,-0.06733,48.64438,0.00087,-0.00059,1.00000,0.00000,1.00000,0.00120,0.00000,0.90352,0.25000,1.00000,1.00000,0.14000,0.62000,0.02800,0.45000,0.00000,0.00000,0.00000,1.02000,-1.00000,0.00000,1.00000,0.00000,0.00000,17.00000,0.00000,1.06000,0.18000,1.00000,1.00000
14.33333,0.00000,9.70356,2.06336,-0.87828,0.00000,0.28000,0.00000,-0.06693,48.73477,-0.00125,0.00025,1.00000,0.00000,1.00000,0.00120,0.00000,0.90256,0.25000,1.00000,1.00000,0.14000,0.62000,0.02800,0.45000,0.00000,0.00000,0.00000,1.02000,-1.00000,0.00000,1.00000,0.00000,0.00000,17.00000,0.00000,1.06000,0.18000,1.00000,1.00000
14.36667,0.00000,9.22846,1.97220,-0.79440,0.00000,0.28000,0.00000,-0.07725,51.13579,0.00459,0.00164,1.07666,0.01623,1.09019,0.00805,0.72150,1.27379,0.45292,1.00000,1.00000,0.24722,0.70387,0.02800,0.37695,0.00000,0.00000,0.00000,1.02000,-1.00000,0.00000,1.00000,0.00000,0.00000,17.00000,0.00000,1.10509,0.18000,1.00000,1.00000
14.40000,0.00000,9.33171,2.00429,-0.76199,0.00000,0.28000,0.00000,-0.07862,50.60276,0.00147,-0.00273,1.05581,0.01182,1.06566,0.00514,0.52525,1.17318,0.39773,1.00000,1.00000,0.14000,0.68106,0.02800,0.39682,0.00000,0.00000,0.00000,1.02000,-1.00000,0.00000,1.00000,0.00000,0.00000,17.00000,0.00000,1.09283,0.18000,1.00000,1.00000
14.43333,0.00000,9.40372,2.02989,-0.72628,0.00000,0.28000,0.00000,-0.06597,50.23835,-0.00217,0.00209,1.04063,0.00860,1.04780,0.00407,0.38238,1.09888,0.35754,1.00000,1.00000,0.14000,0.66445,0.02800,0.41128,0.00000,0.00000,0.00000,1.02000,-1.00000,0.00000,1.00000,0.00000,0.00000,17.00000,0.00000,1.08390,0.18000,1.00000,1.00000
14.46667,0.00000,9.45209,2.05056,-0.68825,0.00000,0.28000,0.00000,-0.05866,49.99732,-0.00014,-0.00061,1.02958,0.00626,1.03480,0.00329,0.27837,1.04411,0.32829,1.00000,1.00000,0.14000,0.65236,0.02800,0.42182,0.00000,0.00000,0.00000,1.02000,-1.00000,0.00000,1.00000,0.00000,0.00000,17.00000,0.00000,1.07740,0.18000,1.00000,1.00000
14.50000,0.00000,9.48271,2.06750,-0.64859,0.00000,0.28000,0.00000,-0.06133,49.84653,0.00157,-0.00034,1.02153,0.00456,1.02533,0.00272,0.20265,1.00377,0.30700,1.00000,1.00000,0.14000,0.64356,0.02800,0.42948,0.00000,0.00000,0.00000,1.02000,-1.00000,0.00000,1.00000,0.00000,0.00000,17.00000,0.00000,1.07267,0.18000,1.00000,1.00000
14.53333,0.00000,9.50011,2.08164,-0.60785,0.00000,0.28000,0.00000,-0.06597,49.76173,-0.00148,0.00064,1.01568,0.00332,1.01844,0.00259,0.14753,0.97403,0.29149,1.00000,1.00000,0.16122,0.63715,0.02800,0.43506,0.00000,0.00000,0.00000,1.02000,-1.00000,0.00000,1.00000,0.00000,0.00000,17.00000,0.00000,1.06922,0.18000,1.00000,1.00000
14.56667,0.00000,9.50771,2.09371,-0.56639,0.00000,0.28000,0.00000,-0.06625,49.72519,0.00107,-0.00097,1.01141,0.00242,1.01343,0.00201,0.10740,0.95207,0.28021,1.00000,1.00000,0.14000,0.63249,0.02800,0.43913,0.00000,0.00000,0.00000,1.02000,-1.00000,0.00000,1.00000,0.00000,0.00000,17.00000,0.00000,1.06671,0.18000,1.00000,1.00000
14.60000,0.00000,9.50805,2.10423,-0.52449,0.00000,0.28000,0.00000,-0.06338,49.72397,0.00063,0.00040,1.00831,0.00176,1.00977,0.00179,0.07819,0.93579,0.27199,1.00000,1.00000,0.14000,0.62909,0.02800,0.44208,0.00000,0.00000,0.00000,1.02000,-1.00000,0.00000,1.00000,0.00000,0.00000,17.00000,0.00000,1.06489,0.18000,1.00000,1.00000
14.63333,0.00000,9.50302,2.11359,-0.48233,0.00000,0.28000,0.00000,-0.06128,49.74860,-0.00115,0.00031,1.00605,0.00128,1.00712,0.00163,0.05692,0.92367,0.26601,1.00000,1.00000,0.14000,0.62662,0.02800,0.44424,0.00000,0.00000,0.00000,1.02000,-1.00000,0.00000,1.00000,0.00000,0.00000,17.00000,0.00000,1.06356,0.18000,1.00000,1.00000
14.66667,0.00000,9.49402,2.12210,-0.44006,0.00000,0.28000,0.00000,-0.06122,49.79220,0.00035,-0.00070,1.00440,0.00093,1.00518,0.00151,0.04144,0.91457,0.26165,1.00000,1.00000,0.14000,0.62482,0.02800,0.44580,0.00000,0.00000,0.00000,1.02000,-1.00000,0.00000,1.00000,0.00000,0.00000,17.00000,0.00000,1.06259,0.18000,1.00000,1.00000
14.70000,0.00000,9.48206,2.12996,-0.39775,0.00000,0.28000,0.00000,-0.06172,49.84972,0.00066,0.00065,1.00321,0.00068,1.00377,0.00143,0.03017,0.90769,0.25848,1.00000,1.00000,0.14000,0.62351,0.02800,0.44695,0.00000,0.00000,0.00000,1.02000,-1.00000,0.00000,1.00000,0.00000,0.00000,17.00000,0.00000,1.06189,0.18000,1.00000,1.00000
14.73333,0.00000,9.46789,2.13735,-0.35548,0.00000,0.28000,0.00000,-0.06141,49.91749,-0.00096,-0.00028,1.00233,0.00049,1.00275,0.00137,0.02196,0.90242,0.25618,1.00000,1.00000,0.14016,0.62255,0.02800,0.44778,0.00000,0.00000,0.00000,1.02000,-1.00000,0.00000,1.00000,0.00000,0.00000,17.00000,0.00000,1.06137,0.18000,1.00000,1.00000
14.76667,0.00000,9.45207,2.14437,-0.31330,0.00000,0.28000,0.00000,-0.06040,49.99284,0.00021,-0.00024,1.00170,0.00036,1.00200,0.00132,0.01599,0.89831,0.25450,1.00000,1.00000,0.14000,0.62186,0.02800,0.44838,0.00000,0.00000,0.00000,1.02000,-1.00000,0.00000,1.00000,0.00000,0.00000,17.00000,0.00000,1.06100,0.18000,1.00000,1.00000
14.80000,0.00000,9.43499,2.15111,-0.27123,0.00000,0.28000,0.00000,-0.05949,50.07381,0.00082,0.00056,1.00124,0.00026,1.00145,0.00129,0.01164,0.89506,0.25327,1.00000,1.00000,0.14000,0.62135,0.02800,0.44882,0.00000,0.00000,0.00000,1.02000,-1.00000,0.00000,1.00000,0.00000,0.00000,17.00000,0.00000,1.06073,0.18000,1.00000,1.00000
14.83333,0.00000,9.42243,2.15889,-0.22943,0.00000,0.28000,0.00000,-0.05916,50.13109,-0.00090,-0.00042,1.00000,0.00000,1.00000,0.00120,0.00000,0.88801,0.25000,1.00000,1.00000,0.14000,0.62000,0.02800,0.45000,0.00000,0.00000,0.00000,1.02000,-1.00000,0.00000,1.00000,0.00000,0.00000,17.00000,0.00000,1.06000,0.18000,1.00000,1.00000
14.86667,0.00000,9.40213,2.16491,-0.18759,0.00000,0.28000,0.00000,-0.05860,50.22697,0.00032,0.00012,1.00000,0.00000,1.00000,0.00120,0.00000,0.88703,0.25000,1.00000,1.00000,0.14000,0.62000,0.02800,0.45000,0.00000,0.00000,0.00000,1.02000,-1.00000,0.00000,1.00000,0.00000,0.00000,17.00000,0.00000,1.06000,0.18000,1.00000,1.00000
14.90000,0.00000,12.33983,10.56856,7.74339,0.00000,-0.38000,0.00000,0.04210,54.75933,0.00080,0.00085,1.04194,0.00888,1.04935,0.00486,0.39476,1.49607,0.36103,1.00000,1.00000,0.19213,0.66589,0.02800,0.41003,0.00000,0.00000,0.00000,1.02000,-1.00000,0.00000,1.00000,0.00000,0.00000,17.00000,0.00000,1.08467,0.18000,1.00000,1.00000
14.93333,0.00000,12.38844,10.60278,7.84999,0.00000,-0.38000,0.00000,0.04980,54.46256,-0.00230,-0.00228,1.03053,0.00647,1.03592,0.00336,0.28738,1.41554,0.33083,1.00000,1.00000,0.14000,0.65341,0.02800,0.42090,0.00000,0.00000,0.00000,1.02000,-1.00000,0.00000,1.00000,0.00000,0.00000,17.00000,0.00000,1.07796,0.18000,1.00000,1.00000
14.96667,0.00000,12.41284,10.61651,7.94212,0.00000,-0.38000,0.00000,0.05697,54.27070,0.00010,0.00193,1.02223,0.00471,1.02615,0.00277,0.20921,1.35691,0.30884,1.00000,1.00000,0.14000,0.64432,0.02800,0.42882,0.00000,0.00000,0.00000,1.02000,-1.00000,0.00000,1.00000,0.00000,0.00000,17.00000,0.00000,1.07308,0.18000,1.00000,1.00000
15.00000,0.00000,12.41923,10.61505,8.02335,0.00000,-0.38000,0.00000,0.05692,54.15547,0.00231,-0.00072,1.01618,0.00343,1.01904,0.00234,0.15231,1.31423,0.29284,1.00000,1.00000,0.14000,0.63771,0.02800,0.43458,0.00000,0.00000,0.00000,1.02000,-1.00000,0.00000,1.00000,0.00000,0.00000,17.00000,0.00000,1.06952,0.18000,1.00000,1.00000
15.03333,0.00000,12.41225,10.60243,8.09637,0.00000,-0.38000,0.00000,0.05364,54.09619,-0.00267,-0.00046,1.01178,0.00249,1.01386,0.00203,0.11088,1.28316,0.28118,1.00000,1.00000,0.14000,0.63289,0.02800,0.43877,0.00000,0.00000,0.00000,1.02000,-1.00000,0.00000,1.00000,0.00000,0.00000,17.00000,0.00000,1.06693,0.18000,1.00000,1.00000
15.06667,0.00000,12.39539,10.58164,8.16325,0.00000,-0.38000,0.00000,0.05263,54.07783,0.00109,0.00102,1.00858,0.00182,1.01009,0.00181,0.08072,1.26054,0.27270,1.00000,1.00000,0.14000,0.62938,0.02800,0.44183,0.00000,0.00000,0.00000,1.02000,-1.00000,0.00000,1.00000,0.00000,0.00000,17.00000,0.00000,1.06504,0.18000,1.00000,1.00000
15.10000,0.00000,12.37122,10.55488,8.22551,0.00000,-0.38000,0.00000,0.05441,54.08938,0.00048,-0.00076,1.00624,0.00132,1.00735,0.00164,0.05876,1.24407,0.26653,1.00000,1.00000,0.14000,0.62683,0.02800,0.44405,0.00000,0.00000,0.00000,1.02000,-1.00000,0.00000,1.00000,0.00000,0.00000,17.00000,0.00000,1.06367,0.18000,1.00000,1.00000
15.13333,0.00000,12.34165,10.52378,8.28429,0.00000,-0.38000,0.00000,0.05631,54.12283,-0.00065,0.00022,1.00455,0.00096,1.00535,0.00152,0.04278,1.23208,0.26203,1.00000,1.00000,0.14000,0.62497,0.02800,0.44567,0.00000,0.00000,0.00000,1.02000,-1.00000,0.00000,1.00000,0.00000,0.00000,17.00000,0.00000,1.06267,0.18000,1.00000,1.00000
15.16667,0.00000,12.30805,10.48955,8.34043,0.00000,-0.38000,0.00000,0.05678,54.17233,0.00026,0.00012,1.00331,0.00070,1.00389,0.00143,0.03114,1.22336,0.25876,1.00000,1.00000,0.14000,0.62362,0.02800,0.44685,0.00000,0.00000,0.00000,1.02000,-1.00000,0.00000,1.00000,0.00000,0.00000,17.00000,0.00000,1.06195,0.18000,1.00000,1.00000
15.20000,0.00000,12.27145,10.45304,8.39456,0.00000,-0.38000,0.00000,0.05647,54.23363,0.00023,-0.00031,1.00241,0.00051,1.00283,0.00137,0.02267,1.21700,0.25638,1.00000,1.00000,0.14000,0.62264,0.02800,0.44770,0.00000,0.00000,0.00000,1.02000,-1.00000,0.00000,1.00000,0.00000,0.00000,17.00000,0.00000,1.06142,0.18000,1.00000,1.00000
15.23333,0.00000,12.23260,10.41490,8.44714,0.00000,-0.38000,0.00000,0.05652,54.30362,-0.00047,0.00039,1.00175,0.00037,1.00206,0.00300,0.01651,1.21238,0.25464,1.00000,1.00000,0.26451,0.62192,0.02800,0.44833,0.00000,0.00000,0.00000,1.02000,-1.00000,0.00000,1.00000,0.00000,0.00000,17.00000,0.00000,1.06103,0.18000,1.00000,1.00000
15.26667,0.00000,12.19204,10.37559,8.49850,0.00000,-0.38000,0.00000,0.05714,54.38003,0.00016,-0.00026,1.00128,0.00027,1.00150,0.00142,0.01202,1.20901,0.25338,1.00000,1.00000,0.14957,0.62140,0.02800,0.44878,0.00000,0.00000,0.00000,1.02000,-1.00000,0.00000,1.00000,0.00000,0.00000,17.00000,0.00000,1.06075,0.18000,1.00000,1.00000
15.30000,0.00000,12.15015,10.33545,8.54889,0.00000,-0.38000,0.00000,0.05782,54.46121,0.00079,-0.00020,1.00093,0.00020,1.00109,0.00129,0.00875,1.20656,0.25246,1.00000,1.00000,0.14185,0.62102,0.02800,0.44911,0.00000,0.00000,0.00000,1.02000,-1.00000,0.00000,1.00000,0.00000,0.00000,17.00000,0.00000,1.06055,0.18000,1.00000,1.00000
15.33333,0.00000,12.10724,10.29471,8.59849,0.00000,-0.38000,0.00000,0.05819,54.54595,-0.00128,0.00060,1.00068,0.00014,1.00080,0.00125,0.00637,1.20478,0.25179,1.00000,1.00000,0.14000,0.62074,0.02800,0.44936,0.00000,0.00000,0.00000,1.02000,-1.00000,0.00000,1.00000,0.00000,0.00000,17.00000,0.00000,1.06040,0.18000,1.00000,1.00000
15.36667,0.00000,12.06735,10.25683,8.65019,0.00000,-0.38000,0.00000,0.05836,54.61621,0.00077,-0.00063,1.00000,0.00000,1.00000,0.00120,0.00000,1.20000,0.25000,1.00000,1.00000,0.14000,0.62000,0.02800,0.45000,0.00000,0.00000,0.00000,1.02000,-1.00000,0.00000,1.00000,0.00000,0.00000,17.00000,0.00000,1.06000,0.18000,1.00000,1.00000
15.40000,0.00000,12.02189,10.21450,8.69784,0.00000,-0.38000,0.00000,0.05866,54.71034,0.00012,0.00031,1.00000,0.00000,1.00000,0.00124,0.00000,1.20000,0.25000,1.00000,1.00000,0.14273,0.62000,0.02800,0.45000,0.00000,0.00000,0.00000,1.02000,-1.00000,0.00000,1.00000,0.00000,0.00000,17.00000,0.00000,1.06000,0.18000,1.00000,1.00000
15.43333,0.00000,11.53980,9.80159,8.42656,0.00000,-0.38000,0.00000,0.04969,56.84724,-0.00351,0.00115,1.05844,0.01238,1.06875,0.00533,0.55002,1.61251,0.40469,1.00000,1.00000,0.14000,0.68394,0.02800,0.39431,0.00000,0.00000,0.00000,1.02000,-1.00000,0.00000,1.00000,0.00000,0.00000,17.00000,0.00000,1.09438,0.18000,1.00000,1.00000
15.46667,0.00000,11.61056,9.85862,8.55671,0.00000,-0.38000,0.00000,0.06394,56.38928,0.00061,-0.00276,1.04254,0.00901,1.05005,0.00420,0.40041,1.50031,0.36262,1.00000,1.00000,0.14000,0.66655,0.02800,0.40946,0.00000,0.00000,0.00000,1.02000,-1.00000,0.00000,1.00000,0.00000,0.00000,17.00000,0.00000,1.08503,0.18000,1.00000,1.00000
15.50000,0.00000,11.65045,9.88967,8.66538,0.00000,-0.38000,0.00000,0.06658,56.08116,0.00266,0.00238,1.03097,0.00656,1.03644,0.00339,0.29150,1.41862,0.33198,1.00000,1.00000,0.14000,0.65389,0.02800,0.42049,0.00000,0.00000,0.00000,1.02000,-1.00000,0.00000,1.00000,0.00000,0.00000,17.00000,0.00000,1.07822,0.18000,1.00000,1.00000
15.53333,0.00000,11.66721,9.90131,8.75774,0.00000,-0.38000,0.00000,0.06050,55.88248,-0.00324,-0.00099,1.02255,0.00477,1.02653,0.00279,0.21221,1.35916,0.30968,1.00000,1.00000,0.14000,0.64467,0.02800,0.42851,0.00000,0.00000,0.00000,1.02000,-1.00000,0.00000,1.00000,0.00000,0.00000,17.00000,0.00000,1.07326,0.18000,1.00000,1.00000
15.56667,0.00000,11.66675,9.89859,8.83782,0.00000,-0.38000,0.00000,0.05635,55.76373,0.00141,-0.00042,1.01641,0.00348,1.01931,0.00236,0.15449,1.31587,0.29345,1.00000,1.00000,0.14000,0.63796,0.02800,0.43436,0.00000,0.00000,0.00000,1.02000,-1.00000,0.00000,1.00000,0.00000,0.00000,17.00000,0.00000,1.06966,0.18000,1.00000,1.00000
15.60000,0.00000,11.65353,9.88531,8.90868,0.00000,-0.38000,0.00000,0.05771,55.70337,0.00080,0.00123,1.01195,0.00253,1.01406,0.00220,0.11247,1.28435,0.28163,1.00000,1.00000,0.15144,0.63307,0.02800,0.43861,0.00000,0.00000,0.00000,1.02000,-1.00000,0.00000,1.00000,0.00000,0.00000,17.00000,0.00000,1.06703,0.18000,1.00000,1.00000
15.63333,0.00000,11.63090,9.86430,8.97264,0.00000,-0.38000,0.00000,0.06068,55.68569,-0.00183,-0.00134,1.00870,0.00184,1.01023,0.00181,0.08187,1.26141,0.27303,1.00000,1.00000,0.14000,0.62952,0.02800,0.44171,0.00000,0.00000,0.00000,1.02000,-1.00000,0.00000,1.00000,0.00000,0.00000,17.00000,0.00000,1.06512,0.18000,1.00000,1.00000
15.66667,0.00000,11.60130,9.83765,9.03141,0.00000,-0.38000,0.00000,0.06146,55.69924,0.00101,0.00066,1.00633,0.00134,1.00745,0.00166,0.05960,1.24470,0.26676,1.00000,1.00000,0.14114,0.62693,0.02800,0.44397,0.00000,0.00000,0.00000,1.02000,-1.00000,0.00000,1.00000,0.00000,0.00000,17.00000,0.00000,1.06373,0.18000,1.00000,1.00000
15.70000,0.00000,11.56656,9.80690,9.08629,0.00000,-0.38000,0.00000,0.06031,55.73565,0.00043,0.00026,1.00461,0.00098,1.00542,0.00153,0.04339,1.23254,0.26220,1.00000,1.00000,0.14000,0.62504,0.02800,0.44561,0.00000,0.00000,0.00000,1.02000,-1.00000,0.00000,1.00000,0.00000,0.00000,17.00000,0.00000,1.06271,0.18000,1.00000,1.00000
15.73333,0.00000,11.52801,9.77319,9.13821,0.00000,-0.38000,0.00000,0.05935,55.78883,-0.00099,-0.00088,1.00336,0.00071,1.00395,0.00161,0.03159,1.22369,0.25888,1.00000,1.00000,0.15258,0.62367,0.02800,0.44680,0.00000,0.00000,0.00000,1.02000,-1.00000,0.00000,1.00000,0.00000,0.00000,17.00000,0.00000,1.06197,0.18000,1.00000,1.00000
15.76667,0.00000,11.48662,9.73733,9.18789,0.00000,-0.38000,0.00000,0.05948,55.85433,0.00025,0.00091,1.00244,0.00052,1.00287,0.00145,0.02300,1.21725,0.25647,1.00000,1.00000,0.14603,0.62267,0.02800,0.44767,0.00000,0.00000,0.00000,1.02000,-1.00000,0.00000,1.00000,0.00000,0.00000,17.00000,0.00000,1.06144,0.18000,1.00000,1.00000
15.80000,0.00000,11.44311,9.69994,9.23584,0.00000,-0.38000,0.00000,0.05999,55.92891,0.00088,-0.00046,1.00178,0.00038,1.00209,0.00139,0.01674,1.21256,0.25471,1.00000,1.00000,0.14481,0.62195,0.02800,0.44830,0.00000,0.00000,0.00000,1.02000,-1.00000,0.00000,1.00000,0.00000,0.00000,17.00000,0.00000,1.06105,0.18000,1.00000,1.00000
15.83333,0.00000,11.39798,9.66145,9.28243,0.00000,-0.38000,0.00000,0.06008,56.01020,-0.00141,-0.00016,1.00129,0.00027,1.00152,0.00129,0.01219,1.20914,0.25343,1.00000,1.00000,0.14000,0.62142,0.02800,0.44877,0.00000,0.00000,0.00000,1.02000,-1.00000,0.00000,1.00000,0.00000,0.00000,17.00000,0.00000,1.06076,0.18000,1.00000,1.00000
15.86667,0.00000,11.35855,9.62804,9.33364,0.00000,-0.38000,0.00000,0.05964,56.06278,0.00087,0.00063,1.00000,0.00000,1.00000,0.00122,0.00000,1.20000,0.25000,1.00000,1.00000,0.14130,0.62000,0.02800,0.45000,0.00000,0.00000,0.00000,1.02000,-1.00000,0.00000,1.00000,0.00000,0.00000,17.00000,0.00000,1.06000,0.18000,1.00000,1.00000
15.90000,0.00000,11.30933,9.58660,9.37676,0.00000,-0.38000,0.00000,0.05947,56.16193,0.00007,-0.00078,1.00000,0.00000,1.00000,0.00125,0.00000,1.20000,0.25000,1.00000,1.00000,0.14374,0.62000,0.02800,0.45000,0.00000,0.00000,0.00000,1.02000,-1.00000,0.00000,1.00000,0.00000,0.00000,17.00000,0.00000,1.06000,0.18000,1.00000,1.00000
15.93333,0.00000,11.25987,9.54522,9.41956,0.00000,-0.38000,0.00000,0.05927,56.26142,-0.00062,0.00044,1.00000,0.00000,1.00000,0.00120,0.00000,1.20000,0.25000,1.00000,1.00000,0.14000,0.62000,0.02800,0.45000,0.00000,0.00000,0.00000,1.02000,-1.00000,0.00000,1.00000,0.00000,0.00000,17.00000,0.00000,1.06000,0.18000,1.00000,1.00000
15.96667,0.00000,10.81614,9.16983,9.12946,0.00000,-0.38000,0.00000,0.06099,58.38329,0.00129,0.00067,1.05630,0.01192,1.06624,0.00517,0.52991,1.59743,0.39904,1.00000,1.00000,0.14000,0.68160,0.02800,0.39635,0.00000,0.00000,0.00000,1.02000,-1.00000,0.00000,1.00000,0.00000,0.00000,17.00000,0.00000,1.09312,0.18000,1.00000,1.00000
16.00000,0.00000,10.87193,9.21816,9.25867,0.00000,-0.38000,0.00000,0.06826,57.93635,0.00139,-0.00142,1.04099,0.00868,1.04822,0.00409,0.38577,1.48933,0.35850,1.00000,1.00000,0.14000,0.66485,0.02800,0.41094,0.00000,0.00000,0.00000,1.02000,-1.00000,0.00000,1.00000,0.00000,0.00000,17.00000,0.00000,1.08411,0.18000,1.00000,1.00000
16.03333,0.00000,10.89969,9.24298,9.36525,0.00000,-0.38000,0.00000,0.06204,57.63775,-0.00169,0.00122,1.02984,0.00632,1.03510,0.00331,0.28084,1.41063,0.32899,1.00000,1.00000,0.14000,0.65265,0.02800,0.42157,0.00000,0.00000,0.00000,1.02000,-1.00000,0.00000,1.00000,0.00000,0.00000,17.00000,0.00000,1.07755,0.18000,1.00000,1.00000
16.06667,0.00000,10.90647,9.25029,9.45471,0.00000,-0.38000,0.00000,0.05488,57.44751,0.00074,-0.00059,1.02172,0.00460,1.02556,0.00273,0.20445,1.35334,0.30750,1.00000,1.00000,0.14000,0.64377,0.02800,0.42930,0.00000,0.00000,0.00000,1.02000,-1.00000,0.00000,1.00000,0.00000,0.00000,17.00000,0.00000,1.07278,0.18000,1.00000,1.00000
16.10000,0.00000,10.89767,9.24464,9.53129,0.00000,-0.38000,0.00000,0.05439,57.33640,0.00042,-0.00011,1.01581,0.00335,1.01860,0.00232,0.14884,1.31163,0.29186,1.00000,1.00000,0.14000,0.63730,0.02800,0.43493,0.00000,0.00000,0.00000,1.02000,-1.00000,0.00000,1.00000,0.00000,0.00000,17.00000,0.00000,1.06930,0.18000,1.00000,1.00000
16.13333,0.00000,10.87734,9.22947,9.59821,0.00000,-0.38000,0.00000,0.05758,57.28314,-0.00154,0.00095,1.01151,0.00244,1.01354,0.00346,0.10835,1.28127,0.28047,1.00000,1.00000,0.24725,0.63260,0.02800,0.43903,0.00000,0.00000,0.00000,1.02000,-1.00000,0.00000,1.00000,0.00000,0.00000,17.00000,0.00000,1.06677,0.18000,1.00000,1.00000
16.16667,0.00000,10.84851,9.20734,9.65790,0.00000,-0.38000,0.00000,0.05899,57.27216,0.00121,-0.00135,1.00838,0.00177,1.00986,0.00179,0.07888,1.25916,0.27219,1.00000,1.00000,0.14000,0.62917,0.02800,0.44201,0.00000,0.00000,0.00000,1.02000,-1.00000,0.00000,1.00000,0.00000,0.00000,17.00000,0.00000,1.06493,0.18000,1.00000,1.00000
16.20000,0.00000,10.81341,9.18014,9.71217,0.00000,-0.38000,0.00000,0.05756,57.29212,0.00020,0.00076,1.00610,0.00129,1.00718,0.00163,0.05742,1.24307,0.26615,1.00000,1.00000,0.14000,0.62668,0.02800,0.44419,0.00000,0.00000,0.00000,1.02000,-1.00000,0.00000,1.00000,0.00000,0.00000,17.00000,0.00000,1.06359,0.18000,1.00000,1.00000
16.23333,0.00000,10.77368,9.14926,9.76237,0.00000,-0.38000,0.00000,0.05569,57.33476,-0.00087,0.00011,1.00444,0.00094,1.00523,0.00156,0.04181,1.23135,0.26176,1.00000,1.00000,0.14369,0.62486,0.02800,0.44577,0.00000,0.00000,0.00000,1.02000,-1.00000,0.00000,1.00000,0.00000,0.00000,17.00000,0.00000,1.06261,0.18000,1.00000,1.00000
16.26667,0.00000,10.73053,9.11573,9.80949,0.00000,-0.38000,0.00000,0.05508,57.39402,0.00028,-0.00080,1.00323,0.00068,1.00380,0.00143,0.03043,1.22283,0.25856,1.00000,1.00000,0.14000,0.62354,0.02800,0.44692,0.00000,0.00000,0.00000,1.02000,-1.00000,0.00000,1.00000,0.00000,0.00000,17.00000,0.00000,1.06190,0.18000,1.00000,1.00000
16.30000,0.00000,10.68483,9.08027,9.85426,0.00000,-0.38000,0.00000,0.05530,57.46552,0.00087,0.00100,1.00235,0.00050,1.00277,0.00137,0.02216,1.21662,0.25623,1.00000,1.00000,0.14000,0.62258,0.02800,0.44776,0.00000,0.00000,0.00000,1.02000,-1.00000,0.00000,1.00000,0.00000,0.00000,17.00000,0.00000,1.06138,0.18000,1.00000,1.00000
16.33333,0.00000,10.63723,9.04344,9.89722,0.00000,-0.38000,0.00000,0.05523,57.54604,-0.00156,-0.00067,1.00171,0.00036,1.00202,0.00132,0.01613,1.21210,0.25454,1.00000,1.00000,0.14000,0.62188,0.02800,0.44837,0.00000,0.00000,0.00000,1.02000,-1.00000,0.00000,1.00000,0.00000,0.00000,17.00000,0.00000,1.06101,0.18000,1.00000,1.00000
16.36667,0.00000,10.58819,9.00562,9.93876,0.00000,-0.38000,0.00000,0.05456,57.63325,0.00113,-0.00006,1.00125,0.00026,1.00147,0.00129,0.01174,1.20881,0.25330,1.00000,1.00000,0.14000,0.62137,0.02800,0.44881,0.00000,0.00000,0.00000,1.02000,-1.00000,0.00000,1.00000,0.00000,0.00000,17.00000,0.00000,1.06073,0.18000,1.00000,1.00000
16.40000,0.00000,10.54425,8.97239,9.98505,0.00000,-0.38000,0.00000,0.05384,57.69204,0.00004,0.00070,1.00000,0.00000,1.00000,0.00120,0.00000,1.20000,0.25000,1.00000,1.00000,0.14000,0.62000,0.02800,0.45000,0.00000,0.00000,0.00000,1.02000,-1.00000,0.00000,1.00000,0.00000,0.00000,17.00000,0.00000,1.06000,0.18000,1.00000,1.00000
16.43333,0.00000,10.49157,8.93194,10.02298,0.00000,-0.38000,0.00000,0.05331,57.79699,-0.00072,-0.00094,1.00000,0.00000,1.00000,0.00120,0.00000,1.20000,0.25000,1.00000,1.00000,0.14000,0.62000,0.02800,0.45000,0.00000,0.00000,0.00000,1.02000,-1.00000,0.00000,1.00000,0.00000,0.00000,17.00000,0.00000,1.06000,0.18000,1.00000,1.00000
16.46667,0.00000,10.43869,8.89156,10.06057,0.00000,-0.38000,0.00000,0.05277,57.90233,0.00040,0.00063,1.00000,0.00000,1.00000,0.00124,0.00000,1.20000,0.25000,1.00000,1.00000,0.14312,0.62000,0.02800,0.45000,0.00000,0.00000,0.00000,1.02000,-1.00000,0.00000,1.00000,0.00000,0.00000,17.00000,0.00000,1.06000,0.18000,1.00000,1.00000
16.50000,0.00000,9.96997,8.49701,9.69370,0.00000,-0.38000,0.00000,0.06523,60.38705,0.00270,0.00007,1.06443,0.01364,1.07580,0.00575,0.60639,1.63178,0.42055,1.00000,1.00000,0.14000,0.69049,0.02800,0.38860,0.00000,0.00000,0.00000,1.02000,-1.00000,0.00000,1.00000,0.00000,0.00000,17.00000,0.00000,1.09790,0.18000,1.00000,1.00000
16.53333,0.00000,10.02799,8.55146,9.83622,0.00000,-0.38000,0.00000,0.06016,59.84957,-0.00276,-0.00175,1.04690,0.00993,1.05518,0.00451,0.44145,1.51736,0.37416,1.00000,1.00000,0.14000,0.67132,0.02800,0.40530,0.00000,0.00000,0.00000,1.02000,-1.00000,0.00000,1.00000,0.00000,0.00000,17.00000,0.00000,1.08759,0.18000,1.00000,1.00000
16.56667,0.00000,10.05668,8.58121,9.95145,0.00000,-0.38000,0.00000,0.04831,59.48650,0.00112,0.00173,1.03415,0.00723,1.04017,0.00361,0.32137,1.43297,0.34039,1.00000,1.00000,0.14000,0.65736,0.02800,0.41746,0.00000,0.00000,0.00000,1.02000,-1.00000,0.00000,1.00000,0.00000,0.00000,17.00000,0.00000,1.08009,0.18000,1.00000,1.00000
16.60000,0.00000,10.06336,8.59248,10.04598,0.00000,-0.38000,0.00000,0.04470,59.25082,0.00061,-0.00092,1.02486,0.00526,1.02924,0.00295,0.23396,1.37082,0.31580,1.00000,1.00000,0.14000,0.64720,0.02800,0.42631,0.00000,0.00000,0.00000,1.02000,-1.00000,0.00000,1.00000,0.00000,0.00000,17.00000,0.00000,1.07462,0.18000,1.00000,1.00000
16.63333,0.00000,10.05367,8.59005,10.12491,0.00000,-0.38000,0.00000,0.04864,59.10820,-0.00125,0.00003,1.01810,0.00383,1.02129,0.00248,0.17032,1.32504,0.29790,1.00000,1.00000,0.14000,0.63980,0.02800,0.43276,0.00000,0.00000,0.00000,1.02000,-1.00000,0.00000,1.00000,0.00000,0.00000,17.00000,0.00000,1.07065,0.18000,1.00000,1.00000
16.66667,0.00000,10.03186,8.57752,10.19214,0.00000,-0.38000,0.00000,0.05187,59.03359,0.00141,0.00101,1.01317,0.00279,1.01550,0.00285,0.12399,1.29127,0.28487,1.00000,1.00000,0.19372,0.63441,0.02800,0.43745,0.00000,0.00000,0.00000,1.02000,-1.00000,0.00000,1.00000,0.00000,0.00000,17.00000,0.00000,1.06775,0.18000,1.00000,1.00000
16.70000,0.00000,10.00112,8.55761,10.25063,0.00000,-0.38000,0.00000,0.05074,59.00870,0.00001,-0.00155,1.00959,0.00203,1.01128,0.00188,0.09027,1.26631,0.27539,1.00000,1.00000,0.14000,0.63049,0.02800,0.44086,0.00000,0.00000,0.00000,1.02000,-1.00000,0.00000,1.00000,0.00000,0.00000,17.00000,0.00000,1.06564,0.18000,1.00000,1.00000
16.73333,0.00000,9.96379,8.53231,10.30256,0.00000,-0.38000,0.00000,0.04790,59.02018,-0.00088,0.00104,1.00698,0.00148,1.00821,0.00172,0.06571,1.24778,0.26848,1.00000,1.00000,0.14174,0.62764,0.02800,0.44335,0.00000,0.00000,0.00000,1.02000,-1.00000,0.00000,1.00000,0.00000,0.00000,17.00000,0.00000,1.06411,0.18000,1.00000,1.00000
16.76667,0.00000,9.92162,8.50309,10.34960,0.00000,-0.38000,0.00000,0.04654,59.05831,0.00035,-0.00009,1.00508,0.00108,1.00598,0.00156,0.04784,1.23394,0.26345,1.00000,1.00000,0.14000,0.62556,0.02800,0.44516,0.00000,0.00000,0.00000,1.02000,-1.00000,0.00000,1.00000,0.00000,0.00000,17.00000,0.00000,1.06299,0.18000,1.00000,1.00000
16.80000,0.00000,9.87589,8.47105,10.39293,0.00000,-0.38000,0.00000,0.04681,59.11598,0.00080,-0.00073,1.00370,0.00078,1.00435,0.00146,0.03483,1.22353,0.25979,1.00000,1.00000,0.14000,0.62405,0.02800,0.44647,0.00000,0.00000,0.00000,1.02000,-1.00000,0.00000,1.00000,0.00000,0.00000,17.00000,0.00000,1.06218,0.18000,1.00000,1.00000
16.83333,0.00000,9.82751,8.43696,10.43346,0.00000,-0.38000,0.00000,0.04710,59.18801,-0.00146,0.00107,1.00269,0.00057,1.00317,0.00139,0.02535,1.21561,0.25713,1.00000,1.00000,0.14000,0.62295,0.02800,0.44743,0.00000,0.00000,0.00000,1.02000,-1.00000,0.00000,1.00000,0.00000,0.00000,17.00000,0.00000,1.06158,0.18000,1.00000,1.00000
16.86667,0.00000,9.77717,8.40141,10.47184,0.00000,-0.38000,0.00000,0.04653,59.27063,0.00103,-0.00079,1.00196,0.00042,1.00231,0.00134,0.01846,1.20951,0.25519,1.00000,1.00000,0.14000,0.62215,0.02800,0.44813,0.00000,0.00000,0.00000,1.02000,-1.00000,0.00000,1.00000,0.00000,0.00000,17.00000,0.00000,1.06115,0.18000,1.00000,1.00000
16.90000,0.00000,9.72536,8.36482,10.50856,0.00000,-0.38000,0.00000,0.04556,59.36108,0.00001,0.00012,1.00143,0.00030,1.00168,0.00130,0.01344,1.20473,0.25378,1.00000,1.00000,0.14000,0.62156,0.02800,0.44864,0.00000,0.00000,0.00000,1.02000,-1.00000,0.00000,1.00000,0.00000,0.00000,17.00000,0.00000,1.06084,0.18000,1.00000,1.00000
16.93333,0.00000,9.67895,8.33308,10.55105,0.00000,-0.38000,0.00000,0.04510,59.41804,-0.00066,0.00054,1.00000,0.00000,1.00000,0.00120,0.00000,1.19406,0.25000,1.00000,1.00000,0.14000,0.62000,0.02800,0.45000,0.00000,0.00000,0.00000,1.02000,-1.00000,0.00000,1.00000,0.00000,0.00000,17.00000,0.00000,1.06000,0.18000,1.00000,1.00000
16.96667,0.00000,9.62340,8.29369,10.58349,0.00000,-0.38000,0.00000,0.04461,59.52933,0.00048,-0.00089,1.00000,0.00000,1.00000,0.00121,0.00000,1.19281,0.25000,1.00000,1.00000,0.14042,0.62000,0.02800,0.45000,0.00000,0.00000,0.00000,1.02000,-1.00000,0.00000,1.00000,0.00000,0.00000,17.00000,0.00000,1.06000,0.18000,1.00000,1.00000
17.00000,0.00000,9.56768,8.25436,10.61557,0.00000,-0.38000,0.00000,0.04414,59.64102,0.00030,0.00073,1.00000,0.00000,1.00000,0.00120,0.00000,1.19156,0.25000,1.00000,1.00000,0.14000,0.62000,0.02800,0.45000,0.00000,0.00000,0.00000,1.02000,-1.00000,0.00000,1.00000,0.00000,0.00000,17.00000,0.00000,1.06000,0.18000,1.00000,1.00000
17.03333,0.00000,-4.09342,-0.65849,8.29996,0.00000,0.20000,0.00000,0.09517,44.69530,-0.00521,-0.00096,1.05179,0.01097,1.06093,0.00486,0.48746,1.13252,0.38710,1.00000,1.00000,0.14000,0.67667,0.02800,0.40064,0.00000,0.00000,0.00000,1.02000,-1.00000,0.00000,1.00000,0.00000,0.00000,17.00000,0.00000,1.09047,0.18000,1.00000,1.00000
17.06667,0.00000,-4.16530,-0.67628,8.34151,0.00000,0.20000,0.00000,0.08321,44.37560,0.00264,-0.00266,1.03770,0.00798,1.04436,0.00386,0.35487,1.06499,0.34981,1.00000,1.00000,0.14000,0.66125,0.02800,0.41407,0.00000,0.00000,0.00000,1.02000,-1.00000,0.00000,1.00000,0.00000,0.00000,17.00000,0.00000,1.08218,0.18000,1.00000,1.00000
17.10000,0.00000,-4.22793,-0.69267,8.36322,0.00000,0.20000,0.00000,0.07675,44.15716,0.00164,0.00366,1.02745,0.00581,1.03229,0.00314,0.25834,1.01530,0.32266,1.00000,1.00000,0.14000,0.65003,0.02800,0.42384,0.00000,0.00000,0.00000,1.02000,-1.00000,0.00000,1.00000,0.00000,0.00000,17.00000,0.00000,1.07615,0.18000,1.00000,1.00000
17.13333,0.00000,-4.28350,-0.70797,8.37011,0.00000,0.20000,0.00000,0.07956,44.01270,-0.00355,-0.00253,1.01998,0.00423,1.02351,0.00261,0.18807,0.97876,0.30290,1.00000,1.00000,0.14000,0.64186,0.02800,0.43096,0.00000,0.00000,0.00000,1.02000,-1.00000,0.00000,1.00000,0.00000,0.00000,17.00000,0.00000,1.07175,0.18000,1.00000,1.00000
17.16667,0.00000,-4.33372,-0.72244,8.36601,0.00000,0.20000,0.00000,0.08394,43.92227,0.00243,0.00054,1.01455,0.00308,1.01711,0.00223,0.13692,0.95188,0.28851,1.00000,1.00000,0.14000,0.63592,0.02800,0.43614,0.00000,0.00000,0.00000,1.02000,-1.00000,0.00000,1.00000,0.00000,0.00000,17.00000,0.00000,1.06856,0.18000,1.00000,1.00000
17.20000,0.00000,-4.37990,-0.73627,8.35377,0.00000,0.20000,0.00000,0.08420,43.87129,-0.00020,0.00098,1.01059,0.00224,1.01246,0.00245,0.09967,0.93210,0.27803,1.00000,1.00000,0.17741,0.63159,0.02800,0.43991,0.00000,0.00000,0.00000,1.02000,-1.00000,0.00000,1.00000,0.00000,0.00000,17.00000,0.00000,1.06623,0.18000,1.00000,1.00000
17.23333,0.00000,-4.42301,-0.74962,8.33553,0.00000,0.20000,0.00000,0.08167,43.84912,-0.00077,-0.00138,1.00771,0.00163,1.00907,0.00174,0.07256,0.91750,0.27041,1.00000,1.00000,0.14000,0.62844,0.02800,0.44265,0.00000,0.00000,0.00000,1.02000,-1.00000,0.00000,1.00000,0.00000,0.00000,17.00000,0.00000,1.06454,0.18000,1.00000,1.00000
17.26667,0.00000,-4.46380,-0.76260,8.31287,0.00000,0.20000,0.00000,0.07999,43.84799,0.00039,0.00108,1.00561,0.00119,1.00660,0.00160,0.05282,0.90668,0.26486,1.00000,1.00000,0.14000,0.62614,0.02800,0.44465,0.00000,0.00000,0.00000,1.02000,-1.00000,0.00000,1.00000,0.00000,0.00000,17.00000,0.00000,1.06330,0.18000,1.00000,1.00000
17.30000,0.00000,-4.50280,-0.77529,8.28695,0.00000,0.20000,0.00000,0.08025,43.86225,0.00050,-0.00024,1.00409,0.00087,1.00481,0.00149,0.03846,0.89863,0.26082,1.00000,1.00000,0.14000,0.62447,0.02800,0.44611,0.00000,0.00000,0.00000,1.02000,-1.00000,0.00000,1.00000,0.00000,0.00000,17.00000,0.00000,1.06240,0.18000,1.00000,1.00000
17.33333,0.00000,-4.54042,-0.78776,8.25860,0.00000,0.20000,0.00000,0.08101,43.88776,-0.00075,-0.00030,1.00297,0.00063,1.00350,0.00141,0.02800,0.89260,0.25787,1.00000,1.00000,0.14000,0.62325,0.02800,0.44717,0.00000,0.00000,0.00000,1.02000,-1.00000,0.00000,1.00000,0.00000,0.00000,17.00000,0.00000,1.06175,0.18000,1.00000,1.00000
17.36667,0.00000,-4.57697,-0.80006,8.22846,0.00000,0.20000,0.00000,0.08102,43.92151,0.00074,0.00076,1.00217,0.00046,1.00255,0.00359,0.02038,0.88803,0.25573,1.00000,1.00000,0.30632,0.62237,0.02800,0.44794,0.00000,0.00000,0.00000,1.02000,-1.00000,0.00000,1.00000,0.00000,0.00000,17.00000,0.00000,1.06127,0.18000,1.00000,1.00000
17.40000,0.00000,-4.61266,-0.81222,8.19697,0.00000,0.20000,0.00000,0.08043,43.96130,-0.00000,-0.00098,1.00158,0.00033,1.00185,0.00131,0.01484,0.88453,0.25417,1.00000,1.00000,0.14000,0.62172,0.02800,0.44850,0.00000,0.00000,0.00000,1.02000,-1.00000,0.00000,1.00000,0.00000,0.00000,17.00000,0.00000,1.06093,0.18000,1.00000,1.00000
17.43333,0.00000,-4.64767,-0.82426,8.16447,0.00000,0.20000,0.00000,0.07999,44.00554,-0.00081,0.00035,1.00115,0.00024,1.00135,0.00128,0.01080,0.88180,0.25304,1.00000,1.00000,0.14000,0.62126,0.02800,0.44891,0.00000,0.00000,0.00000,1.02000,-1.00000,0.00000,1.00000,0.00000,0.00000,17.00000,0.00000,1.06068,0.18000,1.00000,1.00000
17.46667,0.00000,-4.68463,-0.83667,8.13558,0.00000,0.20000,0.00000,0.08011,44.03038,0.00062,0.00044,1.00000,0.00000,1.00000,0.00120,0.00000,0.87561,0.25000,1.00000,1.00000,0.14000,0.62000,0.02800,0.45000,0.00000,0.00000,0.00000,1.02000,-1.00000,0.00000,1.00000,0.00000,0.00000,17.00000,0.00000,1.06000,0.18000,1.00000,1.00000
17.50000,0.00000,-4.71790,-0.84842,8.10049,0.00000,0.20000,0.00000,0.08005,44.08647,0.00015,-0.00093,1.00000,0.00000,1.00000,0.00120,0.00000,0.87496,0.25000,1.00000,1.00000,0.14000,0.62000,0.02800,0.45000,0.00000,0.00000,0.00000,1.02000,-1.00000,0.00000,1.00000,0.00000,0.00000,17.00000,0.00000,1.06000,0.18000,1.00000,1.00000
17.53333,0.00000,-4.56701,-0.82685,7.75303,0.00000,0.20000,0.00000,0.09465,45.83056,-0.00479,0.00590,1.06224,0.01318,1.07322,0.00559,0.58576,1.16875,0.41475,1.00000,1.00000,0.14000,0.68809,0.02800,0.39069,0.00000,0.00000,0.00000,1.02000,-1.00000,0.00000,1.00000,0.00000,0.00000,17.00000,0.00000,1.09661,0.18000,1.00000,1.00000
17.56667,0.00000,-4.64747,-0.84700,7.80116,0.00000,0.20000,0.00000,0.08359,45.43020,0.00241,-0.00177,1.04531,0.00959,1.05330,0.00440,0.42643,1.08908,0.36993,1.00000,1.00000,0.14000,0.66957,0.02800,0.40682,0.00000,0.00000,0.00000,1.02000,-1.00000,0.00000,1.00000,0.00000,0.00000,17.00000,0.00000,1.08665,0.18000,1.00000,1.00000
17.60000,0.00000,-4.71562,-0.86502,7.82730,0.00000,0.20000,0.00000,0.07400,45.15337,0.00151,-0.00148,1.03298,0.00698,1.03881,0.00353,0.31044,1.03038,0.33731,1.00000,1.00000,0.14000,0.65609,0.02800,0.41857,0.00000,0.00000,0.00000,1.02000,-1.00000,0.00000,1.00000,0.00000,0.00000,17.00000,0.00000,1.07940,0.18000,1.00000,1.00000
17.63333,0.00000,-4.77439,-0.88140,7.83693,0.00000,0.20000,0.00000,0.07528,44.96684,-0.00335,0.00278,1.02401,0.00508,1.02825,0.00289,0.22600,0.98720,0.31356,1.00000,1.00000,0.14000,0.64627,0.02800,0.42712,0.00000,0.00000,0.00000,1.02000,-1.00000,0.00000,1.00000,0.00000,0.00000,17.00000,0.00000,1.07412,0.18000,1.00000,1.00000
17.66667,0.00000,-4.82605,-0.89653,7.83430,0.00000,0.20000,0.00000,0.08106,44.84626,0.00170,-0.00160,1.01748,0.00370,1.02057,0.00243,0.16453,0.95545,0.29627,1.00000,1.00000,0.14000,0.63913,0.02800,0.43334,0.00000,0.00000,0.00000,1.02000,-1.00000,0.00000,1.00000,0.00000,0.00000,17.00000,0.00000,1.07028,0.18000,1.00000,1.00000
17.70000,0.00000,-4.87234,-0.91071,7.82257,0.00000,0.20000,0.00000,0.08327,44.77385,-0.00019,0.00042,1.01273,0.00269,1.01497,0.00210,0.11977,0.93209,0.28369,1.00000,1.00000,0.14000,0.63392,0.02800,0.43787,0.00000,0.00000,0.00000,1.02000,-1.00000,0.00000,1.00000,0.00000,0.00000,17.00000,0.00000,1.06749,0.18000,1.00000,1.00000
17.73333,0.00000,-4.91458,-0.92417,7.80415,0.00000,0.20000,0.00000,0.08142,44.73662,-0.00087,0.00062,1.00926,0.00196,1.01090,0.00185,0.08720,0.91487,0.27452,1.00000,1.00000,0.14000,0.63014,0.02800,0.44117,0.00000,0.00000,0.00000,1.02000,-1.00000,0.00000,1.00000,0.00000,0.00000,17.00000,0.00000,1.06545,0.18000,1.00000,1.00000
17.76667,0.00000,-4.95376,-0.93709,7.78079,0.00000,0.20000,0.00000,0.07953,44.72509,0.00067,-0.00171,1.00674,0.00143,1.00793,0.00168,0.06348,0.90215,0.26785,1.00000,1.00000,0.14000,0.62738,0.02800,0.44357,0.00000,0.00000,0.00000,1.02000,-1.00000,0.00000,1.00000,0.00000,0.00000,17.00000,0.00000,1.06397,0.18000,1.00000,1.00000
17.80000,0.00000,-4.99062,-0.94959,7.75379,0.00000,0.20000,0.00000,0.07980,44.73233,0.00071,0.00163,1.00491,0.00104,1.00578,0.00155,0.04621,0.89270,0.26300,1.00000,1.00000,0.14000,0.62537,0.02800,0.44532,0.00000,0.00000,0.00000,1.02000,-1.00000,0.00000,1.00000,0.00000,0.00000,17.00000,0.00000,1.06289,0.18000,1.00000,1.00000
17.83333,0.00000,-5.02570,-0.96178,7.72411,0.00000,0.20000,0.00000,0.08117,44.75331,-0.00164,-0.00073,1.00357,0.00076,1.00421,0.00145,0.03364,0.88564,0.25946,1.00000,1.00000,0.14000,0.62391,0.02800,0.44659,0.00000,0.00000,0.00000,1.02000,-1.00000,0.00000,1.00000,0.00000,0.00000,17.00000,0.00000,1.06210,0.18000,1.00000,1.00000
17.86667,0.00000,-5.05940,-0.97373,7.69246,0.00000,0.20000,0.00000,0.08196,44.78433,0.00124,-0.00042,1.00260,0.00055,1.00306,0.00147,0.02449,0.88033,0.25689,1.00000,1.00000,0.14660,0.62285,0.02800,0.44752,0.00000,0.00000,0.00000,1.02000,-1.00000,0.00000,1.00000,0.00000,0.00000,17.00000,0.00000,1.06153,0.18000,1.00000,1.00000
17.90000,0.00000,-5.09203,-0.98548,7.65932,0.00000,0.20000,0.00000,0.08190,44.82271,-0.00000,0.00110,1.00189,0.00040,1.00223,0.00140,0.01783,0.87628,0.25501,1.00000,1.00000,0.14504,0.62207,0.02800,0.44819,0.00000,0.00000,0.00000,1.02000,-1.00000,0.00000,1.00000,0.00000,0.00000,17.00000,0.00000,1.06111,0.18000,1.00000,1.00000
17.93333,0.00000,-5.12381,-0.99709,7.62509,0.00000,0.20000,0.00000,0.08179,44.86650,-0.00086,-0.00113,1.00138,0.00029,1.00162,0.00130,0.01298,0.87316,0.25365,1.00000,1.00000,0.14000,0.62151,0.02800,0.44869,0.00000,0.00000,0.00000,1.02000,-1.00000,0.00000,1.00000,0.00000,0.00000,17.00000,0.00000,1.06081,0.18000,1.00000,1.00000
17.96667,0.00000,-5.15490,-1.00857,7.59002,0.00000,0.20000,0.00000,0.08212,44.91428,0.00077,0.00056,1.00100,0.00021,1.00118,0.00127,0.00945,0.87072,0.25266,1.00000,1.00000,0.14000,0.62110,0.02800,0.44904,0.00000,0.00000,0.00000,1.02000,-1.00000,0.00000,1.00000,0.00000,0.00000,17.00000,0.00000,1.06059,0.18000,1.00000,1.00000
18.00000,0.00000,-5.18786,-1.02044,7.55789,0.00000,0.20000,0.00000,0.08272,44.94480,-0.00001,0.00024,1.00000,0.00000,1.00000,0.00122,0.00000,0.86526,0.25000,1.00000,1.00000,0.14172,0.62000,0.02800,0.45000,0.00000,0.00000,0.00000,1.02000,-1.00000,0.00000,1.00000,0.00000,0.00000,17.00000,0.00000,1.06000,0.18000,1.00000,1.00000
18.03333,0.00000,-5.21723,-1.03162,7.52072,0.00000,0.20000,0.00000,0.08312,45.00318,-0.00065,-0.00092,1.00000,0.00000,1.00000,0.00121,0.00000,0.86461,0.25000,1.00000,1.00000,0.14096,0.62000,0.02800,0.45000,0.00000,0.00000,0.00000,1.02000,-1.00000,0.00000,1.00000,0.00000,0.00000,17.00000,0.00000,1.06000,0.18000,1.00000,1.00000
18.06667,0.00000,-6.90400,-0.36478,4.65105,0.00000,0.20000,0.00000,0.09357,49.47718,0.00329,0.00718,1.06679,0.01414,1.07858,0.00591,0.62863,1.13971,0.42680,1.00000,1.00000,0.14000,0.69308,0.02800,0.38635,0.00000,0.00000,0.00000,1.02000,-1.00000,0.00000,1.00000,0.00000,0.00000,17.00000,0.00000,1.09929,0.18000,1.00000,1.00000
18.10000,0.00000,-6.99584,-0.37998,4.66280,0.00000,0.20000,0.00000,0.07809,49.01561,0.00194,-0.00308,1.04862,0.01030,1.05721,0.00463,0.45764,1.05805,0.37871,1.00000,1.00000,0.14000,0.67320,0.02800,0.40366,0.00000,0.00000,0.00000,1.02000,-1.00000,0.00000,1.00000,0.00000,0.00000,17.00000,0.00000,1.08860,0.18000,1.00000,1.00000
18.13333,0.00000,-7.06739,-0.39426,4.66019,0.00000,0.20000,0.00000,0.07629,48.69541,-0.00459,-0.00079,1.03540,0.00750,1.04165,0.00372,0.33316,0.99785,0.34370,1.00000,1.00000,0.14182,0.65873,0.02800,0.41627,0.00000,0.00000,0.00000,1.02000,-1.00000,0.00000,1.00000,0.00000,0.00000,17.00000,0.00000,1.08082,0.18000,1.00000,1.00000
18.16667,0.00000,-7.12354,-0.40782,4.64685,0.00000,0.20000,0.00000,0.08411,48.47858,0.00340,0.00281,1.02577,0.00546,1.03032,0.00302,0.24254,0.95356,0.31821,1.00000,1.00000,0.14000,0.64820,0.02800,0.42544,0.00000,0.00000,0.00000,1.02000,-1.00000,0.00000,1.00000,0.00000,0.00000,17.00000,0.00000,1.07516,0.18000,1.00000,1.00000
18.20000,0.00000,-7.16810,-0.42080,4.62557,0.00000,0.20000,0.00000,0.08935,48.33729,-0.00071,-0.00282,1.01876,0.00397,1.02207,0.00252,0.17657,0.92098,0.29966,1.00000,1.00000,0.14000,0.64053,0.02800,0.43212,0.00000,0.00000,0.00000,1.02000,-1.00000,0.00000,1.00000,0.00000,0.00000,17.00000,0.00000,1.07104,0.18000,1.00000,1.00000
18.23333,0.00000,-7.20399,-0.43333,4.59844,0.00000,0.20000,0.00000,0.08825,48.25120,-0.00100,0.00139,1.01366,0.00289,1.01607,0.00220,0.12854,0.89702,0.28615,1.00000,1.00000,0.14281,0.63494,0.02800,0.43699,0.00000,0.00000,0.00000,1.02000,-1.00000,0.00000,1.00000,0.00000,0.00000,17.00000,0.00000,1.06803,0.18000,1.00000,1.00000
18.26667,0.00000,-7.23341,-0.44551,4.56704,0.00000,0.20000,0.00000,0.08549,48.20542,0.00084,0.00026,1.00994,0.00211,1.01170,0.00199,0.09358,0.87936,0.27632,1.00000,1.00000,0.14624,0.63088,0.02800,0.44053,0.00000,0.00000,0.00000,1.02000,-1.00000,0.00000,1.00000,0.00000,0.00000,17.00000,0.00000,1.06585,0.18000,1.00000,1.00000
18.30000,0.00000,-7.25798,-0.45743,4.53253,0.00000,0.20000,0.00000,0.08529,48.18908,0.00050,-0.00141,1.00724,0.00153,1.00852,0.00171,0.06812,0.86632,0.26916,1.00000,1.00000,0.14000,0.62792,0.02800,0.44310,0.00000,0.00000,0.00000,1.02000,-1.00000,0.00000,1.00000,0.00000,0.00000,17.00000,0.00000,1.06426,0.18000,1.00000,1.00000
18.33333,0.00000,-7.27893,-0.46912,4.49574,0.00000,0.20000,0.00000,0.08723,48.19426,-0.00143,0.00160,1.00527,0.00112,1.00620,0.00157,0.04959,0.85664,0.26395,1.00000,1.00000,0.14000,0.62577,0.02800,0.44498,0.00000,0.00000,0.00000,1.02000,-1.00000,0.00000,1.00000,0.00000,0.00000,17.00000,0.00000,1.06310,0.18000,1.00000,1.00000
18.36667,0.00000,-7.29715,-0.48065,4.45731,0.00000,0.20000,0.00000,0.08884,48.21518,0.00116,-0.00096,1.00384,0.00081,1.00451,0.00147,0.03610,0.84942,0.26015,1.00000,1.00000,0.14003,0.62420,0.02800,0.44634,0.00000,0.00000,0.00000,1.02000,-1.00000,0.00000,1.00000,0.00000,0.00000,17.00000,0.00000,1.06226,0.18000,1.00000,1.00000
18.40000,0.00000,-7.31331,-0.49204,4.41769,0.00000,0.20000,0.00000,0.08917,48.24761,0.00000,-0.00009,1.00279,0.00059,1.00329,0.00140,0.02628,0.84399,0.25739,1.00000,1.00000,0.14000,0.62306,0.02800,0.44734,0.00000,0.00000,0.00000,1.02000,-1.00000,0.00000,1.00000,0.00000,0.00000,17.00000,0.00000,1.06164,0.18000,1.00000,1.00000
18.43333,0.00000,-7.32789,-0.50332,4.37720,0.00000,0.20000,0.00000,0.08906,48.28848,-0.00102,0.00103,1.00203,0.00043,1.00239,0.00166,0.01913,0.83986,0.25538,1.00000,1.00000,0.16384,0.62222,0.02800,0.44806,0.00000,0.00000,0.00000,1.02000,-1.00000,0.00000,1.00000,0.00000,0.00000,17.00000,0.00000,1.06120,0.18000,1.00000,1.00000
18.46667,0.00000,-7.34125,-0.51451,4.33608,0.00000,0.20000,0.00000,0.08943,48.33554,0.00113,-0.00147,1.00148,0.00031,1.00174,0.00130,0.01393,0.83669,0.25392,1.00000,1.00000,0.14000,0.62162,0.02800,0.44859,0.00000,0.00000,0.00000,1.02000,-1.00000,0.00000,1.00000,0.00000,0.00000,17.00000,0.00000,1.06087,0.18000,1.00000,1.00000
18.50000,0.00000,-7.35365,-0.52562,4.29450,0.00000,0.20000,0.00000,0.09025,48.38716,-0.00020,0.00100,1.00108,0.00023,1.00127,0.00128,0.01014,0.83420,0.25285,1.00000,1.00000,0.14000,0.62118,0.02800,0.44897,0.00000,0.00000,0.00000,1.02000,-1.00000,0.00000,1.00000,0.00000,0.00000,17.00000,0.00000,1.06063,0.18000,1.00000,1.00000
18.53333,0.00000,-7.36902,-0.53694,4.25476,0.00000,0.20000,0.00000,0.09091,48.41899,-0.00062,0.00001,1.00000,0.00000,1.00000,0.00120,0.00000,0.82863,0.25000,1.00000,1.00000,0.14000,0.62000,0.02800,0.45000,0.00000,0.00000,0.00000,1.02000,-1.00000,0.00000,1.00000,0.00000,0.00000,17.00000,0.00000,1.06000,0.18000,1.00000,1.00000
18.56667,0.00000,-7.37901,-0.54786,4.21203,0.00000,0.20000,0.00000,0.09147,48.48276,0.00054,-0.00091,1.00000,0.00000,1.00000,0.00129,0.00000,0.82800,0.25000,1.00000,1.00000,0.14642,0.62000,0.02800,0.45000,0.00000,0.00000,0.00000,1.02000,-1.00000,0.00000,1.00000,0.00000,0.00000,17.00000,0.00000,1.06000,0.18000,1.00000,1.00000
18.60000,0.00000,-7.06339,-0.53415,3.98570,0.00000,0.20000,0.00000,0.08884,50.64562,0.00260,0.00874,1.07119,0.01507,1.08375,0.00630,0.66998,1.14509,0.43843,1.00000,1.00000,0.14580,0.69789,0.02800,0.38216,0.00000,0.00000,0.00000,1.02000,-1.00000,0.00000,1.00000,0.00000,0.00000,17.00000,0.00000,1.10187,0.18000,1.00000,1.00000
18.63333,0.00000,-7.15818,-0.55112,3.99266,0.00000,0.20000,0.00000,0.08051,50.14224,-0.00635,-0.00472,1.05182,0.01097,1.06097,0.00488,0.48774,1.05935,0.38718,1.00000,1.00000,0.14185,0.67670,0.02800,0.40062,0.00000,0.00000,0.00000,1.02000,-1.00000,0.00000,1.00000,0.00000,0.00000,17.00000,0.00000,1.09048,0.18000,1.00000,1.00000
18.66667,0.00000,-7.23092,-0.56659,3.98649,0.00000,0.20000,0.00000,0.08899,49.79211,0.00481,0.00023,1.03773,0.00799,1.04438,0.00386,0.35507,0.99611,0.34986,1.00000,1.00000,0.14000,0.66128,0.02800,0.41405,0.00000,0.00000,0.00000,1.02000,-1.00000,0.00000,1.00000,0.00000,0.00000,17.00000,0.00000,1.08219,0.18000,1.00000,1.00000
18.70000,0.00000,-7.28691,-0.58088,3.97051,0.00000,0.20000,0.00000,0.09806,49.55411,-0.00114,0.00263,1.02746,0.00582,1.03231,0.00319,0.25849,0.94956,0.32270,1.00000,1.00000,0.14385,0.65005,0.02800,0.42383,0.00000,0.00000,0.00000,1.02000,-1.00000,0.00000,1.00000,0.00000,0.00000,17.00000,0.00000,1.07616,0.18000,1.00000,1.00000
18.73333,0.00000,-7.33029,-0.59427,3.94728,0.00000,0.20000,0.00000,0.09849,49.39806,-0.00129,-0.00312,1.01999,0.00423,1.02352,0.00261,0.18818,0.91532,0.30293,1.00000,1.00000,0.14000,0.64188,0.02800,0.43095,0.00000,0.00000,0.00000,1.02000,-1.00000,0.00000,1.00000,0.00000,0.00000,17.00000,0.00000,1.07176,0.18000,1.00000,1.00000
18.76667,0.00000,-7.36423,-0.60696,3.91871,0.00000,0.20000,0.00000,0.09443,49.30189,0.00120,0.00201,1.01456,0.00308,1.01712,0.00223,0.13700,0.89014,0.28853,1.00000,1.00000,0.14000,0.63593,0.02800,0.43613,0.00000,0.00000,0.00000,1.02000,-1.00000,0.00000,1.00000,0.00000,0.00000,17.00000,0.00000,1.06856,0.18000,1.00000,1.00000
18.80000,0.00000,-7.39113,-0.61911,3.88626,0.00000,0.20000,0.00000,0.09277,49.24946,0.00025,-0.00018,1.01060,0.00224,1.01247,0.00195,0.09973,0.87158,0.27805,1.00000,1.00000,0.14000,0.63159,0.02800,0.43990,0.00000,0.00000,0.00000,1.02000,-1.00000,0.00000,1.00000,0.00000,0.00000,17.00000,0.00000,1.06623,0.18000,1.00000,1.00000
18.83333,0.00000,-7.41276,-0.63086,3.85098,0.00000,0.20000,0.00000,0.09463,49.22899,-0.00069,-0.00057,1.00771,0.00163,1.00908,0.00174,0.07260,0.85788,0.27042,1.00000,1.00000,0.14000,0.62844,0.02800,0.44265,0.00000,0.00000,0.00000,1.02000,-1.00000,0.00000,1.00000,0.00000,0.00000,17.00000,0.00000,1.06454,0.18000,1.00000,1.00000
18.86667,0.00000,-7.43047,-0.64229,3.81365,0.00000,0.20000,0.00000,0.09689,49.23187,0.00055,0.00077,1.00562,0.00119,1.00661,0.00160,0.05286,0.84772,0.26487,1.00000,1.00000,0.14000,0.62614,0.02800,0.44465,0.00000,0.00000,0.00000,1.02000,-1.00000,0.00000,1.00000,0.00000,0.00000,17.00000,0.00000,1.06330,0.18000,1.00000,1.00000
18.90000,0.00000,-7.44523,-0.65348,3.77484,0.00000,0.20000,0.00000,0.09747,49.25183,0.00000,-0.00057,1.00409,0.00087,1.00481,0.00149,0.03848,0.84015,0.26082,1.00000,1.00000,0.14000,0.62447,0.02800,0.44610,0.00000,0.00000,0.00000,1.02000,-1.00000,0.00000,1.00000,0.00000,0.00000,17.00000,0.00000,1.06240,0.18000,1.00000,1.00000
18.93333,0.00000,-7.45777,-0.66447,3.73496,0.00000,0.20000,0.00000,0.09700,49.28428,-0.00049,0.00011,1.00298,0.00063,1.00350,0.00141,0.02801,0.83446,0.25788,1.00000,1.00000,0.14000,0.62326,0.02800,0.44716,0.00000,0.00000,0.00000,1.02000,-1.00000,0.00000,1.00000,0.00000,0.00000,17.00000,0.00000,1.06175,0.18000,1.00000,1.00000
18.96667,0.00000,-7.46862,-0.67532,3.69432,0.00000,0.20000,0.00000,0.09689,49.32588,0.00100,0.00068,1.00217,0.00046,1.00255,0.00168,0.02039,0.83015,0.25574,1.00000,1.00000,0.16415,0.62237,0.02800,0.44794,0.00000,0.00000,0.00000,1.02000,-1.00000,0.00000,1.00000,0.00000,0.00000,17.00000,0.00000,1.06127,0.18000,1.00000,1.00000
19.00000,0.00000,-7.47816,-0.68605,3.65314,0.00000,0.20000,0.00000,0.09749,49.37421,-0.00034,-0.00134,1.00158,0.00033,1.00186,0.00132,0.01485,0.82683,0.25418,1.00000,1.00000,0.14101,0.62173,0.02800,0.44850,0.00000,0.00000,0.00000,1.02000,-1.00000,0.00000,1.00000,0.00000,0.00000,17.00000,0.00000,1.06093,0.18000,1.00000,1.00000
19.03333,0.00000,-7.48668,-0.69668,3.61157,0.00000,0.20000,0.00000,0.09821,49.42749,-0.00051,0.00113,1.00115,0.00024,1.00135,0.00128,0.01081,0.82424,0.25304,1.00000,1.00000,0.14000,0.62126,0.02800,0.44891,0.00000,0.00000,0.00000,1.02000,-1.00000,0.00000,1.00000,0.00000,0.00000,17.00000,0.00000,1.06068,0.18000,1.00000,1.00000
19.06667,0.00000,-7.49845,-0.70761,3.57165,0.00000,0.20000,0.00000,0.09840,49.45926,0.00047,-0.00026,1.00000,0.00000,1.00000,0.00128,0.00000,0.81841,0.25000,1.00000,1.00000,0.14621,0.62000,0.02800,0.45000,0.00000,0.00000,0.00000,1.02000,-1.00000,0.00000,1.00000,0.00000,0.00000,17.00000,0.00000,1.06000,0.18000,1.00000,1.00000
19.10000,0.00000,-7.50440,-0.71799,3.52908,0.00000,0.20000,0.00000,0.09869,49.52572,0.00029,-0.00064,1.00000,0.00000,1.00000,0.00124,0.00000,0.81776,0.25000,1.00000,1.00000,0.14302,0.62000,0.02800,0.45000,0.00000,0.00000,0.00000,1.02000,-1.00000,0.00000,1.00000,0.00000,0.00000,17.00000,0.00000,1.06000,0.18000,1.00000,1.00000
19.13333,0.00000,-17.46956,-8.97407,-10.12559,0.00000,0.00000,0.00000,-0.05389,55.88192,-0.00753,0.00802,1.06207,0.01314,1.07303,0.00573,0.58421,1.63816,0.41431,1.00000,1.00000,0.15095,0.68791,0.02800,0.39085,0.00000,0.00000,0.00000,1.02000,-1.00000,0.00000,1.00000,0.00000,0.00000,17.00000,0.00000,1.09651,0.18000,1.00000,1.00000
19.16667,0.00000,-17.58300,-9.01152,-10.30782,0.00000,0.00000,0.00000,-0.04867,55.41306,0.00643,-0.00587,1.04519,0.00957,1.05316,0.00439,0.42531,1.51898,0.36962,1.00000,1.00000,0.14000,0.66944,0.02800,0.40694,0.00000,0.00000,0.00000,1.02000,-1.00000,0.00000,1.00000,0.00000,0.00000,17.00000,0.00000,1.08658,0.18000,1.00000,1.00000
19.20000,0.00000,-17.64695,-9.02358,-10.46288,0.00000,0.00000,0.00000,-0.03758,55.10107,-0.00169,0.00151,1.03290,0.00697,1.03870,0.00352,0.30962,1.43222,0.33708,1.00000,1.00000,0.14000,0.65599,0.02800,0.41865,0.00000,0.00000,0.00000,1.02000,-1.00000,0.00000,1.00000,0.00000,0.00000,17.00000,0.00000,1.07935,0.18000,1.00000,1.00000
19.23333,0.00000,-17.67372,-9.01670,-10.59720,0.00000,0.00000,0.00000,-0.03479,54.90368,-0.00174,0.00202,1.02395,0.00507,1.02818,0.00289,0.22540,1.36905,0.31339,1.00000,1.00000,0.14000,0.64620,0.02800,0.42718,0.00000,0.00000,0.00000,1.02000,-1.00000,0.00000,1.00000,0.00000,0.00000,17.00000,0.00000,1.07409,0.18000,1.00000,1.00000
19.26667,0.00000,-17.67281,-8.99585,-10.71579,0.00000,0.00000,0.00000,-0.03916,54.79003,0.00182,-0.00330,1.01743,0.00369,1.02051,0.00244,0.16409,1.32307,0.29615,1.00000,1.00000,0.14081,0.63908,0.02800,0.43339,0.00000,0.00000,0.00000,1.02000,-1.00000,0.00000,1.00000,0.00000,0.00000,17.00000,0.00000,1.07026,0.18000,1.00000,1.00000
19.30000,0.00000,-17.65136,-8.96475,-10.82250,0.00000,0.00000,0.00000,-0.04260,54.73762,0.00005,0.00248,1.01269,0.00269,1.01493,0.00210,0.11946,1.28959,0.28360,1.00000,1.00000,0.14000,0.63389,0.02800,0.43790,0.00000,0.00000,0.00000,1.02000,-1.00000,0.00000,1.00000,0.00000,0.00000,17.00000,0.00000,1.06747,0.18000,1.00000,1.00000
19.33333,0.00000,-17.61473,-8.92618,-10.92024,0.00000,0.00000,0.00000,-0.04184,54.72999,-0.00113,-0.00060,1.00924,0.00196,1.01087,0.00185,0.08696,1.26522,0.27446,1.00000,1.00000,0.14000,0.63011,0.02800,0.44119,0.00000,0.00000,0.00000,1.02000,-1.00000,0.00000,1.00000,0.00000,0.00000,17.00000,0.00000,1.06544,0.18000,1.00000,1.00000
19.36667,0.00000,-17.56688,-8.88219,-11.01117,0.00000,0.00000,0.00000,-0.03958,54.75517,0.00069,-0.00045,1.00673,0.00142,1.00791,0.00167,0.06331,1.24748,0.26781,1.00000,1.00000,0.14000,0.62736,0.02800,0.44359,0.00000,0.00000,0.00000,1.02000,-1.00000,0.00000,1.00000,0.00000,0.00000,17.00000,0.00000,1.06396,0.18000,1.00000,1.00000
19.40000,0.00000,-17.51074,-8.83430,-11.09694,0.00000,0.00000,0.00000,-0.03885,54.80441,0.00001,0.00081,1.00490,0.00104,1.00576,0.00155,0.04609,1.23457,0.26296,1.00000,1.00000,0.14000,0.62536,0.02800,0.44533,0.00000,0.00000,0.00000,1.02000,-1.00000,0.00000,1.00000,0.00000,0.00000,17.00000,0.00000,1.06288,0.18000,1.00000,1.00000
19.43333,0.00000,-17.44844,-8.78360,-11.17875,0.00000,0.00000,0.00000,-0.03969,54.87133,-0.00056,-0.00069,1.00356,0.00075,1.00419,0.00145,0.03355,1.22516,0.25944,1.00000,1.00000,0.14000,0.62390,0.02800,0.44660,0.00000,0.00000,0.00000,1.02000,-1.00000,0.00000,1.00000,0.00000,0.00000,17.00000,0.00000,1.06210,0.18000,1.00000,1.00000
19.46667,0.00000,-17.38155,-8.73091,-11.25749,0.00000,0.00000,0.00000,-0.04051,54.95128,0.00060,0.00026,1.00260,0.00055,1.00305,0.00138,0.02443,1.21832,0.25687,1.00000,1.00000,0.14000,0.62284,0.02800,0.44753,0.00000,0.00000,0.00000,1.02000,-1.00000,0.00000,1.00000,0.00000,0.00000,17.00000,0.00000,1.06153,0.18000,1.00000,1.00000
19.50000,0.00000,-17.31122,-8.67681,-11.33383,0.00000,0.00000,0.00000,-0.04052,55.04085,-0.00043,0.00045,1.00189,0.00040,1.00222,0.00144,0.01778,1.21334,0.25500,1.00000,1.00000,0.14770,0.62207,0.02800,0.44820,0.00000,0.00000,0.00000,1.02000,-1.00000,0.00000,1.00000,0.00000,0.00000,17.00000,0.00000,1.06111,0.18000,1.00000,1.00000
19.53333,0.00000,-17.23829,-8.62172,-11.40823,0.00000,0.00000,0.00000,-0.04019,55.13759,-0.00041,-0.00123,1.00138,0.00029,1.00162,0.00130,0.01295,1.20971,0.25364,1.00000,1.00000,0.14000,0.62150,0.02800,0.44869,0.00000,0.00000,0.00000,1.02000,-1.00000,0.00000,1.00000,0.00000,0.00000,17.00000,0.00000,1.06081,0.18000,1.00000,1.00000
19.56667,0.00000,-17.16336,-8.56596,-11.48106,0.00000,0.00000,0.00000,-0.04015,55.23968,0.00053,0.00125,1.00100,0.00021,1.00118,0.00136,0.00942,1.20707,0.25265,1.00000,1.00000,0.14684,0.62110,0.02800,0.44905,0.00000,0.00000,0.00000,1.02000,-1.00000,0.00000,1.00000,0.00000,0.00000,17.00000,0.00000,1.06059,0.18000,1.00000,1.00000
19.60000,0.00000,-17.09493,-8.51376,-11.55804,0.00000,0.00000,0.00000,-0.04055,55.31994,0.00021,-0.00055,1.00000,0.00000,1.00000,0.00120,0.00000,1.20000,0.25000,1.00000,1.00000,0.14000,0.62000,0.02800,0.45000,0.00000,0.00000,0.00000,1.02000,-1.00000,0.00000,1.00000,0.00000,0.00000,17.00000,0.00000,1.06000,0.18000,1.00000,1.00000
19.63333,0.00000,-17.01500,-8.45614,-11.62699,0.00000,0.00000,0.00000,-0.04075,55.43614,-0.00104,-0.00038,1.00000,0.00000,1.00000,0.00120,0.00000,1.20000,0.25000,1.00000,1.00000,0.14000,0.62000,0.02800,0.45000,0.00000,0.00000,0.00000,1.02000,-1.00000,0.00000,1.00000,0.00000,0.00000,17.00000,0.00000,1.06000,0.18000,1.00000,1.00000
19.66667,0.00000,-16.29000,-8.07894,-11.25012,0.00000,0.00000,0.00000,-0.05430,57.73039,0.00723,0.00692,1.06116,0.01295,1.07196,0.00555,0.57564,1.63173,0.41190,1.00000,1.00000,0.14247,0.68692,0.02800,0.39172,0.00000,0.00000,0.00000,1.02000,-1.00000,0.00000,1.00000,0.00000,0.00000,17.00000,0.00000,1.09598,0.18000,1.00000,1.00000
19.70000,0.00000,-16.38202,-8.10774,-11.43370,0.00000,0.00000,0.00000,-0.04071,57.25877,-0.00193,-0.00576,1.04453,0.00943,1.05238,0.00434,0.41907,1.51430,0.36786,1.00000,1.00000,0.14000,0.66872,0.02800,0.40757,0.00000,0.00000,0.00000,1.02000,-1.00000,0.00000,1.00000,0.00000,0.00000,17.00000,0.00000,1.08619,0.18000,1.00000,1.00000
19.73333,0.00000,-16.42836,-8.11394,-11.58725,0.00000,0.00000,0.00000,-0.03421,56.94681,-0.00191,0.00232,1.03241,0.00686,1.03813,0.00349,0.30508,1.42881,0.33580,1.00000,1.00000,0.14000,0.65547,0.02800,0.41911,0.00000,0.00000,0.00000,1.02000,-1.00000,0.00000,1.00000,0.00000,0.00000,17.00000,0.00000,1.07907,0.18000,1.00000,1.00000
19.76667,0.00000,-16.44047,-8.10333,-11.71793,0.00000,0.00000,0.00000,-0.03860,56.75151,0.00224,0.00093,1.02360,0.00500,1.02776,0.00287,0.22210,1.36657,0.31246,1.00000,1.00000,0.14000,0.64582,0.02800,0.42751,0.00000,0.00000,0.00000,1.02000,-1.00000,0.00000,1.00000,0.00000,0.00000,17.00000,0.00000,1.07388,0.18000,1.00000,1.00000
19.80000,0.00000,-16.42710,-8.08031,-11.83131,0.00000,0.00000,0.00000,-0.04449,56.64146,-0.00032,-0.00251,1.01718,0.00364,1.02021,0.00241,0.16168,1.32126,0.29547,1.00000,1.00000,0.14000,0.63880,0.02800,0.43363,0.00000,0.00000,0.00000,1.02000,-1.00000,0.00000,1.00000,0.00000,0.00000,17.00000,0.00000,1.07011,0.18000,1.00000,1.00000
19.83333,0.00000,-16.39487,-8.04822,-11.93164,0.00000,0.00000,0.00000,-0.04538,56.59377,-0.00132,0.00251,1.01251,0.00265,1.01471,0.00225,0.11771,1.28828,0.28310,1.00000,1.00000,0.15238,0.63368,0.02800,0.43808,0.00000,0.00000,0.00000,1.02000,-1.00000,0.00000,1.00000,0.00000,0.00000,17.00000,0.00000,1.06736,0.18000,1.00000,1.00000
19.86667,0.00000,-16.34872,-8.00951,-12.02214,0.00000,0.00000,0.00000,-0.04308,56.59170,0.00152,-0.00141,1.00910,0.00193,1.01071,0.00184,0.08569,1.26427,0.27410,1.00000,1.00000,0.14000,0.62996,0.02800,0.44132,0.00000,0.00000,0.00000,1.02000,-1.00000,0.00000,1.00000,0.00000,0.00000,17.00000,0.00000,1.06536,0.18000,1.00000,1.00000
19.90000,0.00000,-16.29229,-7.96602,-12.10521,0.00000,0.00000,0.00000,-0.04192,56.62307,0.00002,-0.00043,1.00663,0.00140,1.00780,0.00167,0.06238,1.24679,0.26754,1.00000,1.00000,0.14000,0.62725,0.02800,0.44368,0.00000,0.00000,0.00000,1.02000,-1.00000,0.00000,1.00000,0.00000,0.00000,17.00000,0.00000,1.06390,0.18000,1.00000,1.00000
19.93333,0.00000,-16.22829,-7.91909,-12.18265,0.00000,0.00000,0.00000,-0.04302,56.67898,-0.00152,0.00168,1.00483,0.00102,1.00568,0.00158,0.04541,1.23406,0.26277,1.00000,1.00000,0.14312,0.62528,0.02800,0.44540,0.00000,0.00000,0.00000,1.02000,-1.00000,0.00000,1.00000,0.00000,0.00000,17.00000,0.00000,1.06284,0.18000,1.00000,1.00000
19.96667,0.00000,-16.15868,-7.86970,-12.25577,0.00000,0.00000,0.00000,-0.04463,56.75292,0.00174,-0.00184,1.00351,0.00074,1.00413,0.00145,0.03306,1.22480,0.25930,1.00000,1.00000,0.14000,0.62384,0.02800,0.44665,0.00000,0.00000,0.00000,1.02000,-1.00000,0.00000,1.00000,0.00000,0.00000,17.00000,0.00000,1.06207,0.18000,1.00000,1.00000
20.00000,0.00000,-16.08491,-7.81855,-12.32556,0.00000,0.00000,0.00000,-0.04530,56.84016,-0.00073,0.00103,1.00256,0.00054,1.00301,0.00138,0.02407,1.21805,0.25677,1.00000,1.00000,0.14000,0.62280,0.02800,0.44756,0.00000,0.00000,0.00000,1.02000,-1.00000,0.00000,1.00000,0.00000,0.00000,17.00000,0.00000,1.06150,0.18000,1.00000,1.00000
20.03333,0.00000,-16.00803,-7.76619,-12.39274,0.00000,0.00000,0.00000,-0.04528,56.93725,-0.00034,0.00018,1.00186,0.00039,1.00219,0.00143,0.01752,1.21314,0.25493,1.00000,1.00000,0.14767,0.62204,0.02800,0.44823,0.00000,0.00000,0.00000,1.02000,-1.00000,0.00000,1.00000,0.00000,0.00000,17.00000,0.00000,1.06110,0.18000,1.00000,1.00000
20.06667,0.00000,-15.92880,-7.71297,-12.45784,0.00000,0.00000,0.00000,-0.04543,57.04167,0.00048,-0.00091,1.00136,0.00029,1.00159,0.00130,0.01276,1.20957,0.25359,1.00000,1.00000,0.14000,0.62148,0.02800,0.44871,0.00000,0.00000,0.00000,1.02000,-1.00000,0.00000,1.00000,0.00000,0.00000,17.00000,0.00000,1.06080,0.18000,1.00000,1.00000
20.10000,0.00000,-15.84779,-7.65917,-12.52126,0.00000,0.00000,0.00000,-0.04605,57.15159,0.00009,0.00098,1.00099,0.00021,1.00116,0.00127,0.00929,1.20696,0.25261,1.00000,1.00000,0.14000,0.62108,0.02800,0.44906,0.00000,0.00000,0.00000,1.02000,-1.00000,0.00000,1.00000,0.00000,0.00000,17.00000,0.00000,1.06058,0.18000,1.00000,1.00000
20.13333,0.00000,-15.77273,-7.60853,-12.58911,0.00000,0.00000,0.00000,-0.04675,57.23931,-0.00053,-0.00045,1.00000,0.00000,1.00000,0.00120,0.00000,1.20000,0.25000,1.00000,1.00000,0.14000,0.62000,0.02800,0.45000,0.00000,0.00000,0.00000,1.02000,-1.00000,0.00000,1.00000,0.00000,0.00000,17.00000,0.00000,1.06000,0.18000,1.00000,1.00000
20.16667,0.00000,-15.68724,-7.55315,-12.64835,0.00000,0.00000,0.00000,-0.04729,57.36368,0.00051,-0.00004,1.00000,0.00000,1.00000,0.00120,0.00000,1.20000,0.25000,1.00000,1.00000,0.14000,0.62000,0.02800,0.45000,0.00000,0.00000,0.00000,1.02000,-1.00000,0.00000,1.00000,0.00000,0.00000,17.00000,0.00000,1.06000,0.18000,1.00000,1.00000
20.20000,0.00000,-15.28155,-7.34416,-12.44641,0.00000,0.00000,0.00000,-0.05008,58.68007,-0.00124,0.00284,1.03235,0.00685,1.03806,0.00421,0.30449,1.42837,0.33564,1.00000,1.00000,0.19359,0.65540,0.02800,0.41917,0.00000,0.00000,0.00000,1.02000,-1.00000,0.00000,1.00000,0.00000,0.00000,17.00000,0.00000,1.07903,0.18000,1.00000,1.00000
20.23333,0.00000,-15.28245,-7.33108,-12.57333,0.00000,0.00000,0.00000,-0.04394,58.48336,-0.00158,-0.00372,1.02355,0.00499,1.02771,0.00286,0.22167,1.36625,0.31234,1.00000,1.00000,0.14000,0.64577,0.02800,0.42756,0.00000,0.00000,0.00000,1.02000,-1.00000,0.00000,1.00000,0.00000,0.00000,17.00000,0.00000,1.07385,0.18000,1.00000,1.00000
20.26667,0.00000,-15.25966,-7.30678,-12.68161,0.00000,0.00000,0.00000,-0.04562,58.37430,0.00213,0.00218,1.01715,0.00363,1.02017,0.00241,0.16137,1.32103,0.29539,1.00000,1.00000,0.14000,0.63876,0.02800,0.43366,0.00000,0.00000,0.00000,1.02000,-1.00000,0.00000,1.00000,0.00000,0.00000,17.00000,0.00000,1.07009,0.18000,1.00000,1.00000
20.30000,0.00000,-15.21934,-7.27428,-12.77585,0.00000,0.00000,0.00000,-0.05028,58.32934,-0.00062,0.00002,1.01248,0.00264,1.01468,0.00208,0.11748,1.28811,0.28304,1.00000,1.00000,0.14000,0.63366,0.02800,0.43811,0.00000,0.00000,0.00000,1.02000,-1.00000,0.00000,1.00000,0.00000,0.00000,17.00000,0.00000,1.06734,0.18000,1.00000,1.00000
20.33333,0.00000,-15.16612,-7.23581,-12.85952,0.00000,0.00000,0.00000,-0.05222,58.33130,-0.00090,-0.00157,1.00909,0.00192,1.01069,0.00184,0.08552,1.26414,0.27405,1.00000,1.00000,0.14000,0.62994,0.02800,0.44134,0.00000,0.00000,0.00000,1.02000,-1.00000,0.00000,1.00000,0.00000,0.00000,17.00000,0.00000,1.06535,0.18000,1.00000,1.00000
20.36667,0.00000,-15.10338,-7.19304,-12.93522,0.00000,0.00000,0.00000,-0.05129,58.36766,0.00107,0.00198,1.00662,0.00140,1.00778,0.00167,0.06226,1.24670,0.26751,1.00000,1.00000,0.14000,0.62724,0.02800,0.44370,0.00000,0.00000,0.00000,1.02000,-1.00000,0.00000,1.00000,0.00000,0.00000,17.00000,0.00000,1.06389,0.18000,1.00000,1.00000
20.40000,0.00000,-15.03365,-7.14717,-13.00490,0.00000,0.00000,0.00000,-0.05039,58.42927,-0.00000,-0.00131,1.00482,0.00102,1.00567,0.00154,0.04533,1.23399,0.26275,1.00000,1.00000,0.14000,0.62527,0.02800,0.44541,0.00000,0.00000,0.00000,1.02000,-1.00000,0.00000,1.00000,0.00000,0.00000,17.00000,0.00000,1.06283,0.18000,1.00000,1.00000
20.43333,0.00000,-14.95875,-7.09910,-13.06996,0.00000,0.00000,0.00000,-0.05105,58.50946,-0.00119,0.00008,1.00351,0.00074,1.00412,0.00145,0.03300,1.22475,0.25928,1.00000,1.00000,0.14000,0.62384,0.02800,0.44666,0.00000,0.00000,0.00000,1.02000,-1.00000,0.00000,1.00000,0.00000,0.00000,17.00000,0.00000,1.06206,0.18000,1.00000,1.00000
20.46667,0.00000,-14.88004,-7.04947,-13.13148,0.00000,0.00000,0.00000,-0.05242,58.60335,0.00136,0.00092,1.00255,0.00054,1.00300,0.00138,0.02402,1.21802,0.25676,1.00000,1.00000,0.14000,0.62279,0.02800,0.44757,0.00000,0.00000,0.00000,1.02000,-1.00000,0.00000,1.00000,0.00000,0.00000,17.00000,0.00000,1.06150,0.18000,1.00000,1.00000
20.50000,0.00000,-14.79848,-6.99874,-13.19022,0.00000,0.00000,0.00000,-0.05331,58.70741,-0.00036,-0.00072,1.00186,0.00039,1.00219,0.00133,0.01749,1.21312,0.25492,1.00000,1.00000,0.14000,0.62203,0.02800,0.44823,0.00000,0.00000,0.00000,1.02000,-1.00000,0.00000,1.00000,0.00000,0.00000,17.00000,0.00000,1.06109,0.18000,1.00000,1.00000
20.53333,0.00000,-14.71480,-6.94727,-13.24676,0.00000,0.00000,0.00000,-0.05358,58.81903,-0.00019,0.00069,1.00135,0.00029,1.00159,0.00278,0.01273,1.20955,0.25358,1.00000,1.00000,0.25014,0.62148,0.02800,0.44871,0.00000,0.00000,0.00000,1.02000,-1.00000,0.00000,1.00000,0.00000,0.00000,17.00000,0.00000,1.06080,0.18000,1.00000,1.00000
20.56667,0.00000,-14.62951,-6.89530,-13.30151,0.00000,0.00000,0.00000,-0.05380,58.93634,0.00064,-0.00016,1.00098,0.00021,1.00116,0.00127,0.00927,1.20695,0.25261,1.00000,1.00000,0.14000,0.62108,0.02800,0.44906,0.00000,0.00000,0.00000,1.02000,-1.00000,0.00000,1.00000,0.00000,0.00000,17.00000,0.00000,1.06058,0.18000,1.00000,1.00000
20.60000,0.00000,-14.54299,-6.84301,-13.35478,0.00000,0.00000,0.00000,-0.05430,59.05796,0.00001,-0.00094,1.00072,0.00015,1.00084,0.00125,0.00675,1.20506,0.25190,1.00000,1.00000,0.14000,0.62078,0.02800,0.44932,0.00000,0.00000,0.00000,1.02000,-1.00000,0.00000,1.00000,0.00000,0.00000,17.00000,0.00000,1.06042,0.18000,1.00000,1.00000
20.63333,0.00000,-14.46039,-6.79281,-13.41132,0.00000,0.00000,0.00000,-0.05496,59.16310,-0.00095,0.00142,1.00000,0.00000,1.00000,0.00120,0.00000,1.20000,0.25000,1.00000,1.00000,0.14000,0.62000,0.02800,0.45000,0.00000,0.00000,0.00000,1.02000,-1.00000,0.00000,1.00000,0.00000,0.00000,17.00000,0.00000,1.06000,0.18000,1.00000,1.00000
20.66667,0.00000,-14.37082,-6.73959,-13.46101,0.00000,0.00000,0.00000,-0.05545,59.29594,0.00121,-0.00116,1.00000,0.00000,1.00000,0.00120,0.00000,1.20000,0.25000,1.00000,1.00000,0.14000,0.62000,0.02800,0.45000,0.00000,0.00000,0.00000,1.02000,-1.00000,0.00000,1.00000,0.00000,0.00000,17.00000,0.00000,1.06000,0.18000,1.00000,1.00000
20.70000,0.00000,-14.28101,-6.68652,-13.51006,0.00000,0.00000,0.00000,-0.05591,59.42937,-0.00045,0.00024,1.00000,0.00000,1.00000,0.00120,0.00000,1.20000,0.25000,1.00000,1.00000,0.14000,0.62000,0.02800,0.45000,0.00000,0.00000,0.00000,1.02000,-1.00000,0.00000,1.00000,0.00000,0.00000,17.00000,0.00000,1.06000,0.18000,1.00000,1.00000
20.73333,0.00000,-13.61536,-6.36452,-13.00851,0.00000,0.00000,0.00000,-0.04787,62.05383,-0.00361,0.00457,1.06534,0.01384,1.07687,0.00581,0.61493,1.66120,0.42295,1.00000,1.00000,0.14000,0.69149,0.02800,0.38774,0.00000,0.00000,0.00000,1.02000,-1.00000,0.00000,1.00000,0.00000,0.00000,17.00000,0.00000,1.09843,0.18000,1.00000,1.00000
20.76667,0.00000,-13.67969,-6.38432,-13.19995,0.00000,0.00000,0.00000,-0.04593,61.51540,0.00335,-0.00435,1.04756,0.01007,1.05596,0.00456,0.44767,1.53575,0.37591,1.00000,1.00000,0.14000,0.67204,0.02800,0.40467,0.00000,0.00000,0.00000,1.02000,-1.00000,0.00000,1.00000,0.00000,0.00000,17.00000,0.00000,1.08798,0.18000,1.00000,1.00000
20.80000,0.00000,-13.70320,-6.38512,-13.35410,0.00000,0.00000,0.00000,-0.05646,61.15941,-0.00090,0.00213,1.03463,0.00733,1.04074,0.00364,0.32590,1.44442,0.34166,1.00000,1.00000,0.14000,0.65789,0.02800,0.41700,0.00000,0.00000,0.00000,1.02000,-1.00000,0.00000,1.00000,0.00000,0.00000,17.00000,0.00000,1.08037,0.18000,1.00000,1.00000
20.83333,0.00000,-13.69613,-6.37176,-13.47988,0.00000,0.00000,0.00000,-0.06297,60.93679,-0.00056,-0.00043,1.02521,0.00534,1.02966,0.00298,0.23725,1.37794,0.31673,1.00000,1.00000,0.14000,0.64758,0.02800,0.42598,0.00000,0.00000,0.00000,1.02000,-1.00000,0.00000,1.00000,0.00000,0.00000,17.00000,0.00000,1.07483,0.18000,1.00000,1.00000
20.86667,0.00000,-13.66635,-6.34798,-13.58424,0.00000,0.00000,0.00000,-0.06092,60.81166,0.00075,-0.00076,1.01835,0.00389,1.02159,0.00250,0.17272,1.32954,0.29858,1.00000,1.00000,0.14000,0.64008,0.02800,0.43251,0.00000,0.00000,0.00000,1.02000,-1.00000,0.00000,1.00000,0.00000,0.00000,17.00000,0.00000,1.07079,0.18000,1.00000,1.00000
20.90000,0.00000,-13.61979,-6.31657,-13.67249,0.00000,0.00000,0.00000,-0.05684,60.75787,-0.00004,0.00215,1.01336,0.00283,1.01572,0.00265,0.12574,1.29430,0.28536,1.00000,1.00000,0.17739,0.63462,0.02800,0.43727,0.00000,0.00000,0.00000,1.02000,-1.00000,0.00000,1.00000,0.00000,0.00000,17.00000,0.00000,1.06786,0.18000,1.00000,1.00000
20.93333,0.00000,-13.56089,-6.27962,-13.74864,0.00000,0.00000,0.00000,-0.05630,60.75630,-0.00166,-0.00202,1.00973,0.00206,1.01144,0.00189,0.09154,1.26865,0.27574,1.00000,1.00000,0.14000,0.63064,0.02800,0.44073,0.00000,0.00000,0.00000,1.02000,-1.00000,0.00000,1.00000,0.00000,0.00000,17.00000,0.00000,1.06572,0.18000,1.00000,1.00000
20.96667,0.00000,-13.49292,-6.23867,-13.81569,0.00000,0.00000,0.00000,-0.05850,60.79300,0.00202,0.00058,1.00708,0.00150,1.00833,0.00171,0.06664,1.24998,0.26874,1.00000,1.00000,0.14049,0.62775,0.02800,0.44325,0.00000,0.00000,0.00000,1.02000,-1.00000,0.00000,1.00000,0.00000,0.00000,17.00000,0.00000,1.06416,0.18000,1.00000,1.00000
21.00000,0.00000,-13.41830,-6.19485,-13.87587,0.00000,0.00000,0.00000,-0.06013,60.85782,-0.00099,0.00082,1.00515,0.00109,1.00606,0.00156,0.04851,1.23638,0.26364,1.00000,1.00000,0.14000,0.62564,0.02800,0.44509,0.00000,0.00000,0.00000,1.02000,-1.00000,0.00000,1.00000,0.00000,0.00000,17.00000,0.00000,1.06303,0.18000,1.00000,1.00000
21.03333,0.00000,-13.33880,-6.14899,-13.93083,0.00000,0.00000,0.00000,-0.06000,60.94332,-0.00028,-0.00148,1.00375,0.00079,1.00441,0.00146,0.03532,1.22649,0.25993,1.00000,1.00000,0.14000,0.62411,0.02800,0.44642,0.00000,0.00000,0.00000,1.02000,-1.00000,0.00000,1.00000,0.00000,0.00000,17.00000,0.00000,1.06221,0.18000,1.00000,1.00000
21.06667,0.00000,-13.25572,-6.10170,-13.98179,0.00000,0.00000,0.00000,-0.05929,61.04409,0.00072,0.00132,1.00273,0.00058,1.00321,0.00140,0.02571,1.21928,0.25723,1.00000,1.00000,0.14047,0.62299,0.02800,0.44740,0.00000,0.00000,0.00000,1.02000,-1.00000,0.00000,1.00000,0.00000,0.00000,17.00000,0.00000,1.06161,0.18000,1.00000,1.00000
21.10000,0.00000,-13.16998,-6.05340,-14.02964,0.00000,0.00000,0.00000,-0.05920,61.15617,-0.00014,-0.00048,1.00199,0.00042,1.00234,0.00134,0.01872,1.21404,0.25526,1.00000,1.00000,0.14000,0.62218,0.02800,0.44810,0.00000,0.00000,0.00000,1.02000,-1.00000,0.00000,1.00000,0.00000,0.00000,17.00000,0.00000,1.06117,0.18000,1.00000,1.00000
21.13333,0.00000,-13.08229,-6.00443,-14.07504,0.00000,0.00000,0.00000,-0.05969,61.27669,-0.00078,-0.00055,1.00145,0.00031,1.00170,0.00130,0.01363,1.21022,0.25383,1.00000,1.00000,0.14000,0.62158,0.02800,0.44862,0.00000,0.00000,0.00000,1.02000,-1.00000,0.00000,1.00000,0.00000,0.00000,17.00000,0.00000,1.06085,0.18000,1.00000,1.00000
21.16667,0.00000,-13.00200,-5.95907,-14.12809,0.00000,0.00000,0.00000,-0.05990,61.36216,0.00098,0.00113,1.00000,0.00000,1.00000,0.00120,0.00000,1.20000,0.25000,1.00000,1.00000,0.14000,0.62000,0.02800,0.45000,0.00000,0.00000,0.00000,1.02000,-1.00000,0.00000,1.00000,0.00000,0.00000,17.00000,0.00000,1.06000,0.18000,1.00000,1.00000
21.20000,0.00000,-12.90930,-5.90824,-14.16729,0.00000,0.00000,0.00000,-0.05996,61.50502,-0.00039,-0.00112,1.00000,0.00000,1.00000,0.00120,0.00000,1.20000,0.25000,1.00000,1.00000,0.14000,0.62000,0.02800,0.45000,0.00000,0.00000,0.00000,1.02000,-1.00000,0.00000,1.00000,0.00000,0.00000,17.00000,0.00000,1.06000,0.18000,1.00000,1.00000
21.23333,0.00000,-12.81644,-5.85755,-14.20583,0.00000,0.00000,0.00000,-0.05999,61.64853,-0.00056,0.00048,1.00000,0.00000,1.00000,0.00120,0.00000,1.20000,0.25000,1.00000,1.00000,0.14000,0.62000,0.02800,0.45000,0.00000,0.00000,0.00000,1.02000,-1.00000,0.00000,1.00000,0.00000,0.00000,17.00000,0.00000,1.06000,0.18000,1.00000,1.00000
21.26667,0.00000,2.44823,2.93497,-13.46887,0.00000,0.22000,0.00000,0.04225,47.78361,0.00607,0.00254,1.05234,0.01108,1.06158,0.00489,0.49262,1.42365,0.38855,1.00000,1.00000,0.14000,0.67727,0.02800,0.40012,0.00000,0.00000,0.00000,1.02000,-1.00000,0.00000,1.00000,0.00000,0.00000,17.00000,0.00000,1.09079,0.18000,1.00000,1.00000
21.30000,0.00000,2.55299,2.98519,-13.53745,0.00000,0.22000,0.00000,0.03385,47.46815,-0.00292,-0.00556,1.03810,0.00807,1.04483,0.00389,0.35863,1.33746,0.35086,1.00000,1.00000,0.14000,0.66169,0.02800,0.41369,0.00000,0.00000,0.00000,1.02000,-1.00000,0.00000,1.00000,0.00000,0.00000,17.00000,0.00000,1.08241,0.18000,1.00000,1.00000
21.33333,0.00000,2.65251,3.02871,-13.57325,0.00000,0.22000,0.00000,0.02544,47.26500,-0.00099,0.00460,1.02774,0.00587,1.03263,0.00316,0.26108,1.27392,0.32343,1.00000,1.00000,0.14000,0.65035,0.02800,0.42357,0.00000,0.00000,0.00000,1.02000,-1.00000,0.00000,1.00000,0.00000,0.00000,17.00000,0.00000,1.07632,0.18000,1.00000,1.00000
21.36667,0.00000,2.74779,3.06712,-13.58448,0.00000,0.22000,0.00000,0.02592,47.14394,0.00190,-0.00178,1.02019,0.00428,1.02376,0.00263,0.19006,1.22708,0.30346,1.00000,1.00000,0.14000,0.64209,0.02800,0.43076,0.00000,0.00000,0.00000,1.02000,-1.00000,0.00000,1.00000,0.00000,0.00000,17.00000,0.00000,1.07188,0.18000,1.00000,1.00000
21.40000,0.00000,2.83965,3.10166,-13.57740,0.00000,0.22000,0.00000,0.03072,47.08294,-0.00015,-0.00091,1.01470,0.00311,1.01730,0.00237,0.13837,1.19251,0.28892,1.00000,1.00000,0.15009,0.63608,0.02800,0.43599,0.00000,0.00000,0.00000,1.02000,-1.00000,0.00000,1.00000,0.00000,0.00000,17.00000,0.00000,1.06865,0.18000,1.00000,1.00000
21.43333,0.00000,2.92872,3.13330,-13.55672,0.00000,0.22000,0.00000,0.03293,47.06587,-0.00172,0.00217,1.01070,0.00227,1.01259,0.00198,0.10073,1.16693,0.27833,1.00000,1.00000,0.14166,0.63171,0.02800,0.43980,0.00000,0.00000,0.00000,1.02000,-1.00000,0.00000,1.00000,0.00000,0.00000,17.00000,0.00000,1.06630,0.18000,1.00000,1.00000
21.46667,0.00000,3.01553,3.16273,-13.52593,0.00000,0.22000,0.00000,0.03163,47.08099,0.00214,-0.00202,1.00779,0.00165,1.00917,0.00178,0.07333,1.14792,0.27062,1.00000,1.00000,0.14208,0.62852,0.02800,0.44258,0.00000,0.00000,0.00000,1.02000,-1.00000,0.00000,1.00000,0.00000,0.00000,17.00000,0.00000,1.06458,0.18000,1.00000,1.00000
21.50000,0.00000,3.10045,3.19049,-13.48761,0.00000,0.22000,0.00000,0.03004,47.11970,-0.00112,0.00094,1.00567,0.00120,1.00667,0.00160,0.05338,1.13371,0.26501,1.00000,1.00000,0.14000,0.62621,0.02800,0.44459,0.00000,0.00000,0.00000,1.02000,-1.00000,0.00000,1.00000,0.00000,0.00000,17.00000,0.00000,1.06334,0.18000,1.00000,1.00000
21.53333,0.00000,3.18379,3.21697,-13.44368,0.00000,0.22000,0.00000,0.03021,47.17575,-0.00027,0.00039,1.00413,0.00087,1.00486,0.00156,0.03886,1.12300,0.26093,1.00000,1.00000,0.14486,0.62452,0.02800,0.44607,0.00000,0.00000,0.00000,1.02000,-1.00000,0.00000,1.00000,0.00000,0.00000,17.00000,0.00000,1.06243,0.18000,1.00000,1.00000
21.56667,0.00000,3.26579,3.24249,-13.39553,0.00000,0.22000,0.00000,0.03140,47.24458,0.00082,-0.00126,1.00301,0.00064,1.00354,0.00142,0.02829,1.11485,0.25796,1.00000,1.00000,0.14049,0.62329,0.02800,0.44714,0.00000,0.00000,0.00000,1.02000,-1.00000,0.00000,1.00000,0.00000,0.00000,17.00000,0.00000,1.06177,0.18000,1.00000,1.00000
21.60000,0.00000,3.34661,3.26724,-13.34417,0.00000,0.22000,0.00000,0.03219,47.32283,-0.00028,0.00132,1.00219,0.00046,1.00257,0.00135,0.02060,1.10855,0.25579,1.00000,1.00000,0.14000,0.62239,0.02800,0.44791,0.00000,0.00000,0.00000,1.02000,-1.00000,0.00000,1.00000,0.00000,0.00000,17.00000,0.00000,1.06129,0.18000,1.00000,1.00000
21.63333,0.00000,3.42638,3.29140,-13.29035,0.00000,0.22000,0.00000,0.03226,47.40810,-0.00043,-0.00051,1.00159,0.00034,1.00187,0.00131,0.01499,1.10360,0.25422,1.00000,1.00000,0.14000,0.62174,0.02800,0.44848,0.00000,0.00000,0.00000,1.02000,-1.00000,0.00000,1.00000,0.00000,0.00000,17.00000,0.00000,1.06094,0.18000,1.00000,1.00000
21.66667,0.00000,3.50521,3.31508,-13.23462,0.00000,0.22000,0.00000,0.03224,47.49860,0.00046,-0.00011,1.00116,0.00025,1.00136,0.00128,0.01092,1.09963,0.25307,1.00000,1.00000,0.14000,0.62127,0.02800,0.44889,0.00000,0.00000,0.00000,1.02000,-1.00000,0.00000,1.00000,0.00000,0.00000,17.00000,0.00000,1.06068,0.18000,1.00000,1.00000
21.70000,0.00000,3.58513,3.34019,-13.18458,0.00000,0.22000,0.00000,0.03276,47.56762,-0.00017,0.00043,1.00000,0.00000,1.00000,0.00120,0.00000,1.09129,0.25000,1.00000,1.00000,0.14000,0.62000,0.02800,0.45000,0.00000,0.00000,0.00000,1.02000,-1.00000,0.00000,1.00000,0.00000,0.00000,17.00000,0.00000,1.06000,0.18000,1.00000,1.00000
21.73333,0.00000,3.66177,3.36266,-13.12412,0.00000,0.22000,0.00000,0.03317,47.67193,-0.00026,-0.00052,1.00000,0.00000,1.00000,0.00120,0.00000,1.08994,0.25000,1.00000,1.00000,0.14000,0.62000,0.02800,0.45000,0.00000,0.00000,0.00000,1.02000,-1.00000,0.00000,1.00000,0.00000,0.00000,17.00000,0.00000,1.06000,0.18000,1.00000,1.00000
21.76667,0.00000,3.73775,3.38498,-13.06320,0.00000,0.22000,0.00000,0.03359,47.77670,0.00054,0.00036,1.00000,0.00000,1.00000,0.00127,0.00000,1.08860,0.25000,1.00000,1.00000,0.14489,0.62000,0.02800,0.45000,0.00000,0.00000,0.00000,1.02000,-1.00000,0.00000,1.00000,0.00000,0.00000,17.00000,0.00000,1.06000,0.18000,1.00000,1.00000
21.80000,0.00000,3.68152,3.28959,-12.55319,0.00000,0.22000,0.00000,0.04326,49.55285,-0.00375,0.00075,1.05523,0.01170,1.06498,0.00510,0.51984,1.41295,0.39621,1.00000,1.00000,0.14000,0.68043,0.02800,0.39737,0.00000,0.00000,0.00000,1.02000,-1.00000,0.00000,1.00000,0.00000,0.00000,17.00000,0.00000,1.09249,0.18000,1.00000,1.00000
21.83333,0.00000,3.78918,3.34222,-12.61186,0.00000,0.22000,0.00000,0.03044,49.20699,-0.00062,-0.00416,1.04021,0.00851,1.04731,0.00404,0.37844,1.32391,0.35644,1.00000,1.00000,0.14000,0.66399,0.02800,0.41168,0.00000,0.00000,0.00000,1.02000,-1.00000,0.00000,1.00000,0.00000,0.00000,17.00000,0.00000,1.08365,0.18000,1.00000,1.00000
21.86667,0.00000,3.88815,3.38689,-12.63833,0.00000,0.22000,0.00000,0.02813,48.98354,0.00201,0.00423,1.02927,0.00620,1.03444,0.00327,0.27550,1.25825,0.32749,1.00000,1.00000,0.14000,0.65203,0.02800,0.42211,0.00000,0.00000,0.00000,1.02000,-1.00000,0.00000,1.00000,0.00000,0.00000,17.00000,0.00000,1.07722,0.18000,1.00000,1.00000
21.90000,0.00000,3.98027,3.42553,-12.64068,0.00000,0.22000,0.00000,0.03433,48.84960,-0.00032,-0.00217,1.02131,0.00451,1.02507,0.00270,0.20057,1.20984,0.30641,1.00000,1.00000,0.14000,0.64332,0.02800,0.42969,0.00000,0.00000,0.00000,1.02000,-1.00000,0.00000,1.00000,0.00000,0.00000,17.00000,0.00000,1.07254,0.18000,1.00000,1.00000
21.93333,0.00000,4.06702,3.45961,-12.62509,0.00000,0.22000,0.00000,0.03907,48.78114,-0.00186,-0.00017,1.01551,0.00329,1.01825,0.00234,0.14601,1.17411,0.29107,1.00000,1.00000,0.14315,0.63697,0.02800,0.43522,0.00000,0.00000,0.00000,1.02000,-1.00000,0.00000,1.00000,0.00000,0.00000,17.00000,0.00000,1.06913,0.18000,1.00000,1.00000
21.96667,0.00000,4.14956,3.49025,-12.59619,0.00000,0.22000,0.00000,0.03861,48.76060,0.00270,0.00193,1.01129,0.00239,1.01329,0.00200,0.10630,1.14768,0.27990,1.00000,1.00000,0.14000,0.63236,0.02800,0.43924,0.00000,0.00000,0.00000,1.02000,-1.00000,0.00000,1.00000,0.00000,0.00000,17.00000,0.00000,1.06664,0.18000,1.00000,1.00000
22.00000,0.00000,4.22875,3.51830,-12.55743,0.00000,0.22000,0.00000,0.03643,48.77516,-0.00151,-0.00234,1.00822,0.00174,1.00967,0.00178,0.07738,1.12804,0.27176,1.00000,1.00000,0.14000,0.62900,0.02800,0.44217,0.00000,0.00000,0.00000,1.02000,-1.00000,0.00000,1.00000,0.00000,0.00000,17.00000,0.00000,1.06484,0.18000,1.00000,1.00000
22.03333,0.00000,4.30526,3.54441,-12.51135,0.00000,0.22000,0.00000,0.03619,48.81547,-0.00033,0.00144,1.00599,0.00127,1.00704,0.00162,0.05633,1.11337,0.26584,1.00000,1.00000,0.14000,0.62655,0.02800,0.44430,0.00000,0.00000,0.00000,1.02000,-1.00000,0.00000,1.00000,0.00000,0.00000,17.00000,0.00000,1.06352,0.18000,1.00000,1.00000
22.06667,0.00000,4.37960,3.56904,-12.45985,0.00000,0.22000,0.00000,0.03780,48.87470,0.00116,0.00000,1.00436,0.00092,1.00513,0.00156,0.04101,1.10231,0.26153,1.00000,1.00000,0.14382,0.62477,0.02800,0.44585,0.00000,0.00000,0.00000,1.02000,-1.00000,0.00000,1.00000,0.00000,0.00000,17.00000,0.00000,1.06256,0.18000,1.00000,1.00000
22.10000,0.00000,4.45216,3.59254,-12.40428,0.00000,0.22000,0.00000,0.03929,48.94786,-0.00057,-0.00117,1.00317,0.00067,1.00373,0.00144,0.02986,1.09390,0.25840,1.00000,1.00000,0.14130,0.62347,0.02800,0.44698,0.00000,0.00000,0.00000,1.02000,-1.00000,0.00000,1.00000,0.00000,0.00000,17.00000,0.00000,1.06187,0.18000,1.00000,1.00000
22.13333,0.00000,4.52320,3.61518,-12.34567,0.00000,0.22000,0.00000,0.03974,49.03133,-0.00051,0.00140,1.00231,0.00049,1.00272,0.00143,0.02173,1.08740,0.25611,1.00000,1.00000,0.14476,0.62253,0.02800,0.44780,0.00000,0.00000,0.00000,1.02000,-1.00000,0.00000,1.00000,0.00000,0.00000,17.00000,0.00000,1.06136,0.18000,1.00000,1.00000
22.16667,0.00000,4.59295,3.63714,-12.28473,0.00000,0.22000,0.00000,0.03976,49.12245,0.00067,-0.00068,1.00168,0.00036,1.00198,0.00132,0.01582,1.08231,0.25445,1.00000,1.00000,0.14000,0.62184,0.02800,0.44840,0.00000,0.00000,0.00000,1.02000,-1.00000,0.00000,1.00000,0.00000,0.00000,17.00000,0.00000,1.06099,0.18000,1.00000,1.00000
22.20000,0.00000,4.66155,3.65856,-12.22202,0.00000,0.22000,0.00000,0.04012,49.21929,-0.00021,0.00004,1.00122,0.00026,1.00144,0.00129,0.01152,1.07823,0.25324,1.00000,1.00000,0.14000,0.62134,0.02800,0.44883,0.00000,0.00000,0.00000,1.02000,-1.00000,0.00000,1.00000,0.00000,0.00000,17.00000,0.00000,1.06072,0.18000,1.00000,1.00000
22.23333,0.00000,4.73186,3.68167,-12.16492,0.00000,0.22000,0.00000,0.04097,49.29269,-0.00028,0.00035,1.00000,0.00000,1.00000,0.00120,0.00000,1.06962,0.25000,1.00000,1.00000,0.14000,0.62000,0.02800,0.45000,0.00000,0.00000,0.00000,1.02000,-1.00000,0.00000,1.00000,0.00000,0.00000,17.00000,0.00000,1.06000,0.18000,1.00000,1.00000
22.26667,0.00000,4.79779,3.70173,-12.09777,0.00000,0.22000,0.00000,0.04154,49.40462,0.00053,-0.00052,1.00000,0.00000,1.00000,0.00120,0.00000,1.06826,0.25000,1.00000,1.00000,0.14000,0.62000,0.02800,0.45000,0.00000,0.00000,0.00000,1.02000,-1.00000,0.00000,1.00000,0.00000,0.00000,17.00000,0.00000,1.06000,0.18000,1.00000,1.00000
22.30000,0.00000,7.97115,4.25403,-8.54496,0.00000,0.22000,0.00000,0.05061,53.63632,-0.00213,0.00229,1.03986,0.00844,1.04690,0.00564,0.37517,1.25895,0.35552,1.00000,1.00000,0.26080,0.66361,0.02800,0.41201,0.00000,0.00000,0.00000,1.02000,-1.00000,0.00000,1.00000,0.00000,0.00000,17.00000,0.00000,1.08345,0.18000,1.00000,1.00000
22.33333,0.00000,8.05727,4.29913,-8.52394,0.00000,0.22000,0.00000,0.04200,53.40072,-0.00014,-0.00044,1.02902,0.00615,1.03414,0.00325,0.27312,1.19688,0.32682,1.00000,1.00000,0.14000,0.65175,0.02800,0.42235,0.00000,0.00000,0.00000,1.02000,-1.00000,0.00000,1.00000,0.00000,0.00000,17.00000,0.00000,1.07707,0.18000,1.00000,1.00000
22.36667,0.00000,8.12854,4.33652,-8.48657,0.00000,0.22000,0.00000,0.03836,53.26142,0.00156,-0.00198,1.02113,0.00447,1.02485,0.00269,0.19883,1.15111,0.30592,1.00000,1.00000,0.14000,0.64311,0.02800,0.42987,0.00000,0.00000,0.00000,1.02000,-1.00000,0.00000,1.00000,0.00000,0.00000,17.00000,0.00000,1.07243,0.18000,1.00000,1.00000
22.40000,0.00000,8.18853,4.36814,-8.43715,0.00000,0.22000,0.00000,0.04173,53.19260,-0.00043,0.00263,1.01538,0.00326,1.01809,0.00229,0.14475,1.11732,0.29071,1.00000,1.00000,0.14000,0.63683,0.02800,0.43534,0.00000,0.00000,0.00000,1.02000,-1.00000,0.00000,1.00000,0.00000,0.00000,17.00000,0.00000,1.06905,0.18000,1.00000,1.00000
22.43333,0.00000,8.23996,4.39542,-8.37892,0.00000,0.22000,0.00000,0.04584,53.17538,-0.00137,-0.00183,1.01120,0.00237,1.01317,0.00199,0.10538,1.09231,0.27964,1.00000,1.00000,0.14000,0.63225,0.02800,0.43933,0.00000,0.00000,0.00000,1.02000,-1.00000,0.00000,1.00000,0.00000,0.00000,17.00000,0.00000,1.06659,0.18000,1.00000,1.00000
22.46667,0.00000,8.28488,4.41947,-8.31425,0.00000,0.22000,0.00000,0.04657,53.19596,0.00199,0.00032,1.00815,0.00173,1.00959,0.00178,0.07671,1.07371,0.27158,1.00000,1.00000,0.14000,0.62892,0.02800,0.44223,0.00000,0.00000,0.00000,1.02000,-1.00000,0.00000,1.00000,0.00000,0.00000,17.00000,0.00000,1.06479,0.18000,1.00000,1.00000
22.50000,0.00000,8.32480,4.44111,-8.24491,0.00000,0.22000,0.00000,0.04527,53.24428,-0.00111,0.00092,1.00593,0.00126,1.00698,0.00162,0.05585,1.05981,0.26571,1.00000,1.00000,0.14000,0.62649,0.02800,0.44435,0.00000,0.00000,0.00000,1.02000,-1.00000,0.00000,1.00000,0.00000,0.00000,17.00000,0.00000,1.06349,0.18000,1.00000,1.00000
22.53333,0.00000,8.36087,4.46092,-8.17216,0.00000,0.22000,0.00000,0.04476,53.31299,-0.00024,-0.00139,1.00432,0.00091,1.00508,0.00150,0.04066,1.04932,0.26143,1.00000,1.00000,0.14000,0.62473,0.02800,0.44588,0.00000,0.00000,0.00000,1.02000,-1.00000,0.00000,1.00000,0.00000,0.00000,17.00000,0.00000,1.06254,0.18000,1.00000,1.00000
22.56667,0.00000,8.39392,4.47936,-8.09697,0.00000,0.22000,0.00000,0.04569,53.39675,0.00099,0.00116,1.00314,0.00067,1.00370,0.00142,0.02960,1.04132,0.25832,1.00000,1.00000,0.14000,0.62344,0.02800,0.44700,0.00000,0.00000,0.00000,1.02000,-1.00000,0.00000,1.00000,0.00000,0.00000,17.00000,0.00000,1.06185,0.18000,1.00000,1.00000
22.60000,0.00000,8.42457,4.49675,-8.02000,0.00000,0.22000,0.00000,0.04688,53.49162,-0.00063,-0.00029,1.00229,0.00048,1.00269,0.00136,0.02155,1.03513,0.25606,1.00000,1.00000,0.14000,0.62250,0.02800,0.44782,0.00000,0.00000,0.00000,1.02000,-1.00000,0.00000,1.00000,0.00000,0.00000,17.00000,0.00000,1.06135,0.18000,1.00000,1.00000
22.63333,0.00000,8.45326,4.51335,-7.94175,0.00000,0.22000,0.00000,0.04740,53.59478,-0.00032,-0.00067,1.00167,0.00035,1.00196,0.00132,0.01569,1.03027,0.25441,1.00000,1.00000,0.14000,0.62182,0.02800,0.44841,0.00000,0.00000,0.00000,1.02000,-1.00000,0.00000,1.00000,0.00000,0.00000,17.00000,0.00000,1.06098,0.18000,1.00000,1.00000
22.66667,0.00000,8.48033,4.52931,-7.86259,0.00000,0.22000,0.00000,0.04745,53.70412,0.00088,0.00125,1.00121,0.00026,1.00143,0.00154,0.01142,1.02636,0.25321,1.00000,1.00000,0.15869,0.62133,0.02800,0.44884,0.00000,0.00000,0.00000,1.02000,-1.00000,0.00000,1.00000,0.00000,0.00000,17.00000,0.00000,1.06071,0.18000,1.00000,1.00000
22.70000,0.00000,8.50603,4.54478,-7.78278,0.00000,0.22000,0.00000,0.04759,53.81814,-0.00044,-0.00117,1.00088,0.00019,1.00104,0.00126,0.00831,1.02316,0.25234,1.00000,1.00000,0.14000,0.62097,0.02800,0.44916,0.00000,0.00000,0.00000,1.02000,-1.00000,0.00000,1.00000,0.00000,0.00000,17.00000,0.00000,1.06052,0.18000,1.00000,1.00000
22.73333,0.00000,8.53053,4.55985,-7.70251,0.00000,0.22000,0.00000,0.04801,53.93573,-0.00071,0.00037,1.00064,0.00014,1.00076,0.00125,0.00605,1.02046,0.25170,1.00000,1.00000,0.14000,0.62070,0.02800,0.44939,0.00000,0.00000,0.00000,1.02000,-1.00000,0.00000,1.00000,0.00000,0.00000,17.00000,0.00000,1.06038,0.18000,1.00000,1.00000
22.76667,0.00000,8.55656,4.57597,-7.62423,0.00000,0.22000,0.00000,0.04844,54.04018,0.00136,0.00058,1.00000,0.00000,1.00000,0.00120,0.00000,1.01550,0.25000,1.00000,1.00000,0.14000,0.62000,0.02800,0.45000,0.00000,0.00000,0.00000,1.02000,-1.00000,0.00000,1.00000,0.00000,0.00000,17.00000,0.00000,1.06000,0.18000,1.00000,1.00000
22.80000,0.00000,8.57833,4.59005,-7.54278,0.00000,0.22000,0.00000,0.04873,54.16701,-0.00102,-0.00115,1.00000,0.00000,1.00000,0.00132,0.00000,1.01415,0.25000,1.00000,1.00000,0.14863,0.62000,0.02800,0.45000,0.00000,0.00000,0.00000,1.02000,-1.00000,0.00000,1.00000,0.00000,0.00000,17.00000,0.00000,1.06000,0.18000,1.00000,1.00000
22.83333,0.00000,8.21714,4.39933,-7.12970,0.00000,0.22000,0.00000,0.05326,56.74274,0.00032,0.00739,1.07190,0.01522,1.08458,0.00635,0.67666,1.40554,0.44031,1.00000,1.00000,0.14582,0.69866,0.02800,0.38149,0.00000,0.00000,0.00000,1.02000,-1.00000,0.00000,1.00000,0.00000,0.00000,17.00000,0.00000,1.10229,0.18000,1.00000,1.00000
22.86667,0.00000,8.33741,4.46652,-7.13826,0.00000,0.22000,0.00000,0.03901,56.20974,0.00298,-0.00197,1.05234,0.01108,1.06158,0.00496,0.49261,1.29885,0.38855,1.00000,1.00000,0.14491,0.67727,0.02800,0.40012,0.00000,0.00000,0.00000,1.02000,-1.00000,0.00000,1.00000,0.00000,0.00000,17.00000,0.00000,1.09079,0.18000,1.00000,1.00000
22.90000,0.00000,8.43155,4.52000,-7.12309,0.00000,0.22000,0.00000,0.04224,55.85561,-0.00115,-0.00194,1.03810,0.00807,1.04483,0.00390,0.35862,1.22005,0.35086,1.00000,1.00000,0.14091,0.66169,0.02800,0.41369,0.00000,0.00000,0.00000,1.02000,-1.00000,0.00000,1.00000,0.00000,0.00000,17.00000,0.00000,1.08241,0.18000,1.00000,1.00000
22.93333,0.00000,8.50573,4.56304,-7.09020,0.00000,0.22000,0.00000,0.05155,55.63236,-0.00189,0.00328,1.02774,0.00587,1.03263,0.00316,0.26107,1.16192,0.32343,1.00000,1.00000,0.14000,0.65035,0.02800,0.42357,0.00000,0.00000,0.00000,1.02000,-1.00000,0.00000,1.00000,0.00000,0.00000,17.00000,0.00000,1.07632,0.18000,1.00000,1.00000
22.96667,0.00000,8.56475,4.59823,-7.04423,0.00000,0.22000,0.00000,0.05449,55.50490,0.00298,-0.00263,1.02019,0.00428,1.02376,0.00270,0.19006,1.11904,0.30345,1.00000,1.00000,0.14530,0.64209,0.02800,0.43076,0.00000,0.00000,0.00000,1.02000,-1.00000,0.00000,1.00000,0.00000,0.00000,17.00000,0.00000,1.07188,0.18000,1.00000,1.00000
23.00000,0.00000,8.61230,4.62751,-6.98869,0.00000,0.22000,0.00000,0.05111,55.44753,-0.00169,0.00090,1.01470,0.00311,1.01730,0.00226,0.13836,1.08736,0.28891,1.00000,1.00000,0.14156,0.63608,0.02800,0.43599,0.00000,0.00000,0.00000,1.02000,-1.00000,0.00000,1.00000,0.00000,0.00000,17.00000,0.00000,1.06865,0.18000,1.00000,1.00000
23.03333,0.00000,8.65119,4.65239,-6.92617,0.00000,0.22000,0.00000,0.04802,55.44152,-0.00036,0.00073,1.01070,0.00227,1.01259,0.00196,0.10073,1.06389,0.27833,1.00000,1.00000,0.14000,0.63171,0.02800,0.43980,0.00000,0.00000,0.00000,1.02000,-1.00000,0.00000,1.00000,0.00000,0.00000,17.00000,0.00000,1.06630,0.18000,1.00000,1.00000
23.06667,0.00000,8.68351,4.67398,-6.85860,0.00000,0.22000,0.00000,0.04840,55.47316,0.00141,-0.00155,1.00779,0.00165,1.00917,0.00179,0.07333,1.04641,0.27062,1.00000,1.00000,0.14307,0.62852,0.02800,0.44258,0.00000,0.00000,0.00000,1.02000,-1.00000,0.00000,1.00000,0.00000,0.00000,17.00000,0.00000,1.06458,0.18000,1.00000,1.00000
23.10000,0.00000,8.71081,4.69311,-6.78741,0.00000,0.22000,0.00000,0.05025,55.53246,-0.00099,0.00143,1.00567,0.00120,1.00667,0.00160,0.05338,1.03331,0.26501,1.00000,1.00000,0.14000,0.62621,0.02800,0.44459,0.00000,0.00000,0.00000,1.02000,-1.00000,0.00000,1.00000,0.00000,0.00000,17.00000,0.00000,1.06334,0.18000,1.00000,1.00000
23.13333,0.00000,8.73425,4.71040,-6.71361,0.00000,0.22000,0.00000,0.05094,55.61210,-0.00016,-0.00060,1.00413,0.00087,1.00486,0.00149,0.03886,1.02340,0.26093,1.00000,1.00000,0.14000,0.62452,0.02800,0.44607,0.00000,0.00000,0.00000,1.02000,-1.00000,0.00000,1.00000,0.00000,0.00000,17.00000,0.00000,1.06243,0.18000,1.00000,1.00000
23.16667,0.00000,8.75467,4.72629,-6.63797,0.00000,0.22000,0.00000,0.05027,55.70677,0.00083,-0.00041,1.00301,0.00064,1.00354,0.00142,0.02829,1.01582,0.25796,1.00000,1.00000,0.14094,0.62329,0.02800,0.44714,0.00000,0.00000,0.00000,1.02000,-1.00000,0.00000,1.00000,0.00000,0.00000,17.00000,0.00000,1.06177,0.18000,1.00000,1.00000
23.20000,0.00000,8.77272,4.74114,-6.56103,0.00000,0.22000,0.00000,0.04951,55.81258,-0.00041,0.00107,1.00219,0.00046,1.00257,0.00137,0.02060,1.00993,0.25579,1.00000,1.00000,0.14091,0.62239,0.02800,0.44791,0.00000,0.00000,0.00000,1.02000,-1.00000,0.00000,1.00000,0.00000,0.00000,17.00000,0.00000,1.06129,0.18000,1.00000,1.00000
23.23333,0.00000,8.78884,4.75517,-6.48319,0.00000,0.22000,0.00000,0.04940,55.92670,-0.00063,-0.00111,1.00159,0.00034,1.00187,0.00140,0.01499,1.00528,0.25422,1.00000,1.00000,0.14671,0.62174,0.02800,0.44848,0.00000,0.00000,0.00000,1.02000,-1.00000,0.00000,1.00000,0.00000,0.00000,17.00000,0.00000,1.06094,0.18000,1.00000,1.00000
23.26667,0.00000,8.80337,4.76857,-6.40474,0.00000,0.22000,0.00000,0.04962,56.04705,0.00130,0.00052,1.00116,0.00025,1.00136,0.00128,0.01092,1.00152,0.25307,1.00000,1.00000,0.14000,0.62127,0.02800,0.44889,0.00000,0.00000,0.00000,1.02000,-1.00000,0.00000,1.00000,0.00000,0.00000,17.00000,0.00000,1.06068,0.18000,1.00000,1.00000
23.30000,0.00000,8.82138,4.78408,-6.32934,0.00000,0.22000,0.00000,0.04943,56.14240,-0.00094,0.00026,1.00000,0.00000,1.00000,0.00123,0.00000,0.99377,0.25000,1.00000,1.00000,0.14205,0.62000,0.02800,0.45000,0.00000,0.00000,0.00000,1.02000,-1.00000,0.00000,1.00000,0.00000,0.00000,17.00000,0.00000,1.06000,0.18000,1.00000,1.00000
23.33333,0.00000,8.83211,4.79587,-6.24926,0.00000,0.22000,0.00000,0.04922,56.27914,0.00010,-0.00085,1.00000,0.00000,1.00000,0.00125,0.00000,0.99240,0.25000,1.00000,1.00000,0.14364,0.62000,0.02800,0.45000,0.00000,0.00000,0.00000,1.02000,-1.00000,0.00000,1.00000,0.00000,0.00000,17.00000,0.00000,1.06000,0.18000,1.00000,1.00000
23.36667,1.00000,0.00000,0.00000,-20.00000,0.00000,0.00000,0.00000,0.00086,48.00000,0.00329,0.00581,1.05875,0.51030,1.06912,0.00535,0.55298,1.34561,0.40552,1.10000,1.00000,0.14000,0.77258,0.02800,0.35023,0.70120,0.00000,0.00000,1.02000,-1.00000,0.00000,1.00000,0.00000,0.00000,17.00000,0.00000,1.09456,0.18000,1.00000,1.00000
23.40000,1.00000,0.00000,0.00000,-20.00000,0.00000,0.00000,0.00000,-0.00091,48.00000,-0.00171,-0.00247,1.04277,0.34541,1.05032,0.00424,0.40256,1.25160,0.36322,1.10000,1.00000,0.14140,0.75284,0.02800,0.36377,0.70592,0.00000,0.00000,1.02000,-1.00000,0.00000,1.00000,0.00000,0.00000,17.00000,0.00000,1.08516,0.18000,1.00000,1.00000
23.43333,1.00000,0.00000,0.00000,-20.00000,0.00000,0.00000,0.00000,0.00810,48.00000,-0.00162,-0.00078,1.03114,0.23383,1.03663,0.00340,0.29307,1.18317,0.33242,1.10000,1.00000,0.14000,0.73846,0.02800,0.37362,0.71064,0.00000,0.00000,1.02000,-1.00000,0.00000,1.00000,0.00000,0.00000,17.00000,0.00000,1.07832,0.18000,1.00000,1.00000
23.46667,1.00000,0.00000,0.00000,-20.00000,0.00000,0.00000,0.00000,0.01306,48.00000,0.00289,0.00234,1.02267,0.15832,1.02667,0.00283,0.21335,1.13334,0.31000,1.10000,1.00000,0.14200,0.72800,0.02800,0.38080,0.71536,0.00000,0.00000,1.02000,-1.00000,0.00000,1.00000,0.00000,0.00000,17.00000,0.00000,1.07333,0.18000,1.00000,1.00000
23.50000,1.00000,0.00000,0.00000,-20.00000,0.00000,0.00000,0.00000,0.01034,48.00000,-0.00168,-0.00219,1.01650,0.10721,1.01941,0.00237,0.15532,1.09707,0.29368,1.10000,1.00000,0.14073,0.72039,0.02800,0.38602,0.72008,0.00000,0.00000,1.02000,-1.00000,0.00000,1.00000,0.00000,0.00000,17.00000,0.00000,1.06971,0.18000,1.00000,1.00000
23.53333,1.00000,0.00000,0.00000,-20.00000,0.00000,0.00000,0.00000,0.00602,48.00000,-0.00039,0.00108,1.01201,0.07262,1.01413,0.00210,0.11307,1.07067,0.28180,1.10000,1.00000,0.14406,0.71484,0.02800,0.38982,0.72481,0.00000,0.00000,1.02000,-1.00000,0.00000,1.00000,0.00000,0.00000,17.00000,0.00000,1.06707,0.18000,1.00000,1.00000
23.56667,1.00000,0.00000,0.00000,-20.00000,0.00000,0.00000,0.00000,0.00499,48.00000,0.00160,0.00028,1.00875,0.04919,1.01029,0.00182,0.08232,1.05145,0.27315,1.10000,1.00000,0.14039,0.71080,0.02800,0.39259,0.72953,0.00000,0.00000,1.02000,-1.00000,0.00000,1.00000,0.00000,0.00000,17.00000,0.00000,1.06514,0.18000,1.00000,1.00000
23.60000,1.00000,0.00000,0.00000,-20.00000,0.00000,0.00000,0.00000,0.00636,48.00000,-0.00121,-0.00117,1.00637,0.03333,1.00749,0.00165,0.05992,1.03745,0.26685,1.10000,1.00000,0.14000,0.70787,0.02800,0.39461,0.73425,0.00000,0.00000,1.02000,-1.00000,0.00000,1.00000,0.00000,0.00000,17.00000,0.00000,1.06375,0.18000,1.00000,1.00000
23.63333,1.00000,0.00000,0.00000,-20.00000,0.00000,0.00000,0.00000,0.00712,48.00000,0.00003,0.00130,1.00464,0.02259,1.00545,0.00154,0.04363,1.02727,0.26227,1.10000,1.00000,0.14075,0.70573,0.02800,0.39607,0.73897,0.00000,0.00000,1.02000,-1.00000,0.00000,1.00000,0.00000,0.00000,17.00000,0.00000,1.06273,0.18000,1.00000,1.00000
23.66667,1.00000,0.00000,0.00000,-20.00000,0.00000,0.00000,0.00000,0.00630,48.00000,0.00073,-0.00073,1.00337,0.01531,1.00397,0.00144,0.03176,1.01985,0.25893,1.10000,1.00000,0.14000,0.70417,0.02800,0.39714,0.74369,0.00000,0.00000,1.02000,-1.00000,0.00000,1.00000,0.00000,0.00000,17.00000,0.00000,1.06198,0.18000,1.00000,1.00000
23.70000,1.00000,0.00000,0.00000,-20.00000,0.00000,0.00000,0.00000,0.00501,48.00000,-0.00042,-0.00013,1.00246,0.01038,1.00289,0.00137,0.02312,1.01445,0.25650,1.10000,1.00000,0.14000,0.70303,0.02800,0.39792,0.74841,0.00000,0.00000,1.02000,-1.00000,0.00000,1.00000,0.00000,0.00000,17.00000,0.00000,1.06145,0.18000,1.00000,1.00000
23.73333,1.00000,0.00000,0.00000,-20.00000,0.00000,0.00000,0.00000,0.00432,48.00000,-0.00060,0.00085,1.00179,0.00704,1.00210,0.00133,0.01683,1.01052,0.25473,1.10000,1.00000,0.14000,0.70221,0.02800,0.39849,0.75313,0.00000,0.00000,1.02000,-1.00000,0.00000,1.00000,0.00000,0.00000,17.00000,0.00000,1.06105,0.18000,1.00000,1.00000
23.76667,1.00000,0.00000,0.00000,-20.00000,0.00000,0.00000,0.00000,0.00415,48.00000,0.00129,-0.00101,1.00130,0.00478,1.00153,0.00136,0.01225,1.00766,0.25345,1.10000,1.00000,0.14494,0.70161,0.02800,0.39890,0.75785,0.00000,0.00000,1.02000,-1.00000,0.00000,1.00000,0.00000,0.00000,17.00000,0.00000,1.06077,0.18000,1.00000,1.00000
23.80000,1.00000,0.00000,0.00000,-20.00000,0.00000,0.00000,0.00000,0.00390,48.00000,-0.00110,0.00065,1.00095,0.00324,1.00112,0.00127,0.00892,1.00558,0.25251,1.10000,1.00000,0.14000,0.70117,0.02800,0.39920,0.76257,0.00000,0.00000,1.02000,-1.00000,0.00000,1.00000,0.00000,0.00000,17.00000,0.00000,1.06056,0.18000,1.00000,1.00000
23.83333,1.00000,0.00000,0.00000,-20.00000,0.00000,0.00000,0.00000,0.00318,48.00000,0.00015,0.00006,1.00000,0.00205,1.00000,0.00120,0.00000,1.00000,0.25000,1.10000,1.00000,0.14000,0.70000,0.02800,0.40000,0.76730,0.00000,0.00000,1.02000,-1.00000,0.00000,1.00000,0.00000,0.00000,17.00000,0.00000,1.06000,0.18000,1.00000,1.00000
23.86667,1.00000,0.00000,0.00000,-20.00000,0.00000,0.00000,0.00000,0.00264,48.00000,0.00056,-0.00067,1.00000,0.00000,1.00000,0.00120,0.00000,1.00000,0.25000,1.10000,1.00000,0.14000,0.70000,0.02800,0.40000,0.77202,0.00000,0.00000,1.02000,-1.00000,0.00000,1.00000,0.00000,0.00000,17.00000,0.00000,1.06000,0.18000,1.00000,1.00000
23.90000,1.00000,0.00000,0.00000,-20.00000,0.00000,0.00000,0.00000,-0.01194,48.00000,-0.00286,0.00556,1.05974,0.01265,1.07028,0.00543,0.56227,1.35142,0.40814,1.10000,1.00000,0.14104,0.77380,0.02800,0.34940,0.77674,0.00000,0.00000,1.02000,-1.00000,0.00000,1.00000,0.00000,0.00000,17.00000,0.00000,1.09514,0.18000,1.00000,1.00000
23.93333,1.00000,0.00000,0.00000,-20.00000,0.00000,0.00000,0.00000,-0.00241,48.00000,-0.00140,-0.00288,1.04349,0.00921,1.05117,0.00435,0.40933,1.25583,0.36512,1.10000,1.00000,0.14575,0.75372,0.02800,0.36316,0.78146,0.00000,0.00000,1.02000,-1.00000,0.00000,1.00000,0.00000,0.00000,17.00000,0.00000,1.08558,0.18000,1.00000,1.00000
23.96667,1.00000,0.00000,0.00000,-20.00000,0.00000,0.00000,0.00000,0.00651,48.00000,0.00337,-0.00006,1.03166,0.00670,1.03725,0.00343,0.29799,1.18624,0.33381,1.10000,1.00000,0.14000,0.73911,0.02800,0.37318,0.78618,0.00000,0.00000,1.02000,-1.00000,0.00000,1.00000,0.00000,0.00000,17.00000,0.00000,1.07862,0.18000,1.00000,1.00000
24.00000,1.00000,0.00000,0.00000,-20.00000,0.00000,0.00000,0.00000,0.00517,48.00000,-0.00210,0.00191,1.02305,0.00488,1.02712,0.00283,0.21694,1.13558,0.31101,1.10000,1.00000,0.14000,0.72847,0.02800,0.38048,0.79090,0.00000,0.00000,1.02000,-1.00000,0.00000,1.00000,0.00000,0.00000,17.00000,0.00000,1.07356,0.18000,1.00000,1.00000
24.03333,1.00000,0.00000,0.00000,-20.00000,0.00000,0.00000,0.00000,-0.00080,48.00000,-0.00049,-0.00212,1.01678,0.00355,1.01974,0.00242,0.15793,1.09871,0.29442,1.10000,1.00000,0.14231,0.72073,0.02800,0.38579,0.79562,0.00000,0.00000,1.02000,-1.00000,0.00000,1.00000,0.00000,0.00000,17.00000,0.00000,1.06987,0.18000,1.00000,1.00000
24.06667,1.00000,0.00000,0.00000,-20.00000,0.00000,0.00000,0.00000,-0.00356,48.00000,0.00202,0.00131,1.01222,0.00259,1.01437,0.00211,0.11497,1.07186,0.28234,1.10000,1.00000,0.14322,0.71509,0.02800,0.38965,0.80034,0.00000,0.00000,1.02000,-1.00000,0.00000,1.00000,0.00000,0.00000,17.00000,0.00000,1.06719,0.18000,1.00000,1.00000
24.10000,1.00000,0.00000,0.00000,-20.00000,0.00000,0.00000,0.00000,-0.00232,48.00000,-0.00183,-0.00005,1.00889,0.00188,1.01046,0.00183,0.08370,1.05231,0.27354,1.10000,1.00000,0.14000,0.71099,0.02800,0.39247,0.80507,0.00000,0.00000,1.02000,-1.00000,0.00000,1.00000,0.00000,0.00000,17.00000,0.00000,1.06523,0.18000,1.00000,1.00000
24.13333,1.00000,0.00000,0.00000,-20.00000,0.00000,0.00000,0.00000,-0.00084,48.00000,0.00028,-0.00108,1.00647,0.00137,1.00762,0.00166,0.06093,1.03808,0.26714,1.10000,1.00000,0.14000,0.70800,0.02800,0.39452,0.80979,0.00000,0.00000,1.02000,-1.00000,0.00000,1.00000,0.00000,0.00000,17.00000,0.00000,1.06381,0.18000,1.00000,1.00000
24.16667,1.00000,0.00000,0.00000,-20.00000,0.00000,0.00000,0.00000,-0.00137,48.00000,0.00084,0.00142,1.00471,0.00100,1.00554,0.00158,0.04436,1.02772,0.26248,1.10000,1.00000,0.14351,0.70582,0.02800,0.39601,0.81451,0.00000,0.00000,1.02000,-1.00000,0.00000,1.00000,0.00000,0.00000,17.00000,0.00000,1.06277,0.18000,1.00000,1.00000
24.20000,1.00000,0.00000,0.00000,-20.00000,0.00000,0.00000,0.00000,-0.00299,48.00000,-0.00057,-0.00097,1.00343,0.00073,1.00404,0.00144,0.03229,1.02018,0.25908,1.10000,1.00000,0.14000,0.70424,0.02800,0.39709,0.81923,0.00000,0.00000,1.02000,-1.00000,0.00000,1.00000,0.00000,0.00000,17.00000,0.00000,1.06202,0.18000,1.00000,1.00000
24.23333,1.00000,0.00000,0.00000,-20.00000,0.00000,0.00000,0.00000,-0.00405,48.00000,-0.00060,0.00008,1.00250,0.00053,1.00294,0.00144,0.02351,1.01469,0.25661,1.10000,1.00000,0.14458,0.70309,0.02800,0.39788,0.82395,0.00000,0.00000,1.02000,-1.00000,0.00000,1.00000,0.00000,0.00000,17.00000,0.00000,1.06147,0.18000,1.00000,1.00000
24.26667,1.00000,0.00000,0.00000,-20.00000,0.00000,0.00000,0.00000,-0.00426,48.00000,0.00135,0.00064,1.00182,0.00039,1.00214,0.00133,0.01711,1.01070,0.25481,1.10000,1.00000,0.14000,0.70225,0.02800,0.39846,0.82867,0.00000,0.00000,1.02000,-1.00000,0.00000,1.00000,0.00000,0.00000,17.00000,0.00000,1.06107,0.18000,1.00000,1.00000
24.30000,1.00000,0.00000,0.00000,-20.00000,0.00000,0.00000,0.00000,-0.00435,48.00000,-0.00111,-0.00090,1.00132,0.00028,1.00156,0.00131,0.01246,1.00779,0.25350,1.10000,1.00000,0.14109,0.70164,0.02800,0.39888,0.83339,0.00000,0.00000,1.02000,-1.00000,0.00000,1.00000,0.00000,0.00000,17.00000,0.00000,1.06078,0.18000,1.00000,1.00000
24.33333,1.00000,0.00000,0.00000,-20.00000,0.00000,0.00000,0.00000,-0.00480,48.00000,0.00020,0.00068,1.00096,0.00020,1.00113,0.00127,0.00907,1.00567,0.25255,1.10000,1.00000,0.14000,0.70119,0.02800,0.39918,0.83811,0.00000,0.00000,1.02000,-1.00000,0.00000,1.00000,0.00000,0.00000,17.00000,0.00000,1.06057,0.18000,1.00000,1.00000
24.36667,1.00000,0.00000,0.00000,-20.00000,0.00000,0.00000,0.00000,-0.00550,48.00000,0.00059,-0.00009,1.00000,0.00000,1.00000,0.00125,0.00000,1.00000,0.25000,1.10000,1.00000,0.14343,0.70000,0.02800,0.40000,0.84284,0.00000,0.00000,1.02000,-1.00000,0.00000,1.00000,0.00000,0.00000,17.00000,0.00000,1.06000,0.18000,1.00000,1.00000
24.40000,1.00000,0.00000,0.00000,-20.00000,0.00000,0.00000,0.00000,-0.00597,48.00000,-0.00057,-0.00050,1.00000,0.00000,1.00000,0.00127,0.00000,1.00000,0.25000,1.10000,1.00000,0.14512,0.70000,0.02800,0.40000,0.84756,0.00000,0.00000,1.02000,-1.00000,0.00000,1.00000,0.00000,0.00000,17.00000,0.00000,1.06000,0.18000,1.00000,1.00000
24.43333,1.00000,0.00000,0.00000,-20.00000,0.00000,0.00000,0.00000,-0.01595,48.00000,-0.00095,0.00517,1.05978,0.01266,1.07033,0.00544,0.56262,1.35164,0.40824,1.10000,1.00000,0.14187,0.77384,0.02800,0.34936,0.85228,0.00000,0.00000,1.02000,-1.00000,0.00000,1.00000,0.00000,0.00000,17.00000,0.00000,1.09516,0.18000,1.00000,1.00000
24.46667,1.00000,0.00000,0.00000,-20.00000,0.00000,0.00000,0.00000,-0.00203,48.00000,0.00386,-0.00313,1.04352,0.00922,1.05120,0.00428,0.40959,1.25599,0.36520,1.10000,1.00000,0.14047,0.75376,0.02800,0.36314,0.85700,0.00000,0.00000,1.02000,-1.00000,0.00000,1.00000,0.00000,0.00000,17.00000,0.00000,1.08560,0.18000,1.00000,1.00000
24.50000,1.00000,0.00000,0.00000,-20.00000,0.00000,0.00000,0.00000,0.00013,48.00000,-0.00247,0.00047,1.03168,0.00671,1.03727,0.00344,0.29818,1.18636,0.33386,1.10000,1.00000,0.14036,0.73914,0.02800,0.37316,0.86172,0.00000,0.00000,1.02000,-1.00000,0.00000,1.00000,0.00000,0.00000,17.00000,0.00000,1.07864,0.18000,1.00000,1.00000
24.53333,1.00000,0.00000,0.00000,-20.00000,0.00000,0.00000,0.00000,-0.00661,48.00000,-0.00061,0.00137,1.02306,0.00488,1.02713,0.00286,0.21707,1.13567,0.31105,1.10000,1.00000,0.14244,0.72849,0.02800,0.38046,0.86644,0.00000,0.00000,1.02000,-1.00000,0.00000,1.00000,0.00000,0.00000,17.00000,0.00000,1.07357,0.18000,1.00000,1.00000
24.56667,1.00000,0.00000,0.00000,-20.00000,0.00000,0.00000,0.00000,-0.01139,48.00000,0.00248,-0.00191,1.01679,0.00356,1.01975,0.00239,0.15803,1.09877,0.29445,1.10000,1.00000,0.14000,0.72074,0.02800,0.38578,0.87116,0.00000,0.00000,1.02000,-1.00000,0.00000,1.00000,0.00000,0.00000,17.00000,0.00000,1.06988,0.18000,1.00000,1.00000
24.60000,1.00000,0.00000,0.00000,-20.00000,0.00000,0.00000,0.00000,-0.01048,48.00000,-0.00212,0.00135,1.01222,0.00259,1.01438,0.00211,0.11504,1.07190,0.28236,1.10000,1.00000,0.14364,0.71510,0.02800,0.38965,0.87588,0.00000,0.00000,1.02000,-1.00000,0.00000,1.00000,0.00000,0.00000,17.00000,0.00000,1.06719,0.18000,1.00000,1.00000
24.63333,1.00000,0.00000,0.00000,-20.00000,0.00000,0.00000,0.00000,-0.00784,48.00000,0.00047,-0.00026,1.00890,0.00188,1.01047,0.00183,0.08375,1.05234,0.27356,1.10000,1.00000,0.14000,0.71099,0.02800,0.39246,0.88061,0.00000,0.00000,1.02000,-1.00000,0.00000,1.00000,0.00000,0.00000,17.00000,0.00000,1.06523,0.18000,1.00000,1.00000
24.66667,1.00000,0.00000,0.00000,-20.00000,0.00000,0.00000,0.00000,-0.00736,48.00000,0.00069,-0.00065,1.00648,0.00137,1.00762,0.00166,0.06097,1.03811,0.26715,1.10000,1.00000,0.14000,0.70800,0.02800,0.39451,0.88533,0.00000,0.00000,1.02000,-1.00000,0.00000,1.00000,0.00000,0.00000,17.00000,0.00000,1.06381,0.18000,1.00000,1.00000
24.70000,1.00000,0.00000,0.00000,-20.00000,0.00000,0.00000,0.00000,-0.00879,48.00000,-0.00058,0.00106,1.00472,0.00100,1.00555,0.00153,0.04439,1.02774,0.26248,1.10000,1.00000,0.14000,0.70583,0.02800,0.39601,0.89005,0.00000,0.00000,1.02000,-1.00000,0.00000,1.00000,0.00000,0.00000,17.00000,0.00000,1.06277,0.18000,1.00000,1.00000
24.73333,1.00000,0.00000,0.00000,-20.00000,0.00000,0.00000,0.00000,-0.00999,48.00000,-0.00048,-0.00085,1.00343,0.00073,1.00404,0.00150,0.03231,1.02020,0.25909,1.10000,1.00000,0.14408,0.70424,0.02800,0.39709,0.89477,0.00000,0.00000,1.02000,-1.00000,0.00000,1.00000,0.00000,0.00000,17.00000,0.00000,1.06202,0.18000,1.00000,1.00000
24.76667,1.00000,0.00000,0.00000,-20.00000,0.00000,0.00000,0.00000,-0.01002,48.00000,0.00140,0.00023,1.00250,0.00053,1.00294,0.00146,0.02352,1.01470,0.25662,1.10000,1.00000,0.14593,0.70309,0.02800,0.39788,0.89949,0.00000,0.00000,1.02000,-1.00000,0.00000,1.00000,0.00000,0.00000,17.00000,0.00000,1.06147,0.18000,1.00000,1.00000
24.80000,1.00000,0.00000,0.00000,-20.00000,0.00000,0.00000,0.00000,-0.00958,48.00000,-0.00135,0.00051,1.00182,0.00039,1.00214,0.00133,0.01713,1.01070,0.25482,1.10000,1.00000,0.14000,0.70225,0.02800,0.39846,0.90421,0.00000,0.00000,1.02000,-1.00000,0.00000,1.00000,0.00000,0.00000,17.00000,0.00000,1.06107,0.18000,1.00000,1.00000
24.83333,1.00000,0.00000,0.00000,-20.00000,0.00000,0.00000,0.00000,-0.00950,48.00000,0.00026,-0.00094,1.00132,0.00028,1.00156,0.00129,0.01247,1.00779,0.25351,1.10000,1.00000,0.14000,0.70164,0.02800,0.39888,0.90893,0.00000,0.00000,1.02000,-1.00000,0.00000,1.00000,0.00000,0.00000,17.00000,0.00000,1.06078,0.18000,1.00000,1.00000
24.86667,1.00000,0.00000,0.00000,-20.00000,0.00000,0.00000,0.00000,-0.00981,48.00000,0.00079,0.00081,1.00096,0.00020,1.00113,0.00133,0.00908,1.00567,0.25255,1.10000,1.00000,0.14468,0.70119,0.02800,0.39918,0.91365,0.00000,0.00000,1.02000,-1.00000,0.00000,1.00000,0.00000,0.00000,17.00000,0.00000,1.06057,0.18000,1.00000,1.00000
24.90000,1.00000,0.00000,0.00000,-20.00000,0.00000,0.00000,0.00000,-0.00997,48.00000,-0.00080,-0.00023,1.00000,0.00000,1.00000,0.00125,0.00000,1.00000,0.25000,1.10000,1.00000,0.14385,0.70000,0.02800,0.40000,0.91837,0.00000,0.00000,1.02000,-1.00000,0.00000,1.00000,0.00000,0.00000,17.00000,0.00000,1.06000,0.18000,1.00000,1.00000
24.93333,1.00000,0.00000,0.00000,-20.00000,0.00000,0.00000,0.00000,-0.01000,48.00000,0.00001,-0.00040,1.00000,0.00000,1.00000,0.00122,0.00000,1.00000,0.25000,1.10000,1.00000,0.14159,0.70000,0.02800,0.40000,0.92310,0.00000,0.00000,1.02000,-1.00000,0.00000,1.00000,0.00000,0.00000,17.00000,0.00000,1.06000,0.18000,1.00000,1.00000
24.96667,1.00000,0.00000,0.00000,-20.00000,0.00000,0.00000,0.00000,-0.00783,48.00000,0.00453,0.00460,1.06669,0.01412,1.07846,0.00591,0.62770,1.39231,0.42654,1.10000,1.00000,0.14000,0.78239,0.02800,0.34351,0.92782,0.00000,0.00000,1.02000,-1.00000,0.00000,1.00000,0.00000,0.00000,17.00000,0.00000,1.09923,0.18000,1.00000,1.00000
25.00000,1.00000,0.00000,0.00000,-20.00000,0.00000,0.00000,0.00000,0.00124,48.00000,-0.00210,-0.00214,1.04855,0.01028,1.05712,0.00463,0.45696,1.28560,0.37852,1.10000,1.00000,0.14000,0.75998,0.02800,0.35887,0.93254,0.00000,0.00000,1.02000,-1.00000,0.00000,1.00000,0.00000,0.00000,17.00000,0.00000,1.08856,0.18000,1.00000,1.00000
25.03333,1.00000,0.00000,0.00000,-20.00000,0.00000,0.00000,0.00000,-0.00564,48.00000,-0.00042,0.00044,1.03535,0.00749,1.04158,0.00370,0.33267,1.20792,0.34356,1.10000,1.00000,0.14000,0.74366,0.02800,0.37006,0.93726,0.00000,0.00000,1.02000,-1.00000,0.00000,1.00000,0.00000,0.00000,17.00000,0.00000,1.08079,0.18000,1.00000,1.00000
25.06667,1.00000,0.00000,0.00000,-20.00000,0.00000,0.00000,0.00000,-0.01368,48.00000,0.00160,0.00050,1.02573,0.00545,1.03027,0.00302,0.24218,1.15136,0.31811,1.10000,1.00000,0.14000,0.73179,0.02800,0.37820,0.94198,0.00000,0.00000,1.02000,-1.00000,0.00000,1.00000,0.00000,0.00000,17.00000,0.00000,1.07514,0.18000,1.00000,1.00000
25.10000,1.00000,0.00000,0.00000,-20.00000,0.00000,0.00000,0.00000,-0.01379,48.00000,-0.00134,-0.00082,1.01873,0.00397,1.02204,0.00252,0.17631,1.11019,0.29959,1.10000,1.00000,0.14000,0.72314,0.02800,0.38413,0.94670,0.00000,0.00000,1.02000,-1.00000,0.00000,1.00000,0.00000,0.00000,17.00000,0.00000,1.07102,0.18000,1.00000,1.00000
25.13333,1.00000,0.00000,0.00000,-20.00000,0.00000,0.00000,0.00000,-0.00944,48.00000,0.00060,0.00101,1.01364,0.00289,1.01604,0.00417,0.12835,1.08022,0.28610,1.10000,1.00000,0.28903,0.71685,0.02800,0.38845,0.95142,0.00000,0.00000,1.02000,-1.00000,0.00000,1.00000,0.00000,0.00000,17.00000,0.00000,1.06802,0.18000,1.00000,1.00000
25.16667,1.00000,0.00000,0.00000,-20.00000,0.00000,0.00000,0.00000,-0.00710,48.00000,0.00074,-0.00041,1.00993,0.00210,1.01168,0.00190,0.09344,1.05840,0.27628,1.10000,1.00000,0.14000,0.71226,0.02800,0.39159,0.95614,0.00000,0.00000,1.02000,-1.00000,0.00000,1.00000,0.00000,0.00000,17.00000,0.00000,1.06584,0.18000,1.00000,1.00000
25.20000,1.00000,0.00000,0.00000,-20.00000,0.00000,0.00000,0.00000,-0.00806,48.00000,-0.00073,-0.00048,1.00723,0.00153,1.00850,0.00171,0.06802,1.04251,0.26913,1.10000,1.00000,0.14000,0.70893,0.02800,0.39388,0.96087,0.00000,0.00000,1.02000,-1.00000,0.00000,1.00000,0.00000,0.00000,17.00000,0.00000,1.06425,0.18000,1.00000,1.00000
25.23333,1.00000,0.00000,0.00000,-20.00000,0.00000,0.00000,0.00000,-0.00952,48.00000,-0.00038,0.00094,1.00526,0.00111,1.00619,0.00157,0.04952,1.03095,0.26393,1.10000,1.00000,0.14000,0.70650,0.02800,0.39554,0.96559,0.00000,0.00000,1.02000,-1.00000,0.00000,1.00000,0.00000,0.00000,17.00000,0.00000,1.06310,0.18000,1.00000,1.00000
25.26667,1.00000,0.00000,0.00000,-20.00000,0.00000,0.00000,0.00000,-0.00944,48.00000,0.00134,-0.00082,1.00383,0.00081,1.00451,0.00147,0.03605,1.02253,0.26014,1.10000,1.00000,0.14000,0.70473,0.02800,0.39676,0.97031,0.00000,0.00000,1.02000,-1.00000,0.00000,1.00000,0.00000,0.00000,17.00000,0.00000,1.06225,0.18000,1.00000,1.00000
25.30000,1.00000,0.00000,0.00000,-20.00000,0.00000,0.00000,0.00000,-0.00832,48.00000,-0.00124,0.00029,1.00279,0.00059,1.00328,0.00140,0.02624,1.01640,0.25738,1.10000,1.00000,0.14000,0.70344,0.02800,0.39764,0.97503,0.00000,0.00000,1.02000,-1.00000,0.00000,1.00000,0.00000,0.00000,17.00000,0.00000,1.06164,0.18000,1.00000,1.00000
25.33333,1.00000,0.00000,0.00000,-20.00000,0.00000,0.00000,0.00000,-0.00750,48.00000,0.00025,0.00032,1.00203,0.00043,1.00239,0.00134,0.01911,1.01194,0.25537,1.10000,1.00000,0.14000,0.70251,0.02800,0.39828,0.97975,0.00000,0.00000,1.02000,-1.00000,0.00000,1.00000,0.00000,0.00000,17.00000,0.00000,1.06119,0.18000,1.00000,1.00000
25.36667,1.00000,0.00000,0.00000,-20.00000,0.00000,0.00000,0.00000,-0.00733,48.00000,0.00076,-0.00070,1.00148,0.00031,1.00174,0.00130,0.01391,1.00869,0.25391,1.10000,1.00000,0.14000,0.70183,0.02800,0.39875,0.98447,0.00000,0.00000,1.02000,-1.00000,0.00000,1.00000,0.00000,0.00000,17.00000,0.00000,1.06087,0.18000,1.00000,1.00000
25.40000,1.00000,0.00000,0.00000,-20.00000,0.00000,0.00000,0.00000,-0.00719,48.00000,-0.00082,0.00061,1.00000,0.00000,1.00000,0.00120,0.00000,1.00000,0.25000,1.10000,1.00000,0.14000,0.70000,0.02800,0.40000,0.98919,0.00000,0.00000,1.02000,-1.00000,0.00000,1.00000,0.00000,0.00000,17.00000,0.00000,1.06000,0.18000,1.00000,1.00000
25.43333,1.00000,0.00000,0.00000,-20.00000,0.00000,0.00000,0.00000,-0.00678,48.00000,0.00016,-0.00025,1.00000,0.00000,1.00000,0.00120,0.00000,1.00000,0.25000,1.10000,1.00000,0.14000,0.70000,0.02800,0.40000,0.99391,0.00000,0.00000,1.02000,-1.00000,0.00000,1.00000,0.00000,0.00000,17.00000,0.00000,1.06000,0.18000,1.00000,1.00000
25.46667,1.00000,0.00000,0.00000,-20.00000,0.00000,0.00000,0.00000,-0.00636,48.00000,0.00056,-0.00025,1.00000,0.00000,1.00000,0.00120,0.00000,1.00000,0.25000,1.10000,1.00000,0.14000,0.70000,0.02800,0.40000,0.99864,0.00000,0.00000,1.02000,-1.00000,0.00000,1.00000,0.00000,0.00000,17.00000,0.00000,1.06000,0.18000,1.00000,1.00000
25.50000,0.00000,11.16068,2.05247,-6.39142,0.00000,-0.28000,0.00000,0.04498,45.12478,-0.00374,0.00377,1.05423,0.01148,1.06380,0.00503,0.51040,1.37976,0.39355,1.00000,1.00000,0.14000,0.67933,0.02800,0.39832,0.00000,0.00000,0.00000,1.02000,-1.00000,0.00000,1.00000,0.00000,0.00000,17.00000,0.00000,1.09190,0.18000,1.00000,1.00000
25.53333,0.00000,11.27091,2.08881,-6.38075,0.00000,-0.28000,0.00000,0.04175,44.80589,-0.00095,-0.00309,1.03948,0.00836,1.04645,0.00399,0.37157,1.29417,0.35450,1.00000,1.00000,0.14000,0.66320,0.02800,0.41238,0.00000,0.00000,0.00000,1.02000,-1.00000,0.00000,1.00000,0.00000,0.00000,17.00000,0.00000,1.08322,0.18000,1.00000,1.00000
25.56667,0.00000,11.35376,2.12032,-6.35374,0.00000,-0.28000,0.00000,0.03274,44.59637,0.00427,0.00103,1.02874,0.00609,1.03381,0.00323,0.27050,1.23107,0.32608,1.00000,1.00000,0.14000,0.65145,0.02800,0.42261,0.00000,0.00000,0.00000,1.02000,-1.00000,0.00000,1.00000,0.00000,0.00000,17.00000,0.00000,1.07691,0.18000,1.00000,1.00000
25.60000,0.00000,11.41597,2.14816,-6.31464,0.00000,-0.28000,0.00000,0.03062,44.46681,-0.00379,0.00076,1.02092,0.00443,1.02462,0.00268,0.19692,1.18459,0.30539,1.00000,1.00000,0.14000,0.64289,0.02800,0.43006,0.00000,0.00000,0.00000,1.02000,-1.00000,0.00000,1.00000,0.00000,0.00000,17.00000,0.00000,1.07231,0.18000,1.00000,1.00000
25.63333,0.00000,11.46273,2.17322,-6.26670,0.00000,-0.28000,0.00000,0.03490,44.39568,0.00122,-0.00154,1.01523,0.00323,1.01792,0.00228,0.14336,1.15032,0.29032,1.00000,1.00000,0.14000,0.63667,0.02800,0.43548,0.00000,0.00000,0.00000,1.02000,-1.00000,0.00000,1.00000,0.00000,0.00000,17.00000,0.00000,1.06896,0.18000,1.00000,1.00000
25.66667,0.00000,11.49795,2.19619,-6.21231,0.00000,-0.28000,0.00000,0.03863,44.36730,0.00076,0.00119,1.01109,0.00235,1.01305,0.00331,0.10437,1.12499,0.27935,1.00000,1.00000,0.23828,0.63213,0.02800,0.43943,0.00000,0.00000,0.00000,1.02000,-1.00000,0.00000,1.00000,0.00000,0.00000,17.00000,0.00000,1.06652,0.18000,1.00000,1.00000
25.70000,0.00000,11.52454,2.21757,-6.15326,0.00000,-0.28000,0.00000,0.03872,44.37019,-0.00072,-0.00035,1.00807,0.00171,1.00950,0.00177,0.07598,1.10622,0.27137,1.00000,1.00000,0.14000,0.62883,0.02800,0.44231,0.00000,0.00000,0.00000,1.02000,-1.00000,0.00000,1.00000,0.00000,0.00000,17.00000,0.00000,1.06475,0.18000,1.00000,1.00000
25.73333,0.00000,11.54469,2.23777,-6.09086,0.00000,-0.28000,0.00000,0.03735,44.39599,-0.00017,-0.00026,1.00588,0.00124,1.00691,0.00161,0.05531,1.09222,0.26556,1.00000,1.00000,0.14000,0.62643,0.02800,0.44440,0.00000,0.00000,0.00000,1.02000,-1.00000,0.00000,1.00000,0.00000,0.00000,17.00000,0.00000,1.06346,0.18000,1.00000,1.00000
25.76667,0.00000,11.56000,2.25705,-6.02607,0.00000,-0.28000,0.00000,0.03722,44.43859,0.00086,0.00052,1.00428,0.00091,1.00503,0.00150,0.04027,1.08170,0.26132,1.00000,1.00000,0.14000,0.62468,0.02800,0.44592,0.00000,0.00000,0.00000,1.02000,-1.00000,0.00000,1.00000,0.00000,0.00000,17.00000,0.00000,1.06252,0.18000,1.00000,1.00000
25.80000,0.00000,11.57166,2.27565,-5.95957,0.00000,-0.28000,0.00000,0.03847,44.49354,-0.00060,-0.00035,1.00311,0.00066,1.00366,0.00142,0.02931,1.07373,0.25824,1.00000,1.00000,0.14000,0.62341,0.02800,0.44703,0.00000,0.00000,0.00000,1.02000,-1.00000,0.00000,1.00000,0.00000,0.00000,17.00000,0.00000,1.06183,0.18000,1.00000,1.00000
25.83333,0.00000,11.58052,2.29371,-5.89188,0.00000,-0.28000,0.00000,0.03972,44.55760,0.00019,0.00023,1.00227,0.00048,1.00267,0.00273,0.02134,1.06761,0.25600,1.00000,1.00000,0.24171,0.62248,0.02800,0.44784,0.00000,0.00000,0.00000,1.02000,-1.00000,0.00000,1.00000,0.00000,0.00000,17.00000,0.00000,1.06133,0.18000,1.00000,1.00000
25.86667,0.00000,11.58724,2.31135,-5.82336,0.00000,-0.28000,0.00000,0.04026,44.62839,0.00076,0.00022,1.00165,0.00035,1.00194,0.00132,0.01554,1.06284,0.25437,1.00000,1.00000,0.14000,0.62181,0.02800,0.44843,0.00000,0.00000,0.00000,1.02000,-1.00000,0.00000,1.00000,0.00000,0.00000,17.00000,0.00000,1.06097,0.18000,1.00000,1.00000
25.90000,0.00000,11.59226,2.32866,-5.75428,0.00000,-0.28000,0.00000,0.04044,44.70418,-0.00100,-0.00058,1.00120,0.00025,1.00141,0.00128,0.01131,1.05904,0.25318,1.00000,1.00000,0.14000,0.62131,0.02800,0.44885,0.00000,0.00000,0.00000,1.02000,-1.00000,0.00000,1.00000,0.00000,0.00000,17.00000,0.00000,1.06071,0.18000,1.00000,1.00000
25.93333,0.00000,11.60250,2.34704,-5.68804,0.00000,-0.28000,0.00000,0.04104,44.75902,0.00030,0.00053,1.00000,0.00000,1.00000,0.00120,0.00000,1.05088,0.25000,1.00000,1.00000,0.14000,0.62000,0.02800,0.45000,0.00000,0.00000,0.00000,1.02000,-1.00000,0.00000,1.00000,0.00000,0.00000,17.00000,0.00000,1.06000,0.18000,1.00000,1.00000
25.96667,0.00000,11.60330,2.36350,-5.61745,0.00000,-0.28000,0.00000,0.04160,44.84808,0.00043,-0.00024,1.00000,0.00000,1.00000,0.00120,0.00000,1.04970,0.25000,1.00000,1.00000,0.14000,0.62000,0.02800,0.45000,0.00000,0.00000,0.00000,1.02000,-1.00000,0.00000,1.00000,0.00000,0.00000,17.00000,0.00000,1.06000,0.18000,1.00000,1.00000
26.00000,0.00000,11.60367,2.37988,-5.54698,0.00000,-0.28000,0.00000,0.04216,44.93748,-0.00053,-0.00018,1.00000,0.00000,1.00000,0.00120,0.00000,1.04852,0.25000,1.00000,1.00000,0.14000,0.62000,0.02800,0.45000,0.00000,0.00000,0.00000,1.02000,-1.00000,0.00000,1.00000,0.00000,0.00000,17.00000,0.00000,1.06000,0.18000,1.00000,1.00000
26.03333,0.00000,11.29270,2.33196,-5.32989,0.00000,-0.28000,0.00000,0.05216,46.23399,-0.00068,0.00239,1.04255,0.00901,1.05006,0.00420,0.40046,1.29007,0.36263,1.00000,1.00000,0.14000,0.66655,0.02800,0.40945,0.00000,0.00000,0.00000,1.02000,-1.00000,0.00000,1.00000,0.00000,0.00000,17.00000,0.00000,1.08503,0.18000,1.00000,1.00000
26.06667,0.00000,11.37512,2.36495,-5.30019,0.00000,-0.28000,0.00000,0.04327,45.99777,0.00367,-0.00198,1.03098,0.00656,1.03644,0.00339,0.29154,1.22336,0.33199,1.00000,1.00000,0.14000,0.65389,0.02800,0.42048,0.00000,0.00000,0.00000,1.02000,-1.00000,0.00000,1.00000,0.00000,0.00000,17.00000,0.00000,1.07822,0.18000,1.00000,1.00000
26.10000,0.00000,11.43534,2.39352,-5.25959,0.00000,-0.28000,0.00000,0.03878,45.85011,-0.00337,0.00072,1.02255,0.00478,1.02653,0.00279,0.21224,1.17420,0.30969,1.00000,1.00000,0.14000,0.64467,0.02800,0.42851,0.00000,0.00000,0.00000,1.02000,-1.00000,0.00000,1.00000,0.00000,0.00000,17.00000,0.00000,1.07326,0.18000,1.00000,1.00000
26.13333,0.00000,11.47892,2.41875,-5.21103,0.00000,-0.28000,0.00000,0.04188,45.76719,0.00099,0.00035,1.01642,0.00348,1.01931,0.00236,0.15451,1.13796,0.29346,1.00000,1.00000,0.14000,0.63796,0.02800,0.43436,0.00000,0.00000,0.00000,1.02000,-1.00000,0.00000,1.00000,0.00000,0.00000,17.00000,0.00000,1.06966,0.18000,1.00000,1.00000
26.16667,0.00000,11.51008,2.44147,-5.15670,0.00000,-0.28000,0.00000,0.04629,45.73161,0.00035,-0.00051,1.01195,0.00253,1.01406,0.00204,0.11248,1.11119,0.28164,1.00000,1.00000,0.14000,0.63308,0.02800,0.43861,0.00000,0.00000,0.00000,1.02000,-1.00000,0.00000,1.00000,0.00000,0.00000,17.00000,0.00000,1.06703,0.18000,1.00000,1.00000
26.20000,0.00000,11.53198,2.46230,-5.09820,0.00000,-0.28000,0.00000,0.04729,45.73069,-0.00096,0.00088,1.00870,0.00184,1.01024,0.00230,0.08189,1.09135,0.27303,1.00000,1.00000,0.17572,0.62952,0.02800,0.44171,0.00000,0.00000,0.00000,1.02000,-1.00000,0.00000,1.00000,0.00000,0.00000,17.00000,0.00000,1.06512,0.18000,1.00000,1.00000
26.23333,0.00000,11.54696,2.48172,-5.03673,0.00000,-0.28000,0.00000,0.04594,45.75515,-0.00002,-0.00045,1.00633,0.00134,1.00745,0.00165,0.05961,1.07657,0.26677,1.00000,1.00000,0.14000,0.62693,0.02800,0.44396,0.00000,0.00000,0.00000,1.02000,-1.00000,0.00000,1.00000,0.00000,0.00000,17.00000,0.00000,1.06373,0.18000,1.00000,1.00000
26.26667,0.00000,11.55678,2.50006,-4.97315,0.00000,-0.28000,0.00000,0.04524,45.79822,0.00129,-0.00029,1.00461,0.00098,1.00542,0.00153,0.04340,1.06549,0.26221,1.00000,1.00000,0.14000,0.62504,0.02800,0.44561,0.00000,0.00000,0.00000,1.02000,-1.00000,0.00000,1.00000,0.00000,0.00000,17.00000,0.00000,1.06271,0.18000,1.00000,1.00000
26.30000,0.00000,11.56270,2.51758,-4.90808,0.00000,-0.28000,0.00000,0.04609,45.85498,-0.00138,0.00075,1.00336,0.00071,1.00395,0.00146,0.03159,1.05710,0.25889,1.00000,1.00000,0.14148,0.62367,0.02800,0.44680,0.00000,0.00000,0.00000,1.02000,-1.00000,0.00000,1.00000,0.00000,0.00000,17.00000,0.00000,1.06197,0.18000,1.00000,1.00000
26.33333,0.00000,11.56566,2.53449,-4.84200,0.00000,-0.28000,0.00000,0.04731,45.92182,0.00027,-0.00072,1.00244,0.00052,1.00287,0.00137,0.02300,1.05066,0.25647,1.00000,1.00000,0.14000,0.62267,0.02800,0.44767,0.00000,0.00000,0.00000,1.02000,-1.00000,0.00000,1.00000,0.00000,0.00000,17.00000,0.00000,1.06144,0.18000,1.00000,1.00000
26.36667,0.00000,11.56635,2.55091,-4.77522,0.00000,-0.28000,0.00000,0.04787,45.99612,0.00086,0.00030,1.00178,0.00038,1.00209,0.00133,0.01674,1.04566,0.25471,1.00000,1.00000,0.14000,0.62195,0.02800,0.44830,0.00000,0.00000,0.00000,1.02000,-1.00000,0.00000,1.00000,0.00000,0.00000,17.00000,0.00000,1.06105,0.18000,1.00000,1.00000
26.40000,0.00000,11.56529,2.56695,-4.70799,0.00000,-0.28000,0.00000,0.04789,46.07596,-0.00097,0.00016,1.00130,0.00027,1.00152,0.00129,0.01219,1.04169,0.25343,1.00000,1.00000,0.14000,0.62142,0.02800,0.44877,0.00000,0.00000,0.00000,1.02000,-1.00000,0.00000,1.00000,0.00000,0.00000,17.00000,0.00000,1.06076,0.18000,1.00000,1.00000
26.43333,0.00000,11.56282,2.58268,-4.64048,0.00000,-0.28000,0.00000,0.04797,46.15995,0.00027,-0.00029,1.00094,0.00020,1.00111,0.00127,0.00887,1.03848,0.25250,1.00000,1.00000,0.14000,0.62103,0.02800,0.44910,0.00000,0.00000,0.00000,1.02000,-1.00000,0.00000,1.00000,0.00000,0.00000,17.00000,0.00000,1.06055,0.18000,1.00000,1.00000
26.46667,0.00000,11.56436,2.59933,-4.57485,0.00000,-0.28000,0.00000,0.04847,46.22709,0.00017,0.00026,1.00000,0.00000,1.00000,0.00120,0.00000,1.03190,0.25000,1.00000,1.00000,0.14000,0.62000,0.02800,0.45000,0.00000,0.00000,0.00000,1.02000,-1.00000,0.00000,1.00000,0.00000,0.00000,17.00000,0.00000,1.06000,0.18000,1.00000,1.00000
26.50000,0.00000,11.55844,2.61430,-4.50654,0.00000,-0.28000,0.00000,0.04876,46.32201,-0.00025,-0.00011,1.00000,0.00000,1.00000,0.00120,0.00000,1.03071,0.25000,1.00000,1.00000,0.14000,0.62000,0.02800,0.45000,0.00000,0.00000,0.00000,1.02000,-1.00000,0.00000,1.00000,0.00000,0.00000,17.00000,0.00000,1.06000,0.18000,1.00000,1.00000
26.53333,0.00000,11.55212,2.62919,-4.43841,0.00000,-0.28000,0.00000,0.04902,46.41731,-0.00006,-0.00011,1.00000,0.00000,1.00000,0.00337,0.00000,1.02951,0.25000,1.00000,1.00000,0.30141,0.62000,0.02800,0.45000,0.00000,0.00000,0.00000,1.02000,-1.00000,0.00000,1.00000,0.00000,0.00000,17.00000,0.00000,1.06000,0.18000,1.00000,1.00000
26.56667,0.00000,11.17751,3.22387,0.05192,0.00000,-0.28000,0.00000,0.05245,50.35607,0.00405,0.00205,1.03949,0.00836,1.04646,0.00405,0.37165,1.21142,0.35453,1.00000,1.00000,0.14429,0.66320,0.02800,0.41237,0.00000,0.00000,0.00000,1.02000,-1.00000,0.00000,1.00000,0.00000,0.00000,17.00000,0.00000,1.08323,0.18000,1.00000,1.00000
26.60000,0.00000,11.22417,3.25749,0.10763,0.00000,-0.28000,0.00000,0.04423,50.12847,-0.00404,-0.00175,1.02875,0.00609,1.03382,0.00323,0.27056,1.15227,0.32609,1.00000,1.00000,0.14000,0.65145,0.02800,0.42261,0.00000,0.00000,0.00000,1.02000,-1.00000,0.00000,1.00000,0.00000,0.00000,17.00000,0.00000,1.07691,0.18000,1.00000,1.00000
26.63333,0.00000,11.25018,3.28535,0.16351,0.00000,-0.28000,0.00000,0.04541,49.99012,0.00151,0.00067,1.02093,0.00443,1.02462,0.00268,0.19697,1.10868,0.30540,1.00000,1.00000,0.14000,0.64290,0.02800,0.43006,0.00000,0.00000,0.00000,1.02000,-1.00000,0.00000,1.00000,0.00000,0.00000,17.00000,0.00000,1.07231,0.18000,1.00000,1.00000
26.66667,0.00000,11.26080,3.30888,0.21935,0.00000,-0.28000,0.00000,0.05049,49.91704,0.00079,0.00038,1.01524,0.00323,1.01792,0.00233,0.14339,1.07652,0.29033,1.00000,1.00000,0.14429,0.63667,0.02800,0.43548,0.00000,0.00000,0.00000,1.02000,-1.00000,0.00000,1.00000,0.00000,0.00000,17.00000,0.00000,1.06896,0.18000,1.00000,1.00000
26.70000,0.00000,11.26001,3.32918,0.27504,0.00000,-0.28000,0.00000,0.05245,49.89172,-0.00128,-0.00093,1.01109,0.00235,1.01305,0.00198,0.10439,1.05274,0.27936,1.00000,1.00000,0.14000,0.63214,0.02800,0.43943,0.00000,0.00000,0.00000,1.02000,-1.00000,0.00000,1.00000,0.00000,0.00000,17.00000,0.00000,1.06652,0.18000,1.00000,1.00000
26.73333,0.00000,11.25077,3.34707,0.33048,0.00000,-0.28000,0.00000,0.05080,49.90136,0.00023,0.00088,1.00807,0.00171,1.00950,0.00177,0.07599,1.03508,0.27137,1.00000,1.00000,0.14000,0.62883,0.02800,0.44231,0.00000,0.00000,0.00000,1.02000,-1.00000,0.00000,1.00000,0.00000,0.00000,17.00000,0.00000,1.06475,0.18000,1.00000,1.00000
26.76667,0.00000,11.23527,3.36316,0.38562,0.00000,-0.28000,0.00000,0.04903,49.93663,0.00103,-0.00039,1.00588,0.00124,1.00692,0.00161,0.05532,1.02191,0.26556,1.00000,1.00000,0.14000,0.62643,0.02800,0.44440,0.00000,0.00000,0.00000,1.02000,-1.00000,0.00000,1.00000,0.00000,0.00000,17.00000,0.00000,1.06346,0.18000,1.00000,1.00000
26.80000,0.00000,11.21513,3.37791,0.44046,0.00000,-0.28000,0.00000,0.04908,49.99071,-0.00118,-0.00023,1.00428,0.00091,1.00503,0.00150,0.04027,1.01200,0.26133,1.00000,1.00000,0.14000,0.62468,0.02800,0.44592,0.00000,0.00000,0.00000,1.02000,-1.00000,0.00000,1.00000,0.00000,0.00000,17.00000,0.00000,1.06252,0.18000,1.00000,1.00000
26.83333,0.00000,11.19154,3.39164,0.49496,0.00000,-0.28000,0.00000,0.05005,50.05864,0.00024,0.00061,1.00312,0.00066,1.00366,0.00142,0.02932,1.00446,0.25825,1.00000,1.00000,0.14000,0.62341,0.02800,0.44703,0.00000,0.00000,0.00000,1.02000,-1.00000,0.00000,1.00000,0.00000,0.00000,17.00000,0.00000,1.06183,0.18000,1.00000,1.00000
26.86667,0.00000,11.16536,3.40461,0.54912,0.00000,-0.28000,0.00000,0.05045,50.13678,0.00090,-0.00062,1.00227,0.00048,1.00267,0.00148,0.02134,0.99866,0.25600,1.00000,1.00000,0.14881,0.62248,0.02800,0.44784,0.00000,0.00000,0.00000,1.02000,-1.00000,0.00000,1.00000,0.00000,0.00000,17.00000,0.00000,1.06133,0.18000,1.00000,1.00000
26.90000,0.00000,11.13723,3.41699,0.60295,0.00000,-0.28000,0.00000,0.05006,50.22250,-0.00131,0.00029,1.00165,0.00035,1.00194,0.00147,0.01554,0.99412,0.25437,1.00000,1.00000,0.15154,0.62181,0.02800,0.44843,0.00000,0.00000,0.00000,1.02000,-1.00000,0.00000,1.00000,0.00000,0.00000,17.00000,0.00000,1.06097,0.18000,1.00000,1.00000
26.93333,0.00000,11.10760,3.42893,0.65644,0.00000,-0.28000,0.00000,0.04956,50.31386,0.00074,0.00022,1.00120,0.00025,1.00141,0.00128,0.01131,0.99050,0.25318,1.00000,1.00000,0.14000,0.62132,0.02800,0.44885,0.00000,0.00000,0.00000,1.02000,-1.00000,0.00000,1.00000,0.00000,0.00000,17.00000,0.00000,1.06071,0.18000,1.00000,1.00000
26.96667,0.00000,11.07683,3.44051,0.70959,0.00000,-0.28000,0.00000,0.04939,50.40945,0.00032,-0.00061,1.00087,0.00019,1.00103,0.00126,0.00824,0.98754,0.25232,1.00000,1.00000,0.14000,0.62096,0.02800,0.44917,0.00000,0.00000,0.00000,1.02000,-1.00000,0.00000,1.00000,0.00000,0.00000,17.00000,0.00000,1.06051,0.18000,1.00000,1.00000
27.00000,0.00000,11.04970,3.45323,0.76273,0.00000,-0.28000,0.00000,0.04940,50.48811,-0.00063,0.00061,1.00000,0.00000,1.00000,0.00120,0.00000,0.98161,0.25000,1.00000,1.00000,0.14013,0.62000,0.02800,0.45000,0.00000,0.00000,0.00000,1.02000,-1.00000,0.00000,1.00000,0.00000,0.00000,17.00000,0.00000,1.06000,0.18000,1.00000,1.00000
27.03333,0.00000,11.01605,3.46391,0.81514,0.00000,-0.28000,0.00000,0.04920,50.59483,-0.00004,-0.00029,1.00000,0.00000,1.00000,0.00132,0.00000,0.98044,0.25000,1.00000,1.00000,0.14905,0.62000,0.02800,0.45000,0.00000,0.00000,0.00000,1.02000,-1.00000,0.00000,1.00000,0.00000,0.00000,17.00000,0.00000,1.06000,0.18000,1.00000,1.00000
27.06667,0.00000,10.52881,3.33108,0.83145,0.00000,-0.28000,0.00000,0.05906,52.81007,0.00641,-0.00121,1.06654,0.01409,1.07828,0.00590,0.62627,1.33133,0.42614,1.00000,1.00000,0.14000,0.69280,0.02800,0.38659,0.00000,0.00000,0.00000,1.02000,-1.00000,0.00000,1.00000,0.00000,0.00000,17.00000,0.00000,1.09914,0.18000,1.00000,1.00000
27.10000,0.00000,10.61525,3.37910,0.89111,0.00000,-0.28000,0.00000,0.04291,52.34819,-0.00633,0.00263,1.04844,0.01026,1.05699,0.00469,0.45592,1.23563,0.37823,1.00000,1.00000,0.14497,0.67300,0.02800,0.40384,0.00000,0.00000,0.00000,1.02000,-1.00000,0.00000,1.00000,0.00000,0.00000,17.00000,0.00000,1.08850,0.18000,1.00000,1.00000
27.13333,0.00000,10.67010,3.41745,0.94886,0.00000,-0.28000,0.00000,0.04026,52.04043,0.00234,-0.00211,1.03527,0.00747,1.04149,0.00380,0.33191,1.16500,0.34335,1.00000,1.00000,0.14858,0.65858,0.02800,0.41639,0.00000,0.00000,0.00000,1.02000,-1.00000,0.00000,1.00000,0.00000,0.00000,17.00000,0.00000,1.08074,0.18000,1.00000,1.00000
27.16667,0.00000,10.70116,3.44847,1.00497,0.00000,-0.28000,0.00000,0.04722,51.84542,0.00117,0.00084,1.02567,0.00544,1.03020,0.00301,0.24163,1.11294,0.31796,1.00000,1.00000,0.14000,0.64809,0.02800,0.42553,0.00000,0.00000,0.00000,1.02000,-1.00000,0.00000,1.00000,0.00000,0.00000,17.00000,0.00000,1.07510,0.18000,1.00000,1.00000
27.20000,0.00000,10.71446,3.47399,1.05969,0.00000,-0.28000,0.00000,0.05163,51.73287,-0.00203,0.00046,1.01869,0.00396,1.02199,0.00252,0.17591,1.07455,0.29947,1.00000,1.00000,0.14000,0.64045,0.02800,0.43219,0.00000,0.00000,0.00000,1.02000,-1.00000,0.00000,1.00000,0.00000,0.00000,17.00000,0.00000,1.07099,0.18000,1.00000,1.00000
27.23333,0.00000,10.71457,3.49538,1.11321,0.00000,-0.28000,0.00000,0.04970,51.68065,0.00062,-0.00110,1.01361,0.00288,1.01601,0.00222,0.12806,1.04620,0.28602,1.00000,1.00000,0.14413,0.63489,0.02800,0.43703,0.00000,0.00000,0.00000,1.02000,-1.00000,0.00000,1.00000,0.00000,0.00000,17.00000,0.00000,1.06800,0.18000,1.00000,1.00000
27.26667,0.00000,10.70492,3.51369,1.16574,0.00000,-0.28000,0.00000,0.04602,51.67259,0.00097,0.00099,1.00991,0.00210,1.01165,0.00191,0.09323,1.02520,0.27622,1.00000,1.00000,0.14052,0.63084,0.02800,0.44056,0.00000,0.00000,0.00000,1.02000,-1.00000,0.00000,1.00000,0.00000,0.00000,17.00000,0.00000,1.06583,0.18000,1.00000,1.00000
27.30000,0.00000,10.68806,3.52971,1.21740,0.00000,-0.28000,0.00000,0.04486,51.69689,-0.00125,-0.00041,1.00721,0.00153,1.00848,0.00174,0.06787,1.00957,0.26909,1.00000,1.00000,0.14226,0.62789,0.02800,0.44313,0.00000,0.00000,0.00000,1.02000,-1.00000,0.00000,1.00000,0.00000,0.00000,17.00000,0.00000,1.06424,0.18000,1.00000,1.00000
27.33333,0.00000,10.66586,3.54403,1.26832,0.00000,-0.28000,0.00000,0.04579,51.74494,0.00026,-0.00024,1.00525,0.00111,1.00618,0.00158,0.04941,0.99787,0.26390,1.00000,1.00000,0.14073,0.62574,0.02800,0.44500,0.00000,0.00000,0.00000,1.02000,-1.00000,0.00000,1.00000,0.00000,0.00000,17.00000,0.00000,1.06309,0.18000,1.00000,1.00000
27.36667,0.00000,10.63972,3.55707,1.31859,0.00000,-0.28000,0.00000,0.04639,51.81043,0.00099,0.00066,1.00382,0.00081,1.00450,0.00153,0.03597,0.98903,0.26012,1.00000,1.00000,0.14432,0.62418,0.02800,0.44636,0.00000,0.00000,0.00000,1.02000,-1.00000,0.00000,1.00000,0.00000,0.00000,17.00000,0.00000,1.06225,0.18000,1.00000,1.00000
27.40000,0.00000,10.61063,3.56914,1.36828,0.00000,-0.28000,0.00000,0.04570,51.88878,-0.00142,-0.00066,1.00278,0.00059,1.00327,0.00140,0.02618,0.98227,0.25736,1.00000,1.00000,0.14000,0.62304,0.02800,0.44735,0.00000,0.00000,0.00000,1.02000,-1.00000,0.00000,1.00000,0.00000,0.00000,17.00000,0.00000,1.06164,0.18000,1.00000,1.00000
27.43333,0.00000,10.57935,3.58050,1.41746,0.00000,-0.28000,0.00000,0.04454,51.97665,0.00078,0.00030,1.00203,0.00043,1.00238,0.00137,0.01906,0.97703,0.25536,1.00000,1.00000,0.14216,0.62222,0.02800,0.44807,0.00000,0.00000,0.00000,1.02000,-1.00000,0.00000,1.00000,0.00000,0.00000,17.00000,0.00000,1.06119,0.18000,1.00000,1.00000
27.46667,0.00000,10.54641,3.59129,1.46616,0.00000,-0.28000,0.00000,0.04383,52.07158,0.00020,0.00020,1.00147,0.00031,1.00173,0.00130,0.01388,0.97289,0.25390,1.00000,1.00000,0.14000,0.62161,0.02800,0.44859,0.00000,0.00000,0.00000,1.02000,-1.00000,0.00000,1.00000,0.00000,0.00000,17.00000,0.00000,1.06087,0.18000,1.00000,1.00000
27.50000,0.00000,10.51221,3.60166,1.51442,0.00000,-0.28000,0.00000,0.04356,52.17181,-0.00061,-0.00058,1.00107,0.00023,1.00126,0.00128,0.01010,0.96955,0.25284,1.00000,1.00000,0.14000,0.62117,0.02800,0.44898,0.00000,0.00000,0.00000,1.02000,-1.00000,0.00000,1.00000,0.00000,0.00000,17.00000,0.00000,1.06063,0.18000,1.00000,1.00000
27.53333,0.00000,10.48233,3.61351,1.56305,0.00000,-0.28000,0.00000,0.04312,52.25053,0.00005,0.00058,1.00000,0.00000,1.00000,0.00120,0.00000,0.96264,0.25000,1.00000,1.00000,0.14000,0.62000,0.02800,0.45000,0.00000,0.00000,0.00000,1.02000,-1.00000,0.00000,1.00000,0.00000,0.00000,17.00000,0.00000,1.06000,0.18000,1.00000,1.00000
27.56667,0.00000,10.44494,3.62277,1.61030,0.00000,-0.28000,0.00000,0.04258,52.36470,0.00081,-0.00028,1.00000,0.00000,1.00000,0.00125,0.00000,0.96144,0.25000,1.00000,1.00000,0.14406,0.62000,0.02800,0.45000,0.00000,0.00000,0.00000,1.02000,-1.00000,0.00000,1.00000,0.00000,0.00000,17.00000,0.00000,1.06000,0.18000,1.00000,1.00000
27.60000,0.00000,8.91883,1.25624,0.78818,0.00000,0.24000,0.00000,-0.07058,48.58159,-0.00768,-0.00113,1.06095,0.01291,1.07171,0.00587,0.57369,1.16266,0.41135,1.00000,1.00000,0.16699,0.68669,0.02800,0.39191,0.00000,0.00000,0.00000,1.02000,-1.00000,0.00000,1.00000,0.00000,0.00000,17.00000,0.00000,1.09586,0.18000,1.00000,1.00000
27.63333,0.00000,8.99722,1.25523,0.84244,0.00000,0.24000,0.00000,-0.07885,48.16683,0.00339,0.00298,1.04437,0.00940,1.05221,0.00433,0.41764,1.08457,0.36746,1.00000,1.00000,0.14000,0.66855,0.02800,0.40771,0.00000,0.00000,0.00000,1.02000,-1.00000,0.00000,1.00000,0.00000,0.00000,17.00000,0.00000,1.08610,0.18000,1.00000,1.00000
27.66667,0.00000,9.05106,1.25065,0.89516,0.00000,0.24000,0.00000,-0.07269,47.88045,0.00163,-0.00258,1.03230,0.00684,1.03801,0.00348,0.30404,1.02705,0.33551,1.00000,1.00000,0.14000,0.65534,0.02800,0.41922,0.00000,0.00000,0.00000,1.02000,-1.00000,0.00000,1.00000,0.00000,0.00000,17.00000,0.00000,1.07900,0.18000,1.00000,1.00000
27.70000,0.00000,9.08642,1.24342,0.94656,0.00000,0.24000,0.00000,-0.06593,47.68789,-0.00297,0.00103,1.02352,0.00498,1.02767,0.00294,0.22134,0.98473,0.31225,1.00000,1.00000,0.14585,0.64573,0.02800,0.42759,0.00000,0.00000,0.00000,1.02000,-1.00000,0.00000,1.00000,0.00000,0.00000,17.00000,0.00000,1.07383,0.18000,1.00000,1.00000
27.73333,0.00000,9.10796,1.23425,0.99687,0.00000,0.24000,0.00000,-0.06652,47.56387,0.00124,0.00048,1.01712,0.00363,1.02014,0.00257,0.16114,0.95362,0.29532,1.00000,1.00000,0.15235,0.63873,0.02800,0.43369,0.00000,0.00000,0.00000,1.02000,-1.00000,0.00000,1.00000,0.00000,0.00000,17.00000,0.00000,1.07007,0.18000,1.00000,1.00000
27.76667,0.00000,9.11922,1.22367,1.04629,0.00000,0.24000,0.00000,-0.07099,47.48989,0.00087,-0.00121,1.01246,0.00264,1.01466,0.00208,0.11731,0.93072,0.28299,1.00000,1.00000,0.14000,0.63364,0.02800,0.43812,0.00000,0.00000,0.00000,1.02000,-1.00000,0.00000,1.00000,0.00000,0.00000,17.00000,0.00000,1.06733,0.18000,1.00000,1.00000
27.80000,0.00000,9.12286,1.21206,1.09497,0.00000,0.24000,0.00000,-0.07341,47.45247,-0.00112,0.00092,1.00907,0.00192,1.01067,0.00184,0.08540,0.91385,0.27402,1.00000,1.00000,0.14000,0.62993,0.02800,0.44135,0.00000,0.00000,0.00000,1.02000,-1.00000,0.00000,1.00000,0.00000,0.00000,17.00000,0.00000,1.06534,0.18000,1.00000,1.00000
27.83333,0.00000,9.12083,1.19973,1.14304,0.00000,0.24000,0.00000,-0.07281,47.44176,0.00016,-0.00027,1.00661,0.00140,1.00777,0.00167,0.06217,0.90137,0.26749,1.00000,1.00000,0.14000,0.62723,0.02800,0.44371,0.00000,0.00000,0.00000,1.02000,-1.00000,0.00000,1.00000,0.00000,0.00000,17.00000,0.00000,1.06389,0.18000,1.00000,1.00000
27.86667,0.00000,9.11459,1.18687,1.19061,0.00000,0.24000,0.00000,-0.07181,47.45055,0.00053,-0.00011,1.00481,0.00102,1.00566,0.00154,0.04526,0.89210,0.26273,1.00000,1.00000,0.14000,0.62526,0.02800,0.44542,0.00000,0.00000,0.00000,1.02000,-1.00000,0.00000,1.00000,0.00000,0.00000,17.00000,0.00000,1.06283,0.18000,1.00000,1.00000
27.90000,0.00000,9.10521,1.17365,1.23774,0.00000,0.24000,0.00000,-0.07222,47.47361,-0.00074,0.00033,1.00350,0.00074,1.00412,0.00145,0.03295,0.88518,0.25927,1.00000,1.00000,0.14000,0.62383,0.02800,0.44666,0.00000,0.00000,0.00000,1.02000,-1.00000,0.00000,1.00000,0.00000,0.00000,17.00000,0.00000,1.06206,0.18000,1.00000,1.00000
27.93333,0.00000,9.09346,1.16017,1.28451,0.00000,0.24000,0.00000,-0.07352,47.50711,0.00043,-0.00034,1.00255,0.00054,1.00300,0.00138,0.02399,0.87996,0.25675,1.00000,1.00000,0.14000,0.62279,0.02800,0.44757,0.00000,0.00000,0.00000,1.02000,-1.00000,0.00000,1.00000,0.00000,0.00000,17.00000,0.00000,1.06150,0.18000,1.00000,1.00000
27.96667,0.00000,9.07993,1.14651,1.33096,0.00000,0.24000,0.00000,-0.07448,47.54827,0.00010,0.00030,1.00186,0.00039,1.00218,0.00184,0.01746,0.87599,0.25491,1.00000,1.00000,0.17814,0.62203,0.02800,0.44823,0.00000,0.00000,0.00000,1.02000,-1.00000,0.00000,1.00000,0.00000,0.00000,17.00000,0.00000,1.06109,0.18000,1.00000,1.00000
28.00000,0.00000,9.06503,1.13273,1.37714,0.00000,0.24000,0.00000,-0.07479,47.59505,-0.00062,0.00017,1.00135,0.00029,1.00159,0.00130,0.01271,0.87292,0.25358,1.00000,1.00000,0.14000,0.62148,0.02800,0.44871,0.00000,0.00000,0.00000,1.02000,-1.00000,0.00000,1.00000,0.00000,0.00000,17.00000,0.00000,1.06079,0.18000,1.00000,1.00000
28.03333,0.00000,9.04906,1.11888,1.42306,0.00000,0.24000,0.00000,-0.07497,47.64597,0.00015,-0.00058,1.00098,0.00021,1.00116,0.00128,0.00925,0.87051,0.25260,1.00000,1.00000,0.14049,0.62108,0.02800,0.44906,0.00000,0.00000,0.00000,1.02000,-1.00000,0.00000,1.00000,0.00000,0.00000,17.00000,0.00000,1.06058,0.18000,1.00000,1.00000
28.06667,0.00000,9.03644,1.10550,1.46944,0.00000,0.24000,0.00000,-0.07556,47.67896,0.00067,0.00061,1.00000,0.00000,1.00000,0.00120,0.00000,0.86516,0.25000,1.00000,1.00000,0.14000,0.62000,0.02800,0.45000,0.00000,0.00000,0.00000,1.02000,-1.00000,0.00000,1.00000,0.00000,0.00000,17.00000,0.00000,1.06000,0.18000,1.00000,1.00000
28.10000,0.00000,9.01781,1.09143,1.51475,0.00000,0.24000,0.00000,-0.07602,47.74090,-0.00106,-0.00034,1.00000,0.00000,1.00000,0.00120,0.00000,0.86451,0.25000,1.00000,1.00000,0.14000,0.62000,0.02800,0.45000,0.00000,0.00000,0.00000,1.02000,-1.00000,0.00000,1.00000,0.00000,0.00000,17.00000,0.00000,1.06000,0.18000,1.00000,1.00000
28.13333,0.00000,8.67631,1.03877,1.50399,0.00000,0.24000,0.00000,-0.08830,49.48732,0.00351,-0.00087,1.05746,0.01217,1.06761,0.00526,0.54085,1.13289,0.40211,1.00000,1.00000,0.14000,0.68287,0.02800,0.39524,0.00000,0.00000,0.00000,1.02000,-1.00000,0.00000,1.00000,0.00000,0.00000,17.00000,0.00000,1.09380,0.18000,1.00000,1.00000
28.16667,0.00000,8.74313,1.03537,1.56261,0.00000,0.24000,0.00000,-0.08423,49.09380,0.00173,0.00258,1.04183,0.00886,1.04922,0.00415,0.39373,1.05994,0.36074,1.00000,1.00000,0.14005,0.66577,0.02800,0.41013,0.00000,0.00000,0.00000,1.02000,-1.00000,0.00000,1.00000,0.00000,0.00000,17.00000,0.00000,1.08461,0.18000,1.00000,1.00000
28.20000,0.00000,8.78727,1.02915,1.61786,0.00000,0.24000,0.00000,-0.07455,48.82359,-0.00330,-0.00235,1.03046,0.00645,1.03583,0.00335,0.28664,1.00622,0.33062,1.00000,1.00000,0.14000,0.65332,0.02800,0.42098,0.00000,0.00000,0.00000,1.02000,-1.00000,0.00000,1.00000,0.00000,0.00000,17.00000,0.00000,1.07791,0.18000,1.00000,1.00000
28.23333,0.00000,8.81437,1.02085,1.67046,0.00000,0.24000,0.00000,-0.07245,48.64350,0.00161,0.00104,1.02217,0.00470,1.02608,0.00277,0.20867,0.96671,0.30869,1.00000,1.00000,0.14000,0.64426,0.02800,0.42887,0.00000,0.00000,0.00000,1.02000,-1.00000,0.00000,1.00000,0.00000,0.00000,17.00000,0.00000,1.07304,0.18000,1.00000,1.00000
28.26667,0.00000,8.82876,1.01103,1.72096,0.00000,0.24000,0.00000,-0.07695,48.52925,0.00057,0.00032,1.01614,0.00342,1.01899,0.00234,0.15191,0.93765,0.29272,1.00000,1.00000,0.14000,0.63766,0.02800,0.43462,0.00000,0.00000,0.00000,1.02000,-1.00000,0.00000,1.00000,0.00000,0.00000,17.00000,0.00000,1.06949,0.18000,1.00000,1.00000
28.30000,0.00000,8.83370,1.00011,1.76982,0.00000,0.24000,0.00000,-0.08059,48.46309,-0.00137,-0.00118,1.01175,0.00249,1.01382,0.00205,0.11059,0.91626,0.28110,1.00000,1.00000,0.14135,0.63286,0.02800,0.43880,0.00000,0.00000,0.00000,1.02000,-1.00000,0.00000,1.00000,0.00000,0.00000,17.00000,0.00000,1.06691,0.18000,1.00000,1.00000
28.33333,0.00000,8.83165,0.98841,1.81740,0.00000,0.24000,0.00000,-0.08029,48.43204,0.00039,0.00133,1.00855,0.00181,1.01006,0.00180,0.08051,0.90048,0.27264,1.00000,1.00000,0.14000,0.62936,0.02800,0.44185,0.00000,0.00000,0.00000,1.02000,-1.00000,0.00000,1.00000,0.00000,0.00000,17.00000,0.00000,1.06503,0.18000,1.00000,1.00000
28.36667,0.00000,8.82440,0.97614,1.86396,0.00000,0.24000,0.00000,-0.07851,48.42666,0.00131,-0.00072,1.00623,0.00132,1.00733,0.00164,0.05861,0.88880,0.26648,1.00000,1.00000,0.14000,0.62681,0.02800,0.44407,0.00000,0.00000,0.00000,1.02000,-1.00000,0.00000,1.00000,0.00000,0.00000,17.00000,0.00000,1.06366,0.18000,1.00000,1.00000
28.40000,0.00000,8.81329,0.96347,1.90971,0.00000,0.24000,0.00000,-0.07809,48.44003,-0.00200,-0.00019,1.00453,0.00096,1.00533,0.00152,0.04267,0.88012,0.26200,1.00000,1.00000,0.14000,0.62496,0.02800,0.44568,0.00000,0.00000,0.00000,1.02000,-1.00000,0.00000,1.00000,0.00000,0.00000,17.00000,0.00000,1.06267,0.18000,1.00000,1.00000
28.43333,0.00000,8.79930,0.95052,1.95481,0.00000,0.24000,0.00000,-0.07906,48.46712,0.00126,0.00085,1.00330,0.00070,1.00388,0.00143,0.03106,0.87362,0.25874,1.00000,1.00000,0.14000,0.62361,0.02800,0.44685,0.00000,0.00000,0.00000,1.02000,-1.00000,0.00000,1.00000,0.00000,0.00000,17.00000,0.00000,1.06194,0.18000,1.00000,1.00000
28.46667,0.00000,8.78315,0.93739,1.99937,0.00000,0.24000,0.00000,-0.07997,48.50425,0.00008,-0.00097,1.00240,0.00051,1.00283,0.00137,0.02261,0.86871,0.25636,1.00000,1.00000,0.14000,0.62263,0.02800,0.44771,0.00000,0.00000,0.00000,1.02000,-1.00000,0.00000,1.00000,0.00000,0.00000,17.00000,0.00000,1.06141,0.18000,1.00000,1.00000
28.50000,0.00000,8.76536,0.92412,2.04349,0.00000,0.24000,0.00000,-0.08006,48.54875,-0.00068,0.00049,1.00175,0.00037,1.00206,0.00169,0.01646,0.86495,0.25463,1.00000,1.00000,0.16691,0.62191,0.02800,0.44833,0.00000,0.00000,0.00000,1.02000,-1.00000,0.00000,1.00000,0.00000,0.00000,17.00000,0.00000,1.06103,0.18000,1.00000,1.00000
28.53333,0.00000,8.74633,0.91078,2.08724,0.00000,0.24000,0.00000,-0.07978,48.59866,0.00025,0.00009,1.00127,0.00027,1.00150,0.00129,0.01198,0.86204,0.25337,1.00000,1.00000,0.14000,0.62139,0.02800,0.44879,0.00000,0.00000,0.00000,1.02000,-1.00000,0.00000,1.00000,0.00000,0.00000,17.00000,0.00000,1.06075,0.18000,1.00000,1.00000
28.56667,0.00000,8.72632,0.89738,2.13065,0.00000,0.24000,0.00000,-0.07970,48.65257,0.00052,-0.00053,1.00093,0.00020,1.00109,0.00127,0.00872,0.85975,0.25245,1.00000,1.00000,0.14000,0.62101,0.02800,0.44912,0.00000,0.00000,0.00000,1.02000,-1.00000,0.00000,1.00000,0.00000,0.00000,17.00000,0.00000,1.06055,0.18000,1.00000,1.00000
28.60000,0.00000,8.70934,0.88434,2.17473,0.00000,0.24000,0.00000,-0.07997,48.68927,-0.00067,0.00048,1.00000,0.00000,1.00000,0.00120,0.00000,0.85471,0.25000,1.00000,1.00000,0.14000,0.62000,0.02800,0.45000,0.00000,0.00000,0.00000,1.02000,-1.00000,0.00000,1.00000,0.00000,0.00000,17.00000,0.00000,1.06000,0.18000,1.00000,1.00000
28.63333,0.00000,8.68690,0.87079,2.21735,0.00000,0.24000,0.00000,-0.08000,48.75380,0.00027,-0.00021,1.00000,0.00000,1.00000,0.00120,0.00000,0.85405,0.25000,1.00000,1.00000,0.14000,0.62000,0.02800,0.45000,0.00000,0.00000,0.00000,1.02000,-1.00000,0.00000,1.00000,0.00000,0.00000,17.00000,0.00000,1.06000,0.18000,1.00000,1.00000
28.66667,0.00000,8.42498,0.83361,2.19739,0.00000,0.24000,0.00000,-0.08959,50.13004,0.00156,-0.00031,1.04389,0.00929,1.05163,0.00460,0.41306,1.05731,0.36617,1.00000,1.00000,0.16241,0.66802,0.02800,0.40818,0.00000,0.00000,0.00000,1.02000,-1.00000,0.00000,1.00000,0.00000,0.00000,17.00000,0.00000,1.08582,0.18000,1.00000,1.00000
28.70000,0.00000,8.46631,0.82671,2.25542,0.00000,0.24000,0.00000,-0.07964,49.83986,-0.00366,0.00213,1.03195,0.00677,1.03759,0.00346,0.30071,1.00167,0.33457,1.00000,1.00000,0.14000,0.65496,0.02800,0.41955,0.00000,0.00000,0.00000,1.02000,-1.00000,0.00000,1.00000,0.00000,0.00000,17.00000,0.00000,1.07879,0.18000,1.00000,1.00000
28.73333,0.00000,8.49044,0.81804,2.30936,0.00000,0.24000,0.00000,-0.07465,49.64585,0.00207,-0.00218,1.02326,0.00493,1.02736,0.00284,0.21891,0.96074,0.31157,1.00000,1.00000,0.14000,0.64545,0.02800,0.42783,0.00000,0.00000,0.00000,1.02000,-1.00000,0.00000,1.00000,0.00000,0.00000,17.00000,0.00000,1.07368,0.18000,1.00000,1.00000
28.76667,0.00000,8.50174,0.80808,2.36015,0.00000,0.24000,0.00000,-0.07743,49.52211,0.00026,0.00117,1.01693,0.00359,1.01992,0.00240,0.15937,0.93064,0.29482,1.00000,1.00000,0.14000,0.63853,0.02800,0.43386,0.00000,0.00000,0.00000,1.02000,-1.00000,0.00000,1.00000,0.00000,0.00000,17.00000,0.00000,1.06996,0.18000,1.00000,1.00000
28.80000,0.00000,8.50350,0.79720,2.40851,0.00000,0.24000,0.00000,-0.08129,49.44969,-0.00117,0.00010,1.01233,0.00261,1.01450,0.00207,0.11602,0.90848,0.28263,1.00000,1.00000,0.14000,0.63349,0.02800,0.43825,0.00000,0.00000,0.00000,1.02000,-1.00000,0.00000,1.00000,0.00000,0.00000,17.00000,0.00000,1.06725,0.18000,1.00000,1.00000
28.83333,0.00000,8.49820,0.78565,2.45498,0.00000,0.24000,0.00000,-0.08153,49.41476,0.00039,-0.00101,1.00897,0.00190,1.01056,0.00183,0.08446,0.89214,0.27375,1.00000,1.00000,0.14000,0.62982,0.02800,0.44145,0.00000,0.00000,0.00000,1.02000,-1.00000,0.00000,1.00000,0.00000,0.00000,17.00000,0.00000,1.06528,0.18000,1.00000,1.00000
28.86667,0.00000,8.48766,0.77362,2.50000,0.00000,0.24000,0.00000,-0.07941,49.40722,0.00108,0.00123,1.00653,0.00138,1.00769,0.00166,0.06149,0.88005,0.26729,1.00000,1.00000,0.14000,0.62715,0.02800,0.44377,0.00000,0.00000,0.00000,1.02000,-1.00000,0.00000,1.00000,0.00000,0.00000,17.00000,0.00000,1.06384,0.18000,1.00000,1.00000
28.90000,0.00000,8.47325,0.76127,2.54388,0.00000,0.24000,0.00000,-0.07804,49.41970,-0.00175,-0.00076,1.00476,0.00101,1.00560,0.00154,0.04476,0.87106,0.26259,1.00000,1.00000,0.14000,0.62520,0.02800,0.44547,0.00000,0.00000,0.00000,1.02000,-1.00000,0.00000,1.00000,0.00000,0.00000,17.00000,0.00000,1.06280,0.18000,1.00000,1.00000
28.93333,0.00000,8.45595,0.74868,2.58687,0.00000,0.24000,0.00000,-0.07826,49.44683,0.00105,-0.00003,1.00346,0.00073,1.00407,0.00144,0.03259,0.86434,0.25917,1.00000,1.00000,0.14000,0.62379,0.02800,0.44670,0.00000,0.00000,0.00000,1.02000,-1.00000,0.00000,1.00000,0.00000,0.00000,17.00000,0.00000,1.06204,0.18000,1.00000,1.00000
28.96667,0.00000,8.43649,0.73594,2.62914,0.00000,0.24000,0.00000,-0.07881,49.48468,0.00002,0.00045,1.00252,0.00053,1.00297,0.00138,0.02372,0.85926,0.25667,1.00000,1.00000,0.14000,0.62276,0.02800,0.44760,0.00000,0.00000,0.00000,1.02000,-1.00000,0.00000,1.00000,0.00000,0.00000,17.00000,0.00000,1.06148,0.18000,1.00000,1.00000
29.00000,0.00000,8.41540,0.72310,2.67082,0.00000,0.24000,0.00000,-0.07865,49.53040,-0.00034,-0.00043,1.00183,0.00039,1.00216,0.00133,0.01727,0.85539,0.25486,1.00000,1.00000,0.14000,0.62201,0.02800,0.44825,0.00000,0.00000,0.00000,1.02000,-1.00000,0.00000,1.00000,0.00000,0.00000,17.00000,0.00000,1.06108,0.18000,1.00000,1.00000
29.03333,0.00000,8.39306,0.71020,2.71203,0.00000,0.24000,0.00000,-0.07795,49.58189,0.00043,0.00065,1.00134,0.00028,1.00157,0.00129,0.01257,0.85239,0.25354,1.00000,1.00000,0.14000,0.62146,0.02800,0.44873,0.00000,0.00000,0.00000,1.02000,-1.00000,0.00000,1.00000,0.00000,0.00000,17.00000,0.00000,1.06079,0.18000,1.00000,1.00000
29.06667,0.00000,8.36977,0.69725,2.75282,0.00000,0.24000,0.00000,-0.07733,49.63765,0.00054,-0.00001,1.00097,0.00021,1.00114,0.00127,0.00915,0.85003,0.25257,1.00000,1.00000,0.14000,0.62106,0.02800,0.44907,0.00000,0.00000,0.00000,1.02000,-1.00000,0.00000,1.00000,0.00000,0.00000,17.00000,0.00000,1.06057,0.18000,1.00000,1.00000
29.10000,0.00000,8.34572,0.68430,2.79326,0.00000,0.24000,0.00000,-0.07702,49.69657,-0.00115,-0.00070,1.00071,0.00015,1.00083,0.00125,0.00666,0.84813,0.25187,1.00000,1.00000,0.14000,0.62077,0.02800,0.44933,0.00000,0.00000,0.00000,1.02000,-1.00000,0.00000,1.00000,0.00000,0.00000,17.00000,0.00000,1.06042,0.18000,1.00000,1.00000
29.13333,0.00000,8.32385,0.67156,2.83433,0.00000,0.24000,0.00000,-0.07673,49.74213,0.00063,0.00094,1.00000,0.00000,1.00000,0.00120,0.00000,0.84416,0.25000,1.00000,1.00000,0.14000,0.62000,0.02800,0.45000,0.00000,0.00000,0.00000,1.02000,-1.00000,0.00000,1.00000,0.00000,0.00000,17.00000,0.00000,1.06000,0.18000,1.00000,1.00000
29.16667,0.00000,8.29794,0.65854,2.87391,0.00000,0.24000,0.00000,-0.07630,49.80941,0.00044,-0.00067,1.00000,0.00000,1.00000,0.00120,0.00000,0.84350,0.25000,1.00000,1.00000,0.14000,0.62000,0.02800,0.45000,0.00000,0.00000,0.00000,1.02000,-1.00000,0.00000,1.00000,0.00000,0.00000,17.00000,0.00000,1.06000,0.18000,1.00000,1.00000
29.20000,0.00000,7.93110,0.61896,2.79330,0.00000,0.24000,0.00000,-0.08059,51.89669,-0.00695,0.00027,1.06640,0.01406,1.07811,0.00589,0.62491,1.14521,0.42576,1.00000,1.00000,0.14000,0.69265,0.02800,0.38673,0.00000,0.00000,0.00000,1.02000,-1.00000,0.00000,1.00000,0.00000,0.00000,17.00000,0.00000,1.09906,0.18000,1.00000,1.00000
29.23333,0.00000,7.99546,0.61342,2.86295,0.00000,0.24000,0.00000,-0.06630,51.41808,0.00416,0.00278,1.04834,0.01024,1.05687,0.00463,0.45493,1.06346,0.37795,1.00000,1.00000,0.14104,0.67289,0.02800,0.40394,0.00000,0.00000,0.00000,1.02000,-1.00000,0.00000,1.00000,0.00000,0.00000,17.00000,0.00000,1.08843,0.18000,1.00000,1.00000
29.26667,0.00000,8.03604,0.60589,2.92488,0.00000,0.24000,0.00000,-0.06801,51.08710,-0.00006,-0.00342,1.03519,0.00745,1.04140,0.00368,0.33119,1.00319,0.34315,1.00000,1.00000,0.14000,0.65850,0.02800,0.41647,0.00000,0.00000,0.00000,1.02000,-1.00000,0.00000,1.00000,0.00000,0.00000,17.00000,0.00000,1.08070,0.18000,1.00000,1.00000
29.30000,0.00000,8.05872,0.59691,2.98086,0.00000,0.24000,0.00000,-0.07589,50.86408,-0.00180,0.00214,1.02562,0.00542,1.03014,0.00301,0.24110,0.95884,0.31781,1.00000,1.00000,0.14000,0.64803,0.02800,0.42559,0.00000,0.00000,0.00000,1.02000,-1.00000,0.00000,1.00000,0.00000,0.00000,17.00000,0.00000,1.07507,0.18000,1.00000,1.00000
29.33333,0.00000,8.06804,0.58687,3.03226,0.00000,0.24000,0.00000,-0.07825,50.71995,0.00069,-0.00021,1.01865,0.00395,1.02194,0.00254,0.17552,0.92621,0.29937,1.00000,1.00000,0.14140,0.64040,0.02800,0.43223,0.00000,0.00000,0.00000,1.02000,-1.00000,0.00000,1.00000,0.00000,0.00000,17.00000,0.00000,1.07097,0.18000,1.00000,1.00000
29.36667,0.00000,8.06742,0.57607,3.08017,0.00000,0.24000,0.00000,-0.07467,50.63346,0.00130,-0.00117,1.01358,0.00288,1.01597,0.00228,0.12778,0.90220,0.28594,1.00000,1.00000,0.14931,0.63485,0.02800,0.43706,0.00000,0.00000,0.00000,1.02000,-1.00000,0.00000,1.00000,0.00000,0.00000,17.00000,0.00000,1.06799,0.18000,1.00000,1.00000
29.40000,0.00000,8.05944,0.56474,3.12541,0.00000,0.24000,0.00000,-0.07113,50.58909,-0.00213,0.00153,1.00988,0.00209,1.01163,0.00190,0.09302,0.88451,0.27616,1.00000,1.00000,0.14000,0.63081,0.02800,0.44058,0.00000,0.00000,0.00000,1.02000,-1.00000,0.00000,1.00000,0.00000,0.00000,17.00000,0.00000,1.06581,0.18000,1.00000,1.00000
29.43333,0.00000,8.04603,0.55302,3.16861,0.00000,0.24000,0.00000,-0.07076,50.57548,0.00141,-0.00107,1.00720,0.00152,1.00847,0.00171,0.06772,0.87142,0.26905,1.00000,1.00000,0.14000,0.62787,0.02800,0.44314,0.00000,0.00000,0.00000,1.02000,-1.00000,0.00000,1.00000,0.00000,0.00000,17.00000,0.00000,1.06423,0.18000,1.00000,1.00000
29.46667,0.00000,8.02859,0.54105,3.21023,0.00000,0.24000,0.00000,-0.07188,50.58435,-0.00000,0.00017,1.00524,0.00111,1.00616,0.00157,0.04930,0.86171,0.26387,1.00000,1.00000,0.14000,0.62573,0.02800,0.44501,0.00000,0.00000,0.00000,1.02000,-1.00000,0.00000,1.00000,0.00000,0.00000,17.00000,0.00000,1.06308,0.18000,1.00000,1.00000
29.50000,0.00000,8.00816,0.52889,3.25064,0.00000,0.24000,0.00000,-0.07203,50.60968,-0.00086,0.00066,1.00381,0.00081,1.00449,0.00147,0.03589,0.85446,0.26009,1.00000,1.00000,0.14000,0.62417,0.02800,0.44637,0.00000,0.00000,0.00000,1.02000,-1.00000,0.00000,1.00000,0.00000,0.00000,17.00000,0.00000,1.06224,0.18000,1.00000,1.00000
29.53333,0.00000,7.98551,0.51662,3.29009,0.00000,0.24000,0.00000,-0.07092,50.64705,0.00060,-0.00103,1.00278,0.00059,1.00327,0.00140,0.02613,0.84899,0.25735,1.00000,1.00000,0.14000,0.62304,0.02800,0.44735,0.00000,0.00000,0.00000,1.02000,-1.00000,0.00000,1.00000,0.00000,0.00000,17.00000,0.00000,1.06163,0.18000,1.00000,1.00000
29.56667,0.00000,7.96119,0.50427,3.32877,0.00000,0.24000,0.00000,-0.06972,50.69325,0.00031,0.00083,1.00202,0.00043,1.00238,0.00134,0.01902,0.84483,0.25535,1.00000,1.00000,0.14000,0.62221,0.02800,0.44807,0.00000,0.00000,0.00000,1.02000,-1.00000,0.00000,1.00000,0.00000,0.00000,17.00000,0.00000,1.06119,0.18000,1.00000,1.00000
29.60000,0.00000,7.93560,0.49188,3.36683,0.00000,0.24000,0.00000,-0.06913,50.74593,-0.00089,-0.00018,1.00147,0.00031,1.00173,0.00131,0.01385,0.84162,0.25389,1.00000,1.00000,0.14013,0.62161,0.02800,0.44860,0.00000,0.00000,0.00000,1.02000,-1.00000,0.00000,1.00000,0.00000,0.00000,17.00000,0.00000,1.06087,0.18000,1.00000,1.00000
29.63333,0.00000,7.91453,0.47980,3.40673,0.00000,0.24000,0.00000,-0.06889,50.77019,0.00051,-0.00049,1.00000,0.00000,1.00000,0.00120,0.00000,0.83417,0.25000,1.00000,1.00000,0.14000,0.62000,0.02800,0.45000,0.00000,0.00000,0.00000,1.02000,-1.00000,0.00000,1.00000,0.00000,0.00000,17.00000,0.00000,1.06000,0.18000,1.00000,1.00000
29.66667,0.00000,7.88572,0.46728,3.44322,0.00000,0.24000,0.00000,-0.06833,50.84019,0.00039,0.00087,1.00000,0.00000,1.00000,0.00120,0.00000,0.83350,0.25000,1.00000,1.00000,0.14000,0.62000,0.02800,0.45000,0.00000,0.00000,0.00000,1.02000,-1.00000,0.00000,1.00000,0.00000,0.00000,17.00000,0.00000,1.06000,0.18000,1.00000,1.00000
29.70000,0.00000,7.85673,0.45480,3.47949,0.00000,0.24000,0.00000,-0.06777,50.91039,-0.00109,-0.00077,1.00000,0.00000,1.00000,0.00125,0.00000,0.83283,0.25000,1.00000,1.00000,0.14408,0.62000,0.02800,0.45000,0.00000,0.00000,0.00000,1.02000,-1.00000,0.00000,1.00000,0.00000,0.00000,17.00000,0.00000,1.06000,0.18000,1.00000,1.00000
29.73333,1.00000,0.00000,0.00000,-20.00000,0.00000,0.00000,0.00000,0.00997,48.00000,0.00612,0.00139,1.05613,0.44284,1.06604,0.00516,0.52832,1.33020,0.39859,1.00000,1.00000,0.14000,0.82430,0.02800,0.35245,0.99726,0.00000,0.00000,1.02000,-1.00000,0.00000,1.00000,0.00000,0.00000,17.00000,0.00000,1.09302,0.18000,1.00000,1.00000
29.76667,1.00000,0.00000,0.00000,-20.00000,0.00000,0.00000,0.00000,0.01266,48.00000,-0.00066,0.00257,1.04087,0.29980,1.04808,0.00408,0.38462,1.24039,0.35817,1.00000,1.00000,0.14000,0.80409,0.02800,0.36538,0.99285,0.00000,0.00000,1.02000,-1.00000,0.00000,1.00000,0.00000,0.00000,17.00000,0.00000,1.08404,0.18000,1.00000,1.00000
29.80000,1.00000,0.00000,0.00000,-20.00000,0.00000,0.00000,0.00000,0.00454,48.00000,-0.00216,-0.00383,1.02975,0.20300,1.03500,0.00330,0.28000,1.17500,0.32875,1.00000,1.00000,0.14000,0.78937,0.02800,0.37480,0.98845,0.00000,0.00000,1.02000,-1.00000,0.00000,1.00000,0.00000,0.00000,17.00000,0.00000,1.07750,0.18000,1.00000,1.00000
29.83333,1.00000,0.00000,0.00000,-20.00000,0.00000,0.00000,0.00000,-0.00026,48.00000,0.00105,0.00275,1.02166,0.13748,1.02548,0.00273,0.20384,1.12740,0.30733,1.00000,1.00000,0.14000,0.77866,0.02800,0.38165,0.98404,0.00000,0.00000,1.02000,-1.00000,0.00000,1.00000,0.00000,0.00000,17.00000,0.00000,1.07274,0.18000,1.00000,1.00000
29.86667,1.00000,0.00000,0.00000,-20.00000,0.00000,0.00000,0.00000,0.00227,48.00000,0.00140,-0.00072,1.01577,0.09312,1.01855,0.00238,0.14839,1.09275,0.29174,1.00000,1.00000,0.14484,0.77087,0.02800,0.38664,0.97963,0.00000,0.00000,1.02000,-1.00000,0.00000,1.00000,0.00000,0.00000,17.00000,0.00000,1.06927,0.18000,1.00000,1.00000
29.90000,1.00000,0.00000,0.00000,-20.00000,0.00000,0.00000,0.00000,0.00655,48.00000,-0.00244,-0.00095,1.01148,0.06309,1.01350,0.00201,0.10803,1.06752,0.28038,1.00000,1.00000,0.14000,0.76519,0.02800,0.39028,0.97523,0.00000,0.00000,1.02000,-1.00000,0.00000,1.00000,0.00000,0.00000,17.00000,0.00000,1.06675,0.18000,1.00000,1.00000
29.93333,1.00000,0.00000,0.00000,-20.00000,0.00000,0.00000,0.00000,0.00777,48.00000,0.00167,0.00166,1.00836,0.04275,1.00983,0.00180,0.07865,1.04915,0.27212,1.00000,1.00000,0.14083,0.76106,0.02800,0.39292,0.97082,0.00000,0.00000,1.02000,-1.00000,0.00000,1.00000,0.00000,0.00000,17.00000,0.00000,1.06492,0.18000,1.00000,1.00000
29.96667,1.00000,0.00000,0.00000,-20.00000,0.00000,0.00000,0.00000,0.00658,48.00000,-0.00002,-0.00139,1.00608,0.02897,1.00716,0.00167,0.05725,1.03578,0.26610,1.00000,1.00000,0.14296,0.75805,0.02800,0.39485,0.96641,0.00000,0.00000,1.02000,-1.00000,0.00000,1.00000,0.00000,0.00000,17.00000,0.00000,1.06358,0.18000,1.00000,1.00000
30.00000,1.00000,0.00000,0.00000,-20.00000,0.00000,0.00000,0.00000,0.00582,48.00000,-0.00103,0.00045,1.00443,0.01964,1.00521,0.00151,0.04168,1.02605,0.26172,1.00000,1.00000,0.14000,0.75586,0.02800,0.39625,0.96201,0.00000,0.00000,1.02000,-1.00000,0.00000,1.00000,0.00000,0.00000,17.00000,0.00000,1.06261,0.18000,1.00000,1.00000
30.03333,1.00000,0.00000,0.00000,-20.00000,0.00000,0.00000,0.00000,0.00652,48.00000,0.00084,0.00054,1.00322,0.01332,1.00379,0.00146,0.03034,1.01896,0.25853,1.00000,1.00000,0.14231,0.75427,0.02800,0.39727,0.95760,0.00000,0.00000,1.02000,-1.00000,0.00000,1.00000,0.00000,0.00000,17.00000,0.00000,1.06190,0.18000,1.00000,1.00000
30.06667,1.00000,0.00000,0.00000,-20.00000,0.00000,0.00000,0.00000,0.00768,48.00000,0.00015,-0.00115,1.00235,0.00903,1.00276,0.00143,0.02209,1.01381,0.25621,1.00000,1.00000,0.14507,0.75311,0.02800,0.39801,0.95319,0.00000,0.00000,1.02000,-1.00000,0.00000,1.00000,0.00000,0.00000,17.00000,0.00000,1.06138,0.18000,1.00000,1.00000
30.10000,1.00000,0.00000,0.00000,-20.00000,0.00000,0.00000,0.00000,0.00826,48.00000,-0.00085,0.00106,1.00171,0.00613,1.00201,0.00132,0.01608,1.01005,0.25452,1.00000,1.00000,0.14000,0.75226,0.02800,0.39855,0.94879,0.00000,0.00000,1.02000,-1.00000,0.00000,1.00000,0.00000,0.00000,17.00000,0.00000,1.06101,0.18000,1.00000,1.00000
30.13333,1.00000,0.00000,0.00000,-20.00000,0.00000,0.00000,0.00000,0.00829,48.00000,0.00055,-0.00041,1.00124,0.00416,1.00146,0.00129,0.01171,1.00732,0.25329,1.00000,1.00000,0.14000,0.75165,0.02800,0.39895,0.94438,0.00000,0.00000,1.02000,-1.00000,0.00000,1.00000,0.00000,0.00000,17.00000,0.00000,1.06073,0.18000,1.00000,1.00000
30.16667,1.00000,0.00000,0.00000,-20.00000,0.00000,0.00000,0.00000,0.00851,48.00000,0.00039,-0.00037,1.00000,0.00263,1.00000,0.00124,0.00000,1.00000,0.25000,1.00000,1.00000,0.14291,0.75000,0.02800,0.40000,0.93998,0.00000,0.00000,1.02000,-1.00000,0.00000,1.00000,0.00000,0.00000,17.00000,0.00000,1.06000,0.18000,1.00000,1.00000
30.20000,1.00000,0.00000,0.00000,-20.00000,0.00000,0.00000,0.00000,0.00879,48.00000,-0.00113,0.00092,1.00000,0.00178,1.00000,0.00128,0.00000,1.00000,0.25000,1.00000,1.00000,0.14627,0.75000,0.02800,0.40000,0.93557,0.00000,0.00000,1.02000,-1.00000,0.00000,1.00000,0.00000,0.00000,17.00000,0.00000,1.06000,0.18000,1.00000,1.00000
30.23333,1.00000,0.00000,0.00000,-20.00000,0.00000,0.00000,0.00000,0.00905,48.00000,0.00100,-0.00092,1.00000,0.00000,1.00000,0.00120,0.00000,1.00000,0.25000,1.00000,1.00000,0.14000,0.75000,0.02800,0.40000,0.93116,0.00000,0.00000,1.02000,-1.00000,0.00000,1.00000,0.00000,0.00000,17.00000,0.00000,1.06000,0.18000,1.00000,1.00000
30.26667,1.00000,0.00000,0.00000,-20.00000,0.00000,0.00000,0.00000,0.02134,48.00000,-0.00118,0.00235,1.05159,0.01092,1.06069,0.00484,0.48552,1.30345,0.38655,1.00000,1.00000,0.14000,0.81828,0.02800,0.35630,0.92676,0.00000,0.00000,1.02000,-1.00000,0.00000,1.00000,0.00000,0.00000,17.00000,0.00000,1.09035,0.18000,1.00000,1.00000
30.30000,1.00000,0.00000,0.00000,-20.00000,0.00000,0.00000,0.00000,0.01330,48.00000,-0.00204,0.00140,1.03756,0.00795,1.04418,0.00385,0.35346,1.22091,0.34941,1.00000,1.00000,0.14000,0.79971,0.02800,0.36819,0.92235,0.00000,0.00000,1.02000,-1.00000,0.00000,1.00000,0.00000,0.00000,17.00000,0.00000,1.08209,0.18000,1.00000,1.00000
30.33333,1.00000,0.00000,0.00000,-20.00000,0.00000,0.00000,0.00000,0.00509,48.00000,0.00129,-0.00309,1.02734,0.00579,1.03216,0.00313,0.25732,1.16082,0.32237,1.00000,1.00000,0.14000,0.78619,0.02800,0.37684,0.91794,0.00000,0.00000,1.02000,-1.00000,0.00000,1.00000,0.00000,0.00000,17.00000,0.00000,1.07608,0.18000,1.00000,1.00000
30.36667,1.00000,0.00000,0.00000,-20.00000,0.00000,0.00000,0.00000,0.00555,48.00000,0.00114,0.00273,1.01990,0.00421,1.02342,0.00260,0.18733,1.11708,0.30269,1.00000,1.00000,0.14000,0.77634,0.02800,0.38314,0.91354,0.00000,0.00000,1.02000,-1.00000,0.00000,1.00000,0.00000,0.00000,17.00000,0.00000,1.07171,0.18000,1.00000,1.00000
30.40000,1.00000,0.00000,0.00000,-20.00000,0.00000,0.00000,0.00000,0.01025,48.00000,-0.00253,-0.00115,1.01449,0.00307,1.01705,0.00229,0.13637,1.08523,0.28835,1.00000,1.00000,0.14484,0.76918,0.02800,0.38773,0.90913,0.00000,0.00000,1.02000,-1.00000,0.00000,1.00000,0.00000,0.00000,17.00000,0.00000,1.06852,0.18000,1.00000,1.00000
30.43333,1.00000,0.00000,0.00000,-20.00000,0.00000,0.00000,0.00000,0.01237,48.00000,0.00187,-0.00060,1.01055,0.00223,1.01241,0.00213,0.09928,1.06205,0.27792,1.00000,1.00000,0.15352,0.76396,0.02800,0.39106,0.90472,0.00000,0.00000,1.02000,-1.00000,0.00000,1.00000,0.00000,0.00000,17.00000,0.00000,1.06620,0.18000,1.00000,1.00000
30.46667,1.00000,0.00000,0.00000,-20.00000,0.00000,0.00000,0.00000,0.01096,48.00000,-0.00002,0.00174,1.00768,0.00163,1.00903,0.00176,0.07227,1.04517,0.27033,1.00000,1.00000,0.14125,0.76016,0.02800,0.39350,0.90032,0.00000,0.00000,1.02000,-1.00000,0.00000,1.00000,0.00000,0.00000,17.00000,0.00000,1.06452,0.18000,1.00000,1.00000
30.50000,1.00000,0.00000,0.00000,-20.00000,0.00000,0.00000,0.00000,0.00918,48.00000,-0.00134,-0.00174,1.00559,0.00118,1.00658,0.00159,0.05262,1.03288,0.26480,1.00000,1.00000,0.14000,0.75740,0.02800,0.39526,0.89591,0.00000,0.00000,1.02000,-1.00000,0.00000,1.00000,0.00000,0.00000,17.00000,0.00000,1.06329,0.18000,1.00000,1.00000
30.53333,1.00000,0.00000,0.00000,-20.00000,0.00000,0.00000,0.00000,0.00907,48.00000,0.00120,0.00085,1.00407,0.00086,1.00479,0.00159,0.03830,1.02394,0.26077,1.00000,1.00000,0.14762,0.75539,0.02800,0.39655,0.89150,0.00000,0.00000,1.02000,-1.00000,0.00000,1.00000,0.00000,0.00000,17.00000,0.00000,1.06239,0.18000,1.00000,1.00000
30.56667,1.00000,0.00000,0.00000,-20.00000,0.00000,0.00000,0.00000,0.00991,48.00000,-0.00005,0.00033,1.00296,0.00063,1.00349,0.00150,0.02788,1.01743,0.25784,1.00000,1.00000,0.14658,0.75392,0.02800,0.39749,0.88710,0.00000,0.00000,1.02000,-1.00000,0.00000,1.00000,0.00000,0.00000,17.00000,0.00000,1.06174,0.18000,1.00000,1.00000
30.60000,1.00000,0.00000,0.00000,-20.00000,0.00000,0.00000,0.00000,0.01031,48.00000,-0.00078,-0.00112,1.00216,0.00046,1.00254,0.00143,0.02030,1.01269,0.25571,1.00000,1.00000,0.14580,0.75285,0.02800,0.39817,0.88269,0.00000,0.00000,1.02000,-1.00000,0.00000,1.00000,0.00000,0.00000,17.00000,0.00000,1.06127,0.18000,1.00000,1.00000
30.63333,1.00000,0.00000,0.00000,-20.00000,0.00000,0.00000,0.00000,0.00995,48.00000,0.00041,0.00089,1.00157,0.00033,1.00185,0.00131,0.01478,1.00924,0.25416,1.00000,1.00000,0.14000,0.75208,0.02800,0.39867,0.87828,0.00000,0.00000,1.02000,-1.00000,0.00000,1.00000,0.00000,0.00000,17.00000,0.00000,1.06092,0.18000,1.00000,1.00000
30.66667,1.00000,0.00000,0.00000,-20.00000,0.00000,0.00000,0.00000,0.00942,48.00000,0.00022,-0.00037,1.00114,0.00024,1.00134,0.00128,0.01076,1.00672,0.25303,1.00000,1.00000,0.14000,0.75151,0.02800,0.39903,0.87388,0.00000,0.00000,1.02000,-1.00000,0.00000,1.00000,0.00000,0.00000,17.00000,0.00000,1.06067,0.18000,1.00000,1.00000
30.70000,1.00000,0.00000,0.00000,-20.00000,0.00000,0.00000,0.00000,0.00938,48.00000,-0.00055,-0.00009,1.00000,0.00000,1.00000,0.00120,0.00000,1.00000,0.25000,1.00000,1.00000,0.14000,0.75000,0.02800,0.40000,0.86947,0.00000,0.00000,1.02000,-1.00000,0.00000,1.00000,0.00000,0.00000,17.00000,0.00000,1.06000,0.18000,1.00000,1.00000
30.73333,1.00000,0.00000,0.00000,-20.00000,0.00000,0.00000,0.00000,0.00917,48.00000,0.00050,0.00040,1.00000,0.00000,1.00000,0.00120,0.00000,1.00000,0.25000,1.00000,1.00000,0.14000,0.75000,0.02800,0.40000,0.86507,0.00000,0.00000,1.02000,-1.00000,0.00000,1.00000,0.00000,0.00000,17.00000,0.00000,1.06000,0.18000,1.00000,1.00000
30.76667,1.00000,0.00000,0.00000,-20.00000,0.00000,0.00000,0.00000,0.00893,48.00000,-0.00019,-0.00070,1.00000,0.00000,1.00000,0.00378,0.00000,1.00000,0.25000,1.00000,1.00000,0.33159,0.75000,0.02800,0.40000,0.86066,0.00000,0.00000,1.02000,-1.00000,0.00000,1.00000,0.00000,0.00000,17.00000,0.00000,1.06000,0.18000,1.00000,1.00000
30.80000,1.00000,0.00000,0.00000,-20.00000,0.00000,0.00000,0.00000,0.01662,48.00000,-0.00213,0.00298,1.04723,0.01000,1.05557,0.00459,0.44456,1.27785,0.37503,1.00000,1.00000,0.14408,0.81252,0.02800,0.35999,0.85625,0.00000,0.00000,1.02000,-1.00000,0.00000,1.00000,0.00000,0.00000,17.00000,0.00000,1.08778,0.18000,1.00000,1.00000
30.83333,1.00000,0.00000,0.00000,-20.00000,0.00000,0.00000,0.00000,0.00495,48.00000,0.00178,0.00049,1.03439,0.00728,1.04045,0.00363,0.32364,1.20227,0.34102,1.00000,1.00000,0.14000,0.79551,0.02800,0.37087,0.85185,0.00000,0.00000,1.02000,-1.00000,0.00000,1.00000,0.00000,0.00000,17.00000,0.00000,1.08023,0.18000,1.00000,1.00000
30.86667,1.00000,0.00000,0.00000,-20.00000,0.00000,0.00000,0.00000,0.00218,48.00000,0.00088,-0.00264,1.02503,0.00530,1.02945,0.00297,0.23561,1.14725,0.31626,1.00000,1.00000,0.14016,0.78313,0.02800,0.37880,0.84744,0.00000,0.00000,1.02000,-1.00000,0.00000,1.00000,0.00000,0.00000,17.00000,0.00000,1.07473,0.18000,1.00000,1.00000
30.90000,1.00000,0.00000,0.00000,-20.00000,0.00000,0.00000,0.00000,0.00667,48.00000,-0.00244,0.00275,1.01822,0.00386,1.02144,0.00249,0.17152,1.10720,0.29824,1.00000,1.00000,0.14000,0.77412,0.02800,0.38456,0.84303,0.00000,0.00000,1.02000,-1.00000,0.00000,1.00000,0.00000,0.00000,17.00000,0.00000,1.07072,0.18000,1.00000,1.00000
30.93333,1.00000,0.00000,0.00000,-20.00000,0.00000,0.00000,0.00000,0.00993,48.00000,0.00178,-0.00148,1.01327,0.00281,1.01561,0.00214,0.12487,1.07804,0.28512,1.00000,1.00000,0.14000,0.76756,0.02800,0.38876,0.83863,0.00000,0.00000,1.02000,-1.00000,0.00000,1.00000,0.00000,0.00000,17.00000,0.00000,1.06780,0.18000,1.00000,1.00000
30.96667,1.00000,0.00000,0.00000,-20.00000,0.00000,0.00000,0.00000,0.00872,48.00000,-0.00001,-0.00012,1.00966,0.00205,1.01136,0.00188,0.09090,1.05681,0.27557,1.00000,1.00000,0.14000,0.76278,0.02800,0.39182,0.83422,0.00000,0.00000,1.02000,-1.00000,0.00000,1.00000,0.00000,0.00000,17.00000,0.00000,1.06568,0.18000,1.00000,1.00000
31.00000,1.00000,0.00000,0.00000,-20.00000,0.00000,0.00000,0.00000,0.00598,48.00000,-0.00131,0.00129,1.00703,0.00149,1.00827,0.00170,0.06618,1.04136,0.26861,1.00000,1.00000,0.14062,0.75931,0.02800,0.39404,0.82981,0.00000,0.00000,1.02000,-1.00000,0.00000,1.00000,0.00000,0.00000,17.00000,0.00000,1.06414,0.18000,1.00000,1.00000
31.03333,1.00000,0.00000,0.00000,-20.00000,0.00000,0.00000,0.00000,0.00485,48.00000,0.00131,-0.00164,1.00512,0.00108,1.00602,0.00156,0.04818,1.03011,0.26355,1.00000,1.00000,0.14000,0.75677,0.02800,0.39566,0.82541,0.00000,0.00000,1.02000,-1.00000,0.00000,1.00000,0.00000,0.00000,17.00000,0.00000,1.06301,0.18000,1.00000,1.00000
31.06667,1.00000,0.00000,0.00000,-20.00000,0.00000,0.00000,0.00000,0.00529,48.00000,-0.00024,0.00103,1.00373,0.00079,1.00438,0.00146,0.03507,1.02192,0.25986,1.00000,1.00000,0.14000,0.75493,0.02800,0.39684,0.82100,0.00000,0.00000,1.02000,-1.00000,0.00000,1.00000,0.00000,0.00000,17.00000,0.00000,1.06219,0.18000,1.00000,1.00000
31.10000,1.00000,0.00000,0.00000,-20.00000,0.00000,0.00000,0.00000,0.00561,48.00000,-0.00065,0.00000,1.00271,0.00057,1.00319,0.00142,0.02553,1.01596,0.25718,1.00000,1.00000,0.14247,0.75359,0.02800,0.39770,0.81659,0.00000,0.00000,1.02000,-1.00000,0.00000,1.00000,0.00000,0.00000,17.00000,0.00000,1.06160,0.18000,1.00000,1.00000
31.13333,1.00000,0.00000,0.00000,-20.00000,0.00000,0.00000,0.00000,0.00502,48.00000,0.00058,-0.00096,1.00197,0.00042,1.00232,0.00175,0.01859,1.01162,0.25523,1.00000,1.00000,0.17013,0.75261,0.02800,0.39833,0.81219,0.00000,0.00000,1.02000,-1.00000,0.00000,1.00000,0.00000,0.00000,17.00000,0.00000,1.06116,0.18000,1.00000,1.00000
31.16667,1.00000,0.00000,0.00000,-20.00000,0.00000,0.00000,0.00000,0.00404,48.00000,0.00042,0.00144,1.00144,0.00030,1.00169,0.00130,0.01353,1.00846,0.25381,1.00000,1.00000,0.14000,0.75190,0.02800,0.39878,0.80778,0.00000,0.00000,1.02000,-1.00000,0.00000,1.00000,0.00000,0.00000,17.00000,0.00000,1.06085,0.18000,1.00000,1.00000
31.20000,1.00000,0.00000,0.00000,-20.00000,0.00000,0.00000,0.00000,0.00334,48.00000,-0.00140,-0.00104,1.00105,0.00022,1.00123,0.00127,0.00985,1.00616,0.25277,1.00000,1.00000,0.14000,0.75139,0.02800,0.39911,0.80337,0.00000,0.00000,1.02000,-1.00000,0.00000,1.00000,0.00000,0.00000,17.00000,0.00000,1.06062,0.18000,1.00000,1.00000
31.23333,1.00000,0.00000,0.00000,-20.00000,0.00000,0.00000,0.00000,0.00305,48.00000,0.00129,0.00007,1.00000,0.00000,1.00000,0.00120,0.00000,1.00000,0.25000,1.00000,1.00000,0.14000,0.75000,0.02800,0.40000,0.79897,0.00000,0.00000,1.02000,-1.00000,0.00000,1.00000,0.00000,0.00000,17.00000,0.00000,1.06000,0.18000,1.00000,1.00000
31.26667,1.00000,0.00000,0.00000,-20.00000,0.00000,0.00000,0.00000,0.00251,48.00000,-0.00039,0.00085,1.00000,0.00000,1.00000,0.00120,0.00000,1.00000,0.25000,1.00000,1.00000,0.14000,0.75000,0.02800,0.40000,0.79456,0.00000,0.00000,1.02000,-1.00000,0.00000,1.00000,0.00000,0.00000,17.00000,0.00000,1.06000,0.18000,1.00000,1.00000
31.30000,1.00000,0.00000,0.00000,-20.00000,0.00000,0.00000,0.00000,0.00196,48.00000,-0.00053,-0.00129,1.00000,0.00000,1.00000,0.00120,0.00000,1.00000,0.25000,1.00000,1.00000,0.14000,0.75000,0.02800,0.40000,0.79016,0.00000,0.00000,1.02000,-1.00000,0.00000,1.00000,0.00000,0.00000,17.00000,0.00000,1.06000,0.18000,1.00000,1.00000
31.33333,1.00000,0.00000,0.00000,-20.00000,0.00000,0.00000,0.00000,0.00014,48.00000,0.00325,0.00525,1.06259,0.01325,1.07364,0.00567,0.58909,1.36818,0.41568,1.00000,1.00000,0.14403,0.83284,0.02800,0.34698,0.78575,0.00000,0.00000,1.02000,-1.00000,0.00000,1.00000,0.00000,0.00000,17.00000,0.00000,1.09682,0.18000,1.00000,1.00000
31.36667,1.00000,0.00000,0.00000,-20.00000,0.00000,0.00000,0.00000,-0.00955,48.00000,0.00057,-0.00051,1.04557,0.00965,1.05361,0.00442,0.42886,1.26803,0.37062,1.00000,1.00000,0.14000,0.81031,0.02800,0.36140,0.78134,0.00000,0.00000,1.02000,-1.00000,0.00000,1.00000,0.00000,0.00000,17.00000,0.00000,1.08680,0.18000,1.00000,1.00000
31.40000,1.00000,0.00000,0.00000,-20.00000,0.00000,0.00000,0.00000,-0.00407,48.00000,-0.00263,-0.00216,1.03317,0.00702,1.03903,0.00354,0.31220,1.19513,0.33781,1.00000,1.00000,0.14000,0.79390,0.02800,0.37190,0.77694,0.00000,0.00000,1.02000,-1.00000,0.00000,1.00000,0.00000,0.00000,17.00000,0.00000,1.07951,0.18000,1.00000,1.00000
31.43333,1.00000,0.00000,0.00000,-20.00000,0.00000,0.00000,0.00000,0.00312,48.00000,0.00145,0.00202,1.02415,0.00511,1.02841,0.00290,0.22728,1.14205,0.31392,1.00000,1.00000,0.14000,0.78196,0.02800,0.37954,0.77253,0.00000,0.00000,1.02000,-1.00000,0.00000,1.00000,0.00000,0.00000,17.00000,0.00000,1.07421,0.18000,1.00000,1.00000
31.46667,1.00000,0.00000,0.00000,-20.00000,0.00000,0.00000,0.00000,0.00308,48.00000,-0.00000,-0.00123,1.01758,0.00372,1.02068,0.00244,0.16546,1.10341,0.29654,1.00000,1.00000,0.14000,0.77327,0.02800,0.38511,0.76812,0.00000,0.00000,1.02000,-1.00000,0.00000,1.00000,0.00000,0.00000,17.00000,0.00000,1.07034,0.18000,1.00000,1.00000
31.50000,1.00000,0.00000,0.00000,-20.00000,0.00000,0.00000,0.00000,-0.00133,48.00000,-0.00164,0.00037,1.01280,0.00271,1.01506,0.00210,0.12046,1.07528,0.28388,1.00000,1.00000,0.14000,0.76694,0.02800,0.38916,0.76372,0.00000,0.00000,1.02000,-1.00000,0.00000,1.00000,0.00000,0.00000,17.00000,0.00000,1.06753,0.18000,1.00000,1.00000
31.53333,1.00000,0.00000,0.00000,-20.00000,0.00000,0.00000,0.00000,-0.00403,48.00000,0.00175,0.00116,1.00932,0.00197,1.01096,0.00186,0.08769,1.05481,0.27466,1.00000,1.00000,0.14000,0.76233,0.02800,0.39211,0.75931,0.00000,0.00000,1.02000,-1.00000,0.00000,1.00000,0.00000,0.00000,17.00000,0.00000,1.06548,0.18000,1.00000,1.00000
31.56667,1.00000,0.00000,0.00000,-20.00000,0.00000,0.00000,0.00000,-0.00357,48.00000,-0.00048,-0.00174,1.00678,0.00144,1.00798,0.00168,0.06384,1.03990,0.26795,1.00000,1.00000,0.14000,0.75898,0.02800,0.39425,0.75490,0.00000,0.00000,1.02000,-1.00000,0.00000,1.00000,0.00000,0.00000,17.00000,0.00000,1.06399,0.18000,1.00000,1.00000
31.60000,1.00000,0.00000,0.00000,-20.00000,0.00000,0.00000,0.00000,-0.00249,48.00000,-0.00061,0.00138,1.00494,0.00105,1.00581,0.00155,0.04647,1.02905,0.26307,1.00000,1.00000,0.14000,0.75654,0.02800,0.39582,0.75050,0.00000,0.00000,1.02000,-1.00000,0.00000,1.00000,0.00000,0.00000,17.00000,0.00000,1.06290,0.18000,1.00000,1.00000
31.63333,1.00000,0.00000,0.00000,-20.00000,0.00000,0.00000,0.00000,-0.00278,48.00000,0.00060,-0.00034,1.00359,0.00076,1.00423,0.00145,0.03383,1.02115,0.25952,1.00000,1.00000,0.14000,0.75476,0.02800,0.39696,0.74609,0.00000,0.00000,1.02000,-1.00000,0.00000,1.00000,0.00000,0.00000,17.00000,0.00000,1.06211,0.18000,1.00000,1.00000
31.66667,1.00000,0.00000,0.00000,-20.00000,0.00000,0.00000,0.00000,-0.00404,48.00000,0.00032,-0.00072,1.00262,0.00055,1.00308,0.00138,0.02463,1.01539,0.25693,1.00000,1.00000,0.14000,0.75346,0.02800,0.39778,0.74168,0.00000,0.00000,1.02000,-1.00000,0.00000,1.00000,0.00000,0.00000,17.00000,0.00000,1.06154,0.18000,1.00000,1.00000
31.70000,1.00000,0.00000,0.00000,-20.00000,0.00000,0.00000,0.00000,-0.00504,48.00000,-0.00122,0.00130,1.00191,0.00040,1.00224,0.00133,0.01793,1.01121,0.25504,1.00000,1.00000,0.14000,0.75252,0.02800,0.39839,0.73728,0.00000,0.00000,1.02000,-1.00000,0.00000,1.00000,0.00000,0.00000,17.00000,0.00000,1.06112,0.18000,1.00000,1.00000
31.73333,1.00000,0.00000,0.00000,-20.00000,0.00000,0.00000,0.00000,-0.00538,48.00000,0.00121,-0.00110,1.00139,0.00029,1.00163,0.00130,0.01305,1.00816,0.25367,1.00000,1.00000,0.14000,0.75184,0.02800,0.39883,0.73287,0.00000,0.00000,1.02000,-1.00000,0.00000,1.00000,0.00000,0.00000,17.00000,0.00000,1.06082,0.18000,1.00000,1.00000
31.76667,1.00000,0.00000,0.00000,-20.00000,0.00000,0.00000,0.00000,-0.00562,48.00000,-0.00030,0.00027,1.00000,0.00000,1.00000,0.00120,0.00000,1.00000,0.25000,1.00000,1.00000,0.14000,0.75000,0.02800,0.40000,0.72846,0.00000,0.00000,1.02000,-1.00000,0.00000,1.00000,0.00000,0.00000,17.00000,0.00000,1.06000,0.18000,1.00000,1.00000
31.80000,1.00000,0.00000,0.00000,-20.00000,0.00000,0.00000,0.00000,-0.00608,48.00000,-0.00023,0.00026,1.00000,0.00000,1.00000,0.00120,0.00000,1.00000,0.25000,1.00000,1.00000,0.14000,0.75000,0.02800,0.40000,0.72406,0.00000,0.00000,1.02000,-1.00000,0.00000,1.00000,0.00000,0.00000,17.00000,0.00000,1.06000,0.18000,1.00000,1.00000
31.83333,0.00000,-2.43763,13.52205,13.79301,0.00000,0.00000,0.00000,0.05606,56.30282,0.00215,-0.00376,1.04192,0.00888,1.04932,0.00617,0.39453,1.49590,0.36096,1.00000,1.00000,0.28955,0.66586,0.02800,0.41005,0.00000,0.00000,0.00000,1.02000,-1.00000,0.00000,1.00000,0.00000,0.00000,17.00000,0.00000,1.08466,0.18000,1.00000,1.00000
31.86667,0.00000,-2.52363,13.56599,13.87887,0.00000,0.00000,0.00000,0.04714,56.01201,-0.00003,0.00436,1.03052,0.00646,1.03590,0.00335,0.28722,1.41541,0.33078,1.00000,1.00000,0.14000,0.65339,0.02800,0.42092,0.00000,0.00000,0.00000,1.02000,-1.00000,0.00000,1.00000,0.00000,0.00000,17.00000,0.00000,1.07795,0.18000,1.00000,1.00000
31.90000,0.00000,-2.60561,13.58370,13.93786,0.00000,0.00000,0.00000,0.04845,55.82918,-0.00253,-0.00140,1.02222,0.00470,1.02614,0.00277,0.20909,1.35682,0.30881,1.00000,1.00000,0.14000,0.64431,0.02800,0.42883,0.00000,0.00000,0.00000,1.02000,-1.00000,0.00000,1.00000,0.00000,0.00000,17.00000,0.00000,1.07307,0.18000,1.00000,1.00000
31.93333,0.00000,-2.68446,13.58199,13.97675,0.00000,0.00000,0.00000,0.05340,55.72525,0.00217,-0.00138,1.01617,0.00342,1.01903,0.00234,0.15222,1.31416,0.29281,1.00000,1.00000,0.14000,0.63770,0.02800,0.43459,0.00000,0.00000,0.00000,1.02000,-1.00000,0.00000,1.00000,0.00000,0.00000,17.00000,0.00000,1.06951,0.18000,1.00000,1.00000
31.96667,0.00000,-2.76090,13.56599,14.00066,0.00000,0.00000,0.00000,0.05471,55.67900,0.00001,0.00264,1.01177,0.00249,1.01385,0.00203,0.11081,1.28311,0.28117,1.00000,1.00000,0.14000,0.63288,0.02800,0.43878,0.00000,0.00000,0.00000,1.02000,-1.00000,0.00000,1.00000,0.00000,0.00000,17.00000,0.00000,1.06693,0.18000,1.00000,1.00000
32.00000,0.00000,-2.83546,13.53952,14.01341,0.00000,0.00000,0.00000,0.05237,55.67494,-0.00170,-0.00210,1.00857,0.00182,1.01008,0.00181,0.08067,1.26050,0.27269,1.00000,1.00000,0.14000,0.62938,0.02800,0.44183,0.00000,0.00000,0.00000,1.02000,-1.00000,0.00000,1.00000,0.00000,0.00000,17.00000,0.00000,1.06504,0.18000,1.00000,1.00000
32.03333,0.00000,-2.90857,13.50542,14.01784,0.00000,0.00000,0.00000,0.05022,55.70179,0.00146,0.00064,1.00624,0.00132,1.00734,0.00164,0.05873,1.24405,0.26652,1.00000,1.00000,0.14000,0.62683,0.02800,0.44405,0.00000,0.00000,0.00000,1.02000,-1.00000,0.00000,1.00000,0.00000,0.00000,17.00000,0.00000,1.06367,0.18000,1.00000,1.00000
32.06667,0.00000,-2.98056,13.46577,14.01607,0.00000,0.00000,0.00000,0.05013,55.75129,-0.00040,0.00039,1.00454,0.00096,1.00534,0.00152,0.04275,1.23207,0.26202,1.00000,1.00000,0.14000,0.62497,0.02800,0.44567,0.00000,0.00000,0.00000,1.02000,-1.00000,0.00000,1.00000,0.00000,0.00000,17.00000,0.00000,1.06267,0.18000,1.00000,1.00000
32.10000,0.00000,-3.05166,13.42208,14.00962,0.00000,0.00000,0.00000,0.05096,55.81743,-0.00023,-0.00071,1.00331,0.00070,1.00389,0.00143,0.03112,1.22334,0.25875,1.00000,1.00000,0.14000,0.62362,0.02800,0.44685,0.00000,0.00000,0.00000,1.02000,-1.00000,0.00000,1.00000,0.00000,0.00000,17.00000,0.00000,1.06195,0.18000,1.00000,1.00000
32.13333,0.00000,-3.12206,13.37548,13.99963,0.00000,0.00000,0.00000,0.05117,55.89583,0.00028,0.00066,1.00241,0.00051,1.00283,0.00137,0.02266,1.21699,0.25637,1.00000,1.00000,0.14000,0.62263,0.02800,0.44771,0.00000,0.00000,0.00000,1.02000,-1.00000,0.00000,1.00000,0.00000,0.00000,17.00000,0.00000,1.06142,0.18000,1.00000,1.00000
32.16667,0.00000,-3.19190,13.32678,13.98692,0.00000,0.00000,0.00000,0.05063,55.98329,0.00010,-0.00029,1.00175,0.00037,1.00206,0.00132,0.01650,1.21237,0.25464,1.00000,1.00000,0.14000,0.62192,0.02800,0.44833,0.00000,0.00000,0.00000,1.02000,-1.00000,0.00000,1.00000,0.00000,0.00000,17.00000,0.00000,1.06103,0.18000,1.00000,1.00000
32.20000,0.00000,-3.26128,13.27657,13.97211,0.00000,0.00000,0.00000,0.05008,56.07749,-0.00093,-0.00034,1.00128,0.00027,1.00150,0.00162,0.01201,1.20901,0.25338,1.00000,1.00000,0.16483,0.62140,0.02800,0.44878,0.00000,0.00000,0.00000,1.02000,-1.00000,0.00000,1.00000,0.00000,0.00000,17.00000,0.00000,1.06075,0.18000,1.00000,1.00000
32.23333,0.00000,-3.33028,13.22529,13.95564,0.00000,0.00000,0.00000,0.04996,56.17671,0.00121,0.00115,1.00093,0.00020,1.00109,0.00127,0.00874,1.20656,0.25246,1.00000,1.00000,0.14000,0.62102,0.02800,0.44911,0.00000,0.00000,0.00000,1.02000,-1.00000,0.00000,1.00000,0.00000,0.00000,17.00000,0.00000,1.06055,0.18000,1.00000,1.00000
32.26667,0.00000,-3.39894,13.17324,13.93782,0.00000,0.00000,0.00000,0.05009,56.27973,-0.00042,-0.00121,1.00068,0.00014,1.00080,0.00125,0.00636,1.20477,0.25179,1.00000,1.00000,0.14000,0.62074,0.02800,0.44936,0.00000,0.00000,0.00000,1.02000,-1.00000,0.00000,1.00000,0.00000,0.00000,17.00000,0.00000,1.06040,0.18000,1.00000,1.00000
32.30000,0.00000,-3.46843,13.12483,13.92333,0.00000,0.00000,0.00000,0.05002,56.36788,-0.00048,0.00058,1.00000,0.00000,1.00000,0.00120,0.00000,1.20000,0.25000,1.00000,1.00000,0.14000,0.62000,0.02800,0.45000,0.00000,0.00000,0.00000,1.02000,-1.00000,0.00000,1.00000,0.00000,0.00000,17.00000,0.00000,1.06000,0.18000,1.00000,1.00000
32.33333,0.00000,-3.53627,13.07071,13.90226,0.00000,0.00000,0.00000,0.05000,56.48081,0.00072,0.00028,1.00000,0.00000,1.00000,0.00120,0.00000,1.20000,0.25000,1.00000,1.00000,0.14003,0.62000,0.02800,0.45000,0.00000,0.00000,0.00000,1.02000,-1.00000,0.00000,1.00000,0.00000,0.00000,17.00000,0.00000,1.06000,0.18000,1.00000,1.00000
32.36667,0.00000,-3.48148,12.57433,13.40900,0.00000,0.00000,0.00000,0.04258,58.56032,-0.00091,-0.00590,1.05437,0.01151,1.06396,0.00504,0.51168,1.58376,0.39391,1.00000,1.00000,0.14000,0.67948,0.02800,0.39819,0.00000,0.00000,0.00000,1.02000,-1.00000,0.00000,1.00000,0.00000,0.00000,17.00000,0.00000,1.09198,0.18000,1.00000,1.00000
32.40000,0.00000,-3.57978,12.63901,13.51262,0.00000,0.00000,0.00000,0.04111,58.14241,-0.00260,0.00513,1.03958,0.00838,1.04656,0.00399,0.37250,1.47938,0.35477,1.00000,1.00000,0.14000,0.66330,0.02800,0.41228,0.00000,0.00000,0.00000,1.02000,-1.00000,0.00000,1.00000,0.00000,0.00000,17.00000,0.00000,1.08328,0.18000,1.00000,1.00000
32.43333,0.00000,-3.67037,12.67250,13.58293,0.00000,0.00000,0.00000,0.04975,57.86873,0.00245,-0.00231,1.02881,0.00610,1.03390,0.00326,0.27118,1.40338,0.32627,1.00000,1.00000,0.14218,0.65152,0.02800,0.42254,0.00000,0.00000,0.00000,1.02000,-1.00000,0.00000,1.00000,0.00000,0.00000,17.00000,0.00000,1.07695,0.18000,1.00000,1.00000
32.46667,0.00000,-3.75500,12.68277,13.62821,0.00000,0.00000,0.00000,0.05479,57.70043,0.00000,-0.00061,1.02098,0.00444,1.02468,0.00268,0.19742,1.34806,0.30552,1.00000,1.00000,0.14000,0.64295,0.02800,0.43001,0.00000,0.00000,0.00000,1.02000,-1.00000,0.00000,1.00000,0.00000,0.00000,17.00000,0.00000,1.07234,0.18000,1.00000,1.00000
32.50000,0.00000,-3.83506,12.67587,13.65481,0.00000,0.00000,0.00000,0.05276,57.60914,-0.00200,0.00220,1.01527,0.00323,1.01796,0.00228,0.14372,1.30779,0.29042,1.00000,1.00000,0.14000,0.63671,0.02800,0.43545,0.00000,0.00000,0.00000,1.02000,-1.00000,0.00000,1.00000,0.00000,0.00000,17.00000,0.00000,1.06898,0.18000,1.00000,1.00000
32.53333,0.00000,-3.91163,12.65636,13.66748,0.00000,0.00000,0.00000,0.04927,57.57417,0.00232,-0.00243,1.01112,0.00235,1.01308,0.00217,0.10463,1.27847,0.27943,1.00000,1.00000,0.15388,0.63216,0.02800,0.43941,0.00000,0.00000,0.00000,1.02000,-1.00000,0.00000,1.00000,0.00000,0.00000,17.00000,0.00000,1.06654,0.18000,1.00000,1.00000
32.56667,0.00000,-3.98552,12.62761,13.66981,0.00000,0.00000,0.00000,0.04886,57.58042,-0.00106,0.00143,1.00809,0.00171,1.00952,0.00177,0.07617,1.25713,0.27142,1.00000,1.00000,0.14000,0.62885,0.02800,0.44229,0.00000,0.00000,0.00000,1.02000,-1.00000,0.00000,1.00000,0.00000,0.00000,17.00000,0.00000,1.06476,0.18000,1.00000,1.00000
32.60000,0.00000,-4.05736,12.59214,13.66443,0.00000,0.00000,0.00000,0.05072,57.61687,-0.00052,0.00027,1.00589,0.00125,1.00693,0.00162,0.05545,1.24159,0.26560,1.00000,1.00000,0.14000,0.62645,0.02800,0.44439,0.00000,0.00000,0.00000,1.02000,-1.00000,0.00000,1.00000,0.00000,0.00000,17.00000,0.00000,1.06347,0.18000,1.00000,1.00000
32.63333,0.00000,-4.12761,12.55179,13.65329,0.00000,0.00000,0.00000,0.05210,57.67548,0.00083,-0.00155,1.00429,0.00091,1.00505,0.00150,0.04037,1.23028,0.26135,1.00000,1.00000,0.14000,0.62469,0.02800,0.44591,0.00000,0.00000,0.00000,1.02000,-1.00000,0.00000,1.00000,0.00000,0.00000,17.00000,0.00000,1.06252,0.18000,1.00000,1.00000
32.66667,0.00000,-4.19664,12.50789,13.63783,0.00000,0.00000,0.00000,0.05205,57.75039,0.00014,0.00180,1.00312,0.00066,1.00367,0.00144,0.02939,1.22204,0.25827,1.00000,1.00000,0.14148,0.62342,0.02800,0.44702,0.00000,0.00000,0.00000,1.02000,-1.00000,0.00000,1.00000,0.00000,0.00000,17.00000,0.00000,1.06184,0.18000,1.00000,1.00000
32.70000,0.00000,-4.26469,12.46144,13.61908,0.00000,0.00000,0.00000,0.05161,57.83731,-0.00119,-0.00104,1.00227,0.00048,1.00267,0.00138,0.02139,1.21605,0.25602,1.00000,1.00000,0.14164,0.62249,0.02800,0.44783,0.00000,0.00000,0.00000,1.02000,-1.00000,0.00000,1.00000,0.00000,0.00000,17.00000,0.00000,1.06134,0.18000,1.00000,1.00000
32.73333,0.00000,-4.33197,12.41316,13.59782,0.00000,0.00000,0.00000,0.05177,57.93314,0.00129,-0.00009,1.00165,0.00035,1.00195,0.00132,0.01557,1.21168,0.25438,1.00000,1.00000,0.14000,0.62181,0.02800,0.44842,0.00000,0.00000,0.00000,1.02000,-1.00000,0.00000,1.00000,0.00000,0.00000,17.00000,0.00000,1.06097,0.18000,1.00000,1.00000
32.76667,0.00000,-4.39862,12.36356,13.57461,0.00000,0.00000,0.00000,0.05244,58.03559,-0.00048,0.00107,1.00120,0.00026,1.00142,0.00134,0.01134,1.20850,0.25319,1.00000,1.00000,0.14429,0.62132,0.02800,0.44885,0.00000,0.00000,0.00000,1.02000,-1.00000,0.00000,1.00000,0.00000,0.00000,17.00000,0.00000,1.06071,0.18000,1.00000,1.00000
32.80000,0.00000,-4.46474,12.31302,13.54985,0.00000,0.00000,0.00000,0.05307,58.14301,-0.00059,-0.00139,1.00088,0.00019,1.00103,0.00132,0.00825,1.20619,0.25232,1.00000,1.00000,0.14398,0.62096,0.02800,0.44916,0.00000,0.00000,0.00000,1.02000,-1.00000,0.00000,1.00000,0.00000,0.00000,17.00000,0.00000,1.06052,0.18000,1.00000,1.00000
32.83333,0.00000,-4.53229,12.26689,13.52944,0.00000,0.00000,0.00000,0.05332,58.23043,0.00084,0.00085,1.00000,0.00000,1.00000,0.00120,0.00000,1.20000,0.25000,1.00000,1.00000,0.14000,0.62000,0.02800,0.45000,0.00000,0.00000,0.00000,1.02000,-1.00000,0.00000,1.00000,0.00000,0.00000,17.00000,0.00000,1.06000,0.18000,1.00000,1.00000
32.86667,0.00000,-4.59708,12.21385,13.50088,0.00000,0.00000,0.00000,0.05375,58.35090,-0.00031,0.00000,1.00000,0.00000,1.00000,0.00127,0.00000,1.20000,0.25000,1.00000,1.00000,0.14543,0.62000,0.02800,0.45000,0.00000,0.00000,0.00000,1.02000,-1.00000,0.00000,1.00000,0.00000,0.00000,17.00000,0.00000,1.06000,0.18000,1.00000,1.00000
32.90000,0.00000,-7.82939,11.93387,9.30195,0.00000,0.00000,0.00000,0.03991,64.22649,-0.00301,-0.00547,1.06085,0.01289,1.07159,0.00557,0.57272,1.62954,0.41108,1.00000,1.00000,0.14590,0.68658,0.02800,0.39201,0.00000,0.00000,0.00000,1.02000,-1.00000,0.00000,1.00000,0.00000,0.00000,17.00000,0.00000,1.09579,0.18000,1.00000,1.00000
32.93333,0.00000,-7.95554,12.00920,9.35753,0.00000,0.00000,0.00000,0.05057,63.70636,0.00330,0.00611,1.04430,0.00938,1.05212,0.00433,0.41694,1.51270,0.36726,1.00000,1.00000,0.14044,0.66847,0.02800,0.40779,0.00000,0.00000,0.00000,1.02000,-1.00000,0.00000,1.00000,0.00000,0.00000,17.00000,0.00000,1.08606,0.18000,1.00000,1.00000
32.96667,0.00000,-8.06097,12.05170,9.38709,0.00000,0.00000,0.00000,0.06075,63.36198,-0.00004,-0.00345,1.03225,0.00683,1.03794,0.00351,0.30353,1.42765,0.33537,1.00000,1.00000,0.14268,0.65529,0.02800,0.41927,0.00000,0.00000,0.00000,1.02000,-1.00000,0.00000,1.00000,0.00000,0.00000,17.00000,0.00000,1.07897,0.18000,1.00000,1.00000
33.00000,0.00000,-8.15064,12.06963,9.39711,0.00000,0.00000,0.00000,0.06053,63.14605,-0.00275,0.00021,1.02348,0.00497,1.02762,0.00286,0.22097,1.36573,0.31215,1.00000,1.00000,0.14005,0.64569,0.02800,0.42763,0.00000,0.00000,0.00000,1.02000,-1.00000,0.00000,1.00000,0.00000,0.00000,17.00000,0.00000,1.07381,0.18000,1.00000,1.00000
33.03333,0.00000,-8.22842,12.06936,9.39256,0.00000,0.00000,0.00000,0.05556,63.02401,0.00300,0.00201,1.01709,0.00362,1.02011,0.00241,0.16086,1.32065,0.29524,1.00000,1.00000,0.14000,0.63870,0.02800,0.43371,0.00000,0.00000,0.00000,1.02000,-1.00000,0.00000,1.00000,0.00000,0.00000,17.00000,0.00000,1.07005,0.18000,1.00000,1.00000
33.06667,0.00000,-8.29725,12.05570,9.37719,0.00000,0.00000,0.00000,0.05383,62.97062,-0.00132,-0.00259,1.01244,0.00263,1.01464,0.00208,0.11711,1.28783,0.28294,1.00000,1.00000,0.14000,0.63361,0.02800,0.43814,0.00000,0.00000,0.00000,1.02000,-1.00000,0.00000,1.00000,0.00000,0.00000,17.00000,0.00000,1.06732,0.18000,1.00000,1.00000
33.10000,0.00000,-8.35936,12.03221,9.35379,0.00000,0.00000,0.00000,0.05619,62.96748,-0.00045,0.00175,1.00906,0.00192,1.01066,0.00184,0.08525,1.26394,0.27398,1.00000,1.00000,0.14000,0.62991,0.02800,0.44137,0.00000,0.00000,0.00000,1.02000,-1.00000,0.00000,1.00000,0.00000,0.00000,17.00000,0.00000,1.06533,0.18000,1.00000,1.00000
33.13333,0.00000,-8.41642,12.00156,9.32444,0.00000,0.00000,0.00000,0.05881,63.00115,0.00093,-0.00024,1.00659,0.00140,1.00776,0.00170,0.06206,1.24655,0.26746,1.00000,1.00000,0.14252,0.62721,0.02800,0.44372,0.00000,0.00000,0.00000,1.02000,-1.00000,0.00000,1.00000,0.00000,0.00000,17.00000,0.00000,1.06388,0.18000,1.00000,1.00000
33.16667,0.00000,-8.46967,11.96569,9.29067,0.00000,0.00000,0.00000,0.05941,63.06182,-0.00003,-0.00115,1.00480,0.00102,1.00565,0.00155,0.04518,1.23389,0.26271,1.00000,1.00000,0.14052,0.62525,0.02800,0.44543,0.00000,0.00000,0.00000,1.02000,-1.00000,0.00000,1.00000,0.00000,0.00000,17.00000,0.00000,1.06282,0.18000,1.00000,1.00000
33.20000,0.00000,-8.52003,11.92604,9.25360,0.00000,0.00000,0.00000,0.05888,63.14235,-0.00110,0.00168,1.00349,0.00074,1.00411,0.00145,0.03289,1.22467,0.25925,1.00000,1.00000,0.14000,0.62382,0.02800,0.44667,0.00000,0.00000,0.00000,1.02000,-1.00000,0.00000,1.00000,0.00000,0.00000,17.00000,0.00000,1.06206,0.18000,1.00000,1.00000
33.23333,0.00000,-8.56817,11.88365,9.21405,0.00000,0.00000,0.00000,0.05891,63.23752,0.00132,-0.00127,1.00254,0.00054,1.00299,0.00145,0.02395,1.21796,0.25673,1.00000,1.00000,0.14520,0.62278,0.02800,0.44758,0.00000,0.00000,0.00000,1.02000,-1.00000,0.00000,1.00000,0.00000,0.00000,17.00000,0.00000,1.06150,0.18000,1.00000,1.00000
33.26667,0.00000,-8.61458,11.83930,9.17260,0.00000,0.00000,0.00000,0.05979,63.34351,-0.00053,0.00029,1.00185,0.00039,1.00218,0.00133,0.01743,1.21307,0.25490,1.00000,1.00000,0.14000,0.62203,0.02800,0.44823,0.00000,0.00000,0.00000,1.02000,-1.00000,0.00000,1.00000,0.00000,0.00000,17.00000,0.00000,1.06109,0.18000,1.00000,1.00000
33.30000,0.00000,-8.65965,11.79353,9.12971,0.00000,0.00000,0.00000,0.06079,63.45756,-0.00072,0.00091,1.00135,0.00029,1.00159,0.00130,0.01269,1.20952,0.25357,1.00000,1.00000,0.14000,0.62148,0.02800,0.44872,0.00000,0.00000,0.00000,1.02000,-1.00000,0.00000,1.00000,0.00000,0.00000,17.00000,0.00000,1.06079,0.18000,1.00000,1.00000
33.33333,0.00000,-8.70363,11.74675,9.08569,0.00000,0.00000,0.00000,0.06140,63.57765,0.00120,-0.00154,1.00098,0.00021,1.00115,0.00133,0.00924,1.20693,0.25260,1.00000,1.00000,0.14452,0.62107,0.02800,0.44906,0.00000,0.00000,0.00000,1.02000,-1.00000,0.00000,1.00000,0.00000,0.00000,17.00000,0.00000,1.06058,0.18000,1.00000,1.00000
33.36667,0.00000,-8.75077,11.70466,9.04495,0.00000,0.00000,0.00000,0.06174,63.67329,-0.00053,0.00119,1.00000,0.00000,1.00000,0.00120,0.00000,1.20000,0.25000,1.00000,1.00000,0.14000,0.62000,0.02800,0.45000,0.00000,0.00000,0.00000,1.02000,-1.00000,0.00000,1.00000,0.00000,0.00000,17.00000,0.00000,1.06000,0.18000,1.00000,1.00000
33.40000,0.00000,-8.79203,11.65517,8.99815,0.00000,0.00000,0.00000,0.06229,63.80926,-0.00039,-0.00033,1.00000,0.00000,1.00000,0.00123,0.00000,1.20000,0.25000,1.00000,1.00000,0.14226,0.62000,0.02800,0.45000,0.00000,0.00000,0.00000,1.02000,-1.00000,0.00000,1.00000,0.00000,0.00000,17.00000,0.00000,1.06000,0.18000,1.00000,1.00000
33.43333,0.00000,-8.45329,11.10692,8.56633,0.00000,0.00000,0.00000,0.05166,66.77156,0.00445,-0.00449,1.06941,0.01470,1.08166,0.00610,0.65326,1.67097,0.43373,1.00000,1.00000,0.14000,0.69594,0.02800,0.38386,0.00000,0.00000,0.00000,1.02000,-1.00000,0.00000,1.00000,0.00000,0.00000,17.00000,0.00000,1.10083,0.18000,1.00000,1.00000
33.46667,0.00000,-8.59257,11.19050,8.62179,0.00000,0.00000,0.00000,0.06886,66.14492,-0.00013,0.00444,1.05053,0.01070,1.05945,0.00477,0.47557,1.54734,0.38375,1.00000,1.00000,0.14000,0.67529,0.02800,0.40185,0.00000,0.00000,0.00000,1.02000,-1.00000,0.00000,1.00000,0.00000,0.00000,17.00000,0.00000,1.08972,0.18000,1.00000,1.00000
33.50000,0.00000,-8.70648,11.23956,8.65013,0.00000,0.00000,0.00000,0.07248,65.72520,-0.00194,-0.00240,1.03679,0.00779,1.04328,0.00380,0.34621,1.45607,0.34737,1.00000,1.00000,0.14000,0.66025,0.02800,0.41495,0.00000,0.00000,0.00000,1.02000,-1.00000,0.00000,1.00000,0.00000,0.00000,17.00000,0.00000,1.08164,0.18000,1.00000,1.00000
33.53333,0.00000,-8.80106,11.26269,8.65805,0.00000,0.00000,0.00000,0.06565,65.45671,0.00197,0.00058,1.02678,0.00567,1.03151,0.00309,0.25204,1.38879,0.32089,1.00000,1.00000,0.14000,0.64930,0.02800,0.42448,0.00000,0.00000,0.00000,1.02000,-1.00000,0.00000,1.00000,0.00000,0.00000,17.00000,0.00000,1.07575,0.18000,1.00000,1.00000
33.56667,0.00000,-8.88102,11.26655,8.65074,0.00000,0.00000,0.00000,0.06097,65.29877,-0.00087,0.00070,1.01950,0.00413,1.02294,0.00258,0.18349,1.33761,0.30161,1.00000,1.00000,0.14000,0.64133,0.02800,0.43142,0.00000,0.00000,0.00000,1.02000,-1.00000,0.00000,1.00000,0.00000,0.00000,17.00000,0.00000,1.07147,0.18000,1.00000,1.00000
33.60000,0.00000,-8.94999,11.25619,8.63210,0.00000,0.00000,0.00000,0.06285,65.22168,-0.00036,-0.00201,1.01419,0.00301,1.01670,0.00318,0.13358,1.30018,0.28757,1.00000,1.00000,0.21298,0.63553,0.02800,0.43648,0.00000,0.00000,0.00000,1.02000,-1.00000,0.00000,1.00000,0.00000,0.00000,17.00000,0.00000,1.06835,0.18000,1.00000,1.00000
33.63333,0.00000,-9.01071,11.23540,8.60508,0.00000,0.00000,0.00000,0.06674,65.20375,0.00107,0.00196,1.01033,0.00219,1.01216,0.00201,0.09724,1.27293,0.27735,1.00000,1.00000,0.14606,0.63130,0.02800,0.44015,0.00000,0.00000,0.00000,1.02000,-1.00000,0.00000,1.00000,0.00000,0.00000,17.00000,0.00000,1.06608,0.18000,1.00000,1.00000
33.66667,0.00000,-9.06524,11.20699,8.57186,0.00000,0.00000,0.00000,0.06809,65.22916,-0.00021,-0.00065,1.00752,0.00159,1.00885,0.00173,0.07079,1.25309,0.26991,1.00000,1.00000,0.14000,0.62823,0.02800,0.44283,0.00000,0.00000,0.00000,1.02000,-1.00000,0.00000,1.00000,0.00000,0.00000,17.00000,0.00000,1.06442,0.18000,1.00000,1.00000
33.70000,0.00000,-9.11510,11.17303,8.53404,0.00000,0.00000,0.00000,0.06715,65.28635,-0.00095,-0.00069,1.00548,0.00116,1.00644,0.00160,0.05154,1.23865,0.26449,1.00000,1.00000,0.14096,0.62599,0.02800,0.44478,0.00000,0.00000,0.00000,1.02000,-1.00000,0.00000,1.00000,0.00000,0.00000,17.00000,0.00000,1.06322,0.18000,1.00000,1.00000
33.73333,0.00000,-9.16144,11.13504,8.49282,0.00000,0.00000,0.00000,0.06641,65.36690,0.00126,0.00146,1.00399,0.00084,1.00469,0.00148,0.03752,1.22814,0.26055,1.00000,1.00000,0.14000,0.62436,0.02800,0.44620,0.00000,0.00000,0.00000,1.02000,-1.00000,0.00000,1.00000,0.00000,0.00000,17.00000,0.00000,1.06234,0.18000,1.00000,1.00000
33.76667,0.00000,-9.20508,11.09414,8.44904,0.00000,0.00000,0.00000,0.06697,65.46466,-0.00047,-0.00136,1.00290,0.00061,1.00341,0.00140,0.02731,1.22019,0.25768,1.00000,1.00000,0.14000,0.62318,0.02800,0.44723,0.00000,0.00000,0.00000,1.02000,-1.00000,0.00000,1.00000,0.00000,0.00000,17.00000,0.00000,1.06171,0.18000,1.00000,1.00000
33.80000,0.00000,-9.24665,11.05115,8.40335,0.00000,0.00000,0.00000,0.06802,65.57515,-0.00065,0.00057,1.00211,0.00045,1.00249,0.00135,0.01988,1.21348,0.25559,1.00000,1.00000,0.14000,0.62231,0.02800,0.44799,0.00000,0.00000,0.00000,1.02000,-1.00000,0.00000,1.00000,0.00000,0.00000,17.00000,0.00000,1.06124,0.18000,1.00000,1.00000
33.83333,0.00000,-9.28660,11.00665,8.35619,0.00000,0.00000,0.00000,0.06860,65.69510,0.00115,0.00047,1.00154,0.00033,1.00181,0.00131,0.01448,1.20819,0.25407,1.00000,1.00000,0.14000,0.62168,0.02800,0.44853,0.00000,0.00000,0.00000,1.02000,-1.00000,0.00000,1.00000,0.00000,0.00000,17.00000,0.00000,1.06090,0.18000,1.00000,1.00000
33.86667,0.00000,-9.32526,10.96107,8.30792,0.00000,0.00000,0.00000,0.06865,65.82212,-0.00066,-0.00120,1.00112,0.00024,1.00132,0.00128,0.01054,1.20394,0.25296,1.00000,1.00000,0.14000,0.62123,0.02800,0.44893,0.00000,0.00000,0.00000,1.02000,-1.00000,0.00000,1.00000,0.00000,0.00000,17.00000,0.00000,1.06066,0.18000,1.00000,1.00000
33.90000,0.00000,-9.36782,10.92049,8.26312,0.00000,0.00000,0.00000,0.06883,65.92026,-0.00023,0.00115,1.00000,0.00000,1.00000,0.00120,0.00000,1.19507,0.25000,1.00000,1.00000,0.14000,0.62000,0.02800,0.45000,0.00000,0.00000,0.00000,1.02000,-1.00000,0.00000,1.00000,0.00000,0.00000,17.00000,0.00000,1.06000,0.18000,1.00000,1.00000
33.93333,0.00000,-9.40323,10.87204,8.21205,0.00000,0.00000,0.00000,0.06908,66.06593,0.00058,-0.00056,1.00000,0.00000,1.00000,0.00130,0.00000,1.19360,0.25000,1.00000,1.00000,0.14759,0.62000,0.02800,0.45000,0.00000,0.00000,0.00000,1.02000,-1.00000,0.00000,1.00000,0.00000,0.00000,17.00000,0.00000,1.06000,0.18000,1.00000,1.00000
33.96667,0.00000,-9.79804,-1.41499,2.05451,0.00000,-0.18000,0.00000,-0.02895,52.40293,-0.00047,-0.00228,1.05763,0.01220,1.06780,0.00539,0.54237,1.21857,0.40254,1.00000,1.00000,0.14939,0.68305,0.02800,0.39509,0.00000,0.00000,0.00000,1.02000,-1.00000,0.00000,1.00000,0.00000,0.00000,17.00000,0.00000,1.09390,0.18000,1.00000,1.00000
34.00000,0.00000,-9.88144,-1.44059,2.01917,0.00000,-0.18000,0.00000,-0.02085,52.02138,-0.00454,0.00584,1.04195,0.00888,1.04936,0.00416,0.39484,1.13943,0.36105,1.00000,1.00000,0.14000,0.66590,0.02800,0.41002,0.00000,0.00000,0.00000,1.02000,-1.00000,0.00000,1.00000,0.00000,0.00000,17.00000,0.00000,1.08468,0.18000,1.00000,1.00000
34.03333,0.00000,-9.93922,-1.46267,1.97794,0.00000,-0.18000,0.00000,-0.02662,51.77218,0.00533,-0.00507,1.03054,0.00647,1.03593,0.00336,0.28744,1.08106,0.33084,1.00000,1.00000,0.14000,0.65342,0.02800,0.42090,0.00000,0.00000,0.00000,1.02000,-1.00000,0.00000,1.00000,0.00000,0.00000,17.00000,0.00000,1.07797,0.18000,1.00000,1.00000
34.06667,0.00000,-9.97772,-1.48206,1.93247,0.00000,-0.18000,0.00000,-0.03353,51.61980,-0.00253,0.00213,1.02223,0.00471,1.02616,0.00281,0.20926,1.03803,0.30885,1.00000,1.00000,0.14299,0.64433,0.02800,0.42881,0.00000,0.00000,0.00000,1.02000,-1.00000,0.00000,1.00000,0.00000,0.00000,17.00000,0.00000,1.07308,0.18000,1.00000,1.00000
34.10000,0.00000,-10.00181,-1.49941,1.88399,0.00000,-0.18000,0.00000,-0.03369,51.53827,-0.00051,0.00076,1.01619,0.00343,1.01904,0.00241,0.15234,1.00628,0.29285,1.00000,1.00000,0.14478,0.63771,0.02800,0.43458,0.00000,0.00000,0.00000,1.02000,-1.00000,0.00000,1.00000,0.00000,0.00000,17.00000,0.00000,1.06952,0.18000,1.00000,1.00000
34.13333,0.00000,-10.01518,-1.51523,1.83339,0.00000,-0.18000,0.00000,-0.03001,51.50858,0.00138,-0.00211,1.01178,0.00250,1.01386,0.00203,0.11090,0.98281,0.28119,1.00000,1.00000,0.14000,0.63289,0.02800,0.43877,0.00000,0.00000,0.00000,1.02000,-1.00000,0.00000,1.00000,0.00000,0.00000,17.00000,0.00000,1.06693,0.18000,1.00000,1.00000
34.16667,0.00000,-10.02058,-1.52988,1.78133,0.00000,-0.18000,0.00000,-0.02809,51.51685,-0.00047,0.00201,1.00858,0.00182,1.01009,0.00183,0.08074,0.96540,0.27271,1.00000,1.00000,0.14177,0.62939,0.02800,0.44183,0.00000,0.00000,0.00000,1.02000,-1.00000,0.00000,1.00000,0.00000,0.00000,17.00000,0.00000,1.06505,0.18000,1.00000,1.00000
34.20000,0.00000,-10.02004,-1.54366,1.72829,0.00000,-0.18000,0.00000,-0.02910,51.55297,-0.00081,-0.00101,1.00624,0.00132,1.00735,0.00170,0.05878,0.95240,0.26653,1.00000,1.00000,0.14434,0.62683,0.02800,0.44405,0.00000,0.00000,0.00000,1.02000,-1.00000,0.00000,1.00000,0.00000,0.00000,17.00000,0.00000,1.06367,0.18000,1.00000,1.00000
34.23333,0.00000,-10.01508,-1.55678,1.67460,0.00000,-0.18000,0.00000,-0.03061,51.60951,0.00121,-0.00028,1.00455,0.00096,1.00535,0.00152,0.04279,0.94263,0.26203,1.00000,1.00000,0.14000,0.62497,0.02800,0.44567,0.00000,0.00000,0.00000,1.02000,-1.00000,0.00000,1.00000,0.00000,0.00000,17.00000,0.00000,1.06267,0.18000,1.00000,1.00000
34.26667,0.00000,-10.00680,-1.56938,1.62052,0.00000,-0.18000,0.00000,-0.03085,51.68110,-0.00049,0.00126,1.00331,0.00070,1.00389,0.00143,0.03115,0.93521,0.25876,1.00000,1.00000,0.14000,0.62362,0.02800,0.44685,0.00000,0.00000,0.00000,1.02000,-1.00000,0.00000,1.00000,0.00000,0.00000,17.00000,0.00000,1.06195,0.18000,1.00000,1.00000
34.30000,0.00000,-9.99603,-1.58159,1.56623,0.00000,-0.18000,0.00000,-0.03024,51.76379,-0.00070,-0.00142,1.00241,0.00051,1.00283,0.00138,0.02268,0.92950,0.25638,1.00000,1.00000,0.14099,0.62264,0.02800,0.44770,0.00000,0.00000,0.00000,1.02000,-1.00000,0.00000,1.00000,0.00000,0.00000,17.00000,0.00000,1.06142,0.18000,1.00000,1.00000
34.33333,0.00000,-9.98335,-1.59349,1.51184,0.00000,-0.18000,0.00000,-0.02993,51.85471,0.00126,0.00084,1.00175,0.00037,1.00206,0.00134,0.01651,0.92503,0.25464,1.00000,1.00000,0.14109,0.62192,0.02800,0.44833,0.00000,0.00000,0.00000,1.02000,-1.00000,0.00000,1.00000,0.00000,0.00000,17.00000,0.00000,1.06103,0.18000,1.00000,1.00000
34.36667,0.00000,-9.96919,-1.60515,1.45745,0.00000,-0.18000,0.00000,-0.03025,51.95176,-0.00081,0.00015,1.00128,0.00027,1.00150,0.00129,0.01202,0.92147,0.25338,1.00000,1.00000,0.14000,0.62140,0.02800,0.44878,0.00000,0.00000,0.00000,1.02000,-1.00000,0.00000,1.00000,0.00000,0.00000,17.00000,0.00000,1.06075,0.18000,1.00000,1.00000
34.40000,0.00000,-9.95987,-1.61758,1.40397,0.00000,-0.18000,0.00000,-0.03064,52.02341,-0.00012,-0.00092,1.00000,0.00000,1.00000,0.00128,0.00000,0.91388,0.25000,1.00000,1.00000,0.14559,0.62000,0.02800,0.45000,0.00000,0.00000,0.00000,1.02000,-1.00000,0.00000,1.00000,0.00000,0.00000,17.00000,0.00000,1.06000,0.18000,1.00000,1.00000
34.43333,0.00000,-9.94200,-1.62862,1.34951,0.00000,-0.18000,0.00000,-0.03086,52.13667,0.00053,0.00114,1.00000,0.00000,1.00000,0.00120,0.00000,0.91274,0.25000,1.00000,1.00000,0.14000,0.62000,0.02800,0.45000,0.00000,0.00000,0.00000,1.02000,-1.00000,0.00000,1.00000,0.00000,0.00000,17.00000,0.00000,1.06000,0.18000,1.00000,1.00000
34.46667,0.00000,-9.92383,-1.63958,1.29526,0.00000,-0.18000,0.00000,-0.03110,52.25042,-0.00013,-0.00078,1.00000,0.00000,1.00000,0.00120,0.00000,0.91160,0.25000,1.00000,1.00000,0.14000,0.62000,0.02800,0.45000,0.00000,0.00000,0.00000,1.02000,-1.00000,0.00000,1.00000,0.00000,0.00000,17.00000,0.00000,1.06000,0.18000,1.00000,1.00000
34.50000,0.00000,-9.53811,-1.58928,1.19521,0.00000,-0.18000,0.00000,-0.01949,54.29237,-0.00476,-0.00041,1.05950,0.01260,1.07001,0.00543,0.56004,1.20387,0.40751,1.00000,1.00000,0.14205,0.68511,0.02800,0.39330,0.00000,0.00000,0.00000,1.02000,-1.00000,0.00000,1.00000,0.00000,0.00000,17.00000,0.00000,1.09500,0.18000,1.00000,1.00000
34.53333,0.00000,-9.61701,-1.61600,1.15505,0.00000,-0.18000,0.00000,-0.02372,53.88648,0.00574,0.00412,1.04332,0.00917,1.05096,0.00426,0.40771,1.12381,0.36467,1.00000,1.00000,0.14000,0.66740,0.02800,0.40872,0.00000,0.00000,0.00000,1.02000,-1.00000,0.00000,1.00000,0.00000,0.00000,17.00000,0.00000,1.08548,0.18000,1.00000,1.00000
34.56667,0.00000,-9.67016,-1.63861,1.11117,0.00000,-0.18000,0.00000,-0.03447,53.62151,-0.00286,-0.00441,1.03154,0.00668,1.03710,0.00343,0.29681,1.06475,0.33348,1.00000,1.00000,0.14042,0.65450,0.02800,0.41995,0.00000,0.00000,0.00000,1.02000,-1.00000,0.00000,1.00000,0.00000,0.00000,17.00000,0.00000,1.07855,0.18000,1.00000,1.00000
34.60000,0.00000,-9.70395,-1.65810,1.06467,0.00000,-0.18000,0.00000,-0.03776,53.45966,-0.00054,0.00247,1.02296,0.00486,1.02701,0.00282,0.21608,1.02120,0.31077,1.00000,1.00000,0.14003,0.64512,0.02800,0.42812,0.00000,0.00000,0.00000,1.02000,-1.00000,0.00000,1.00000,0.00000,0.00000,17.00000,0.00000,1.07350,0.18000,1.00000,1.00000
34.63333,0.00000,-9.72328,-1.67523,1.01637,0.00000,-0.18000,0.00000,-0.03403,53.37329,0.00189,-0.00001,1.01671,0.00354,1.01966,0.00238,0.15730,0.98907,0.29424,1.00000,1.00000,0.14000,0.63829,0.02800,0.43407,0.00000,0.00000,0.00000,1.02000,-1.00000,0.00000,1.00000,0.00000,0.00000,17.00000,0.00000,1.06983,0.18000,1.00000,1.00000
34.66667,0.00000,-9.73184,-1.69058,0.96685,0.00000,-0.18000,0.00000,-0.03090,53.34217,-0.00088,-0.00171,1.01217,0.00258,1.01431,0.00206,0.11452,0.96531,0.28221,1.00000,1.00000,0.14000,0.63331,0.02800,0.43841,0.00000,0.00000,0.00000,1.02000,-1.00000,0.00000,1.00000,0.00000,0.00000,17.00000,0.00000,1.06716,0.18000,1.00000,1.00000
34.70000,0.00000,-9.73241,-1.70459,0.91654,0.00000,-0.18000,0.00000,-0.03179,53.35151,-0.00068,0.00202,1.00886,0.00188,1.01042,0.00185,0.08337,0.94768,0.27345,1.00000,1.00000,0.14177,0.62969,0.02800,0.44156,0.00000,0.00000,0.00000,1.02000,-1.00000,0.00000,1.00000,0.00000,0.00000,17.00000,0.00000,1.06521,0.18000,1.00000,1.00000
34.73333,0.00000,-9.72705,-1.71760,0.86575,0.00000,-0.18000,0.00000,-0.03433,53.39053,0.00122,-0.00128,1.00645,0.00137,1.00759,0.00166,0.06069,0.93452,0.26707,1.00000,1.00000,0.14000,0.62706,0.02800,0.44386,0.00000,0.00000,0.00000,1.02000,-1.00000,0.00000,1.00000,0.00000,0.00000,17.00000,0.00000,1.06379,0.18000,1.00000,1.00000
34.76667,0.00000,-9.71727,-1.72984,0.81468,0.00000,-0.18000,0.00000,-0.03556,53.45135,-0.00049,0.00010,1.00469,0.00099,1.00552,0.00157,0.04418,0.92463,0.26243,1.00000,1.00000,0.14286,0.62514,0.02800,0.44553,0.00000,0.00000,0.00000,1.02000,-1.00000,0.00000,1.00000,0.00000,0.00000,17.00000,0.00000,1.06276,0.18000,1.00000,1.00000
34.80000,0.00000,-9.70420,-1.74150,0.76351,0.00000,-0.18000,0.00000,-0.03529,53.52821,-0.00073,0.00094,1.00342,0.00072,1.00402,0.00144,0.03216,0.91711,0.25905,1.00000,1.00000,0.14000,0.62374,0.02800,0.44674,0.00000,0.00000,0.00000,1.02000,-1.00000,0.00000,1.00000,0.00000,0.00000,17.00000,0.00000,1.06201,0.18000,1.00000,1.00000
34.83333,0.00000,-9.68864,-1.75272,0.71232,0.00000,-0.18000,0.00000,-0.03503,53.61693,0.00140,-0.00139,1.00249,0.00053,1.00293,0.00138,0.02342,0.91133,0.25659,1.00000,1.00000,0.14000,0.62272,0.02800,0.44763,0.00000,0.00000,0.00000,1.02000,-1.00000,0.00000,1.00000,0.00000,0.00000,17.00000,0.00000,1.06146,0.18000,1.00000,1.00000
34.86667,0.00000,-9.67120,-1.76360,0.66120,0.00000,-0.18000,0.00000,-0.03557,53.71443,-0.00097,0.00103,1.00181,0.00038,1.00213,0.00133,0.01705,0.90680,0.25479,1.00000,1.00000,0.14000,0.62198,0.02800,0.44827,0.00000,0.00000,0.00000,1.02000,-1.00000,0.00000,1.00000,0.00000,0.00000,17.00000,0.00000,1.06107,0.18000,1.00000,1.00000
34.90000,0.00000,-9.65232,-1.77420,0.61021,0.00000,-0.18000,0.00000,-0.03651,53.81849,-0.00002,-0.00015,1.00132,0.00028,1.00155,0.00129,0.01241,0.90320,0.25349,1.00000,1.00000,0.14000,0.62144,0.02800,0.44874,0.00000,0.00000,0.00000,1.02000,-1.00000,0.00000,1.00000,0.00000,0.00000,17.00000,0.00000,1.06078,0.18000,1.00000,1.00000
34.93333,0.00000,-9.63829,-1.78570,0.55973,0.00000,-0.18000,0.00000,-0.03701,53.89548,0.00055,-0.00070,1.00000,0.00000,1.00000,0.00120,0.00000,0.89551,0.25000,1.00000,1.00000,0.14000,0.62000,0.02800,0.45000,0.00000,0.00000,0.00000,1.02000,-1.00000,0.00000,1.00000,0.00000,0.00000,17.00000,0.00000,1.06000,0.18000,1.00000,1.00000
34.96667,0.00000,-9.61576,-1.79561,0.50897,0.00000,-0.18000,0.00000,-0.03756,54.01687,-0.00020,0.00114,1.00000,0.00000,1.00000,0.00122,0.00000,0.89435,0.25000,1.00000,1.00000,0.14133,0.62000,0.02800,0.45000,0.00000,0.00000,0.00000,1.02000,-1.00000,0.00000,1.00000,0.00000,0.00000,17.00000,0.00000,1.06000,0.18000,1.00000,1.00000
35.00000,0.00000,-9.59294,-1.80544,0.45845,0.00000,-0.18000,0.00000,-0.03811,54.13879,-0.00068,-0.00095,1.00000,0.00000,1.00000,0.00121,0.00000,0.89319,0.25000,1.00000,1.00000,0.14091,0.62000,0.02800,0.45000,0.00000,0.00000,0.00000,1.02000,-1.00000,0.00000,1.00000,0.00000,0.00000,17.00000,0.00000,1.06000,0.18000,1.00000,1.00000
35.03333,0.00000,-9.26241,-1.75690,0.39507,0.00000,-0.18000,0.00000,-0.02723,55.97822,0.00702,0.00122,1.05130,0.01086,1.06035,0.00482,0.48282,1.14054,0.38579,1.00000,1.00000,0.14000,0.67613,0.02800,0.40111,0.00000,0.00000,0.00000,1.02000,-1.00000,0.00000,1.00000,0.00000,0.00000,17.00000,0.00000,1.09018,0.18000,1.00000,1.00000
35.06667,0.00000,-9.32126,-1.78185,0.34971,0.00000,-0.18000,0.00000,-0.03913,55.63753,-0.00383,0.00314,1.03735,0.00791,1.04394,0.00384,0.35149,1.07240,0.34886,1.00000,1.00000,0.14000,0.66086,0.02800,0.41441,0.00000,0.00000,0.00000,1.02000,-1.00000,0.00000,1.00000,0.00000,0.00000,17.00000,0.00000,1.08197,0.18000,1.00000,1.00000
35.10000,0.00000,-9.35825,-1.80283,0.30306,0.00000,-0.18000,0.00000,-0.04581,55.42247,-0.00071,-0.00435,1.02719,0.00576,1.03199,0.00312,0.25588,1.02214,0.32197,1.00000,1.00000,0.14000,0.64975,0.02800,0.42409,0.00000,0.00000,0.00000,1.02000,-1.00000,0.00000,1.00000,0.00000,0.00000,17.00000,0.00000,1.07599,0.18000,1.00000,1.00000
35.13333,0.00000,-9.37888,-1.82078,0.25560,0.00000,-0.18000,0.00000,-0.04331,55.29936,0.00249,0.00293,1.01979,0.00419,1.02329,0.00260,0.18628,0.98507,0.30239,1.00000,1.00000,0.14000,0.64166,0.02800,0.43114,0.00000,0.00000,0.00000,1.02000,-1.00000,0.00000,1.00000,0.00000,0.00000,17.00000,0.00000,1.07164,0.18000,1.00000,1.00000
35.16667,0.00000,-9.38731,-1.83646,0.20767,0.00000,-0.18000,0.00000,-0.03917,55.24359,-0.00134,-0.00063,1.01441,0.00305,1.01695,0.00222,0.13561,0.95768,0.28814,1.00000,1.00000,0.14000,0.63576,0.02800,0.43627,0.00000,0.00000,0.00000,1.02000,-1.00000,0.00000,1.00000,0.00000,0.00000,17.00000,0.00000,1.06848,0.18000,1.00000,1.00000
35.20000,0.00000,-9.38671,-1.85044,0.15951,0.00000,-0.18000,0.00000,-0.03908,55.23712,-0.00049,-0.00114,1.01049,0.00222,1.01234,0.00194,0.09872,0.93739,0.27777,1.00000,1.00000,0.14000,0.63148,0.02800,0.44000,0.00000,0.00000,0.00000,1.02000,-1.00000,0.00000,1.00000,0.00000,0.00000,17.00000,0.00000,1.06617,0.18000,1.00000,1.00000
35.23333,0.00000,-9.37940,-1.86314,0.11129,0.00000,-0.18000,0.00000,-0.04182,55.26681,0.00121,0.00177,1.00764,0.00162,1.00898,0.00178,0.07187,0.92229,0.27021,1.00000,1.00000,0.14304,0.62836,0.02800,0.44272,0.00000,0.00000,0.00000,1.02000,-1.00000,0.00000,1.00000,0.00000,0.00000,17.00000,0.00000,1.06449,0.18000,1.00000,1.00000
35.26667,0.00000,-9.36711,-1.87488,0.06312,0.00000,-0.18000,0.00000,-0.04377,55.32303,-0.00052,-0.00141,1.00556,0.00118,1.00654,0.00173,0.05232,0.91097,0.26472,1.00000,1.00000,0.15001,0.62608,0.02800,0.44470,0.00000,0.00000,0.00000,1.02000,-1.00000,0.00000,1.00000,0.00000,0.00000,17.00000,0.00000,1.06327,0.18000,1.00000,1.00000
35.30000,0.00000,-9.35113,-1.88589,0.01506,0.00000,-0.18000,0.00000,-0.04383,55.39878,-0.00077,0.00043,1.00405,0.00086,1.00476,0.00150,0.03809,0.90241,0.26071,1.00000,1.00000,0.14101,0.62443,0.02800,0.44614,0.00000,0.00000,0.00000,1.02000,-1.00000,0.00000,1.00000,0.00000,0.00000,17.00000,0.00000,1.06238,0.18000,1.00000,1.00000
35.33333,0.00000,-9.33238,-1.89635,-0.03281,0.00000,-0.18000,0.00000,-0.04339,55.48894,0.00145,0.00062,1.00295,0.00062,1.00347,0.00141,0.02773,0.89586,0.25780,1.00000,1.00000,0.14010,0.62322,0.02800,0.44719,0.00000,0.00000,0.00000,1.02000,-1.00000,0.00000,1.00000,0.00000,0.00000,17.00000,0.00000,1.06173,0.18000,1.00000,1.00000
35.36667,0.00000,-9.31155,-1.90639,-0.08048,0.00000,-0.18000,0.00000,-0.04369,55.58976,-0.00109,-0.00122,1.00214,0.00045,1.00252,0.00210,0.02019,0.89078,0.25568,1.00000,1.00000,0.19530,0.62235,0.02800,0.44796,0.00000,0.00000,0.00000,1.02000,-1.00000,0.00000,1.00000,0.00000,0.00000,17.00000,0.00000,1.06126,0.18000,1.00000,1.00000
35.40000,0.00000,-9.28915,-1.91609,-0.12792,0.00000,-0.18000,0.00000,-0.04462,55.69852,0.00007,0.00121,1.00156,0.00033,1.00184,0.00136,0.01470,0.88676,0.25413,1.00000,1.00000,0.14333,0.62171,0.02800,0.44851,0.00000,0.00000,0.00000,1.02000,-1.00000,0.00000,1.00000,0.00000,0.00000,17.00000,0.00000,1.06092,0.18000,1.00000,1.00000
35.43333,0.00000,-9.26552,-1.92554,-0.17511,0.00000,-0.18000,0.00000,-0.04542,55.81325,0.00065,-0.00044,1.00114,0.00024,1.00134,0.00130,0.01070,0.88351,0.25301,1.00000,1.00000,0.14164,0.62124,0.02800,0.44892,0.00000,0.00000,0.00000,1.02000,-1.00000,0.00000,1.00000,0.00000,0.00000,17.00000,0.00000,1.06067,0.18000,1.00000,1.00000
35.46667,0.00000,-9.24590,-1.93581,-0.22217,0.00000,-0.18000,0.00000,-0.04567,55.90396,-0.00031,-0.00048,1.00000,0.00000,1.00000,0.00120,0.00000,0.87682,0.25000,1.00000,1.00000,0.14000,0.62000,0.02800,0.45000,0.00000,0.00000,0.00000,1.02000,-1.00000,0.00000,1.00000,0.00000,0.00000,17.00000,0.00000,1.06000,0.18000,1.00000,1.00000
35.50000,0.00000,-9.21922,-1.94459,-0.26883,0.00000,-0.18000,0.00000,-0.04613,56.03435,-0.00061,0.00112,1.00000,0.00000,1.00000,0.00120,0.00000,0.87565,0.25000,1.00000,1.00000,0.14000,0.62000,0.02800,0.45000,0.00000,0.00000,0.00000,1.02000,-1.00000,0.00000,1.00000,0.00000,0.00000,17.00000,0.00000,1.06000,0.18000,1.00000,1.00000
35.53333,0.00000,-9.19230,-1.95331,-0.31522,0.00000,-0.18000,0.00000,-0.04657,56.16533,0.00113,-0.00103,1.00000,0.00000,1.00000,0.00120,0.00000,0.87447,0.25000,1.00000,1.00000,0.14000,0.62000,0.02800,0.45000,0.00000,0.00000,0.00000,1.02000,-1.00000,0.00000,1.00000,0.00000,0.00000,17.00000,0.00000,1.06000,0.18000,1.00000,1.00000
35.56667,0.00000,-9.18899,-1.95437,-0.32089,0.00000,-0.18000,0.00000,0.00000,56.18143,-0.00000,0.00000,1.00000,0.00000,0.10000,0.00120,0.00000,0.43716,0.00000,0.50000,0.60000,0.14000,0.30000,0.05000,0.75000,0.00000,0.00000,0.00000,1.02000,-1.00000,0.00000,1.00000,0.00000,0.00000,17.00000,0.00000,1.06000,0.18000,1.00000,1.00000
35.60000,0.00000,-9.18899,-1.95437,-0.32089,0.00000,-0.18000,0.00000,0.00000,56.18143,-0.00000,0.00000,1.00000,0.00000,0.10000,0.00120,0.00000,0.43716,0.00000,0.50000,0.60000,0.14000,0.30000,0.05000,0.75000,0.00000,0.00000,0.00000,1.02000,-1.00000,0.00000,1.00000,0.00000,0.00000,17.00000,0.00000,1.06000,0.18000,1.00000,1.00000
35.63333,0.00000,-9.18899,-1.95437,-0.32089,0.00000,-0.18000,0.00000,0.00000,56.18143,0.00000,-0.00000,1.00000,0.00000,0.10000,0.00120,0.00000,0.43716,0.00000,0.50000,0.60000,0.14000,0.30000,0.05000,0.75000,0.00000,0.00000,0.00000,1.02000,-1.00000,0.00000,1.00000,0.00000,0.00000,17.00000,0.00000,1.06000,0.18000,1.00000,1.00000
35.66667,0.00000,-9.18899,-1.95437,-0.32089,0.00000,-0.18000,0.00000,0.00000,56.18143,-0.00000,0.00000,1.00000,0.00000,0.10000,0.00120,0.00000,0.43716,0.00000,0.50000,0.60000,0.14000,0.30000,0.05000,0.75000,0.00000,0.00000,0.00000,1.02000,-1.00000,0.00000,1.00000,0.00000,0.00000,17.00000,0.00000,1.06000,0.18000,1.00000,1.00000
35.70000,0.00000,-9.18899,-1.95437,-0.32089,0.00000,-0.18000,0.00000,0.00000,56.18143,-0.00000,-0.00000,1.00000,0.00000,0.10000,0.00120,0.00000,0.43716,0.00000,0.50000,0.60000,0.14000,0.30000,0.05000,0.75000,0.00000,0.00000,0.00000,1.02000,-1.00000,0.00000,1.00000,0.00000,0.00000,17.00000,0.00000,1.06000,0.18000,1.00000,1.00000
35.73333,0.00000,-9.18899,-1.95437,-0.32089,0.00000,-0.18000,0.00000,0.00000,56.18143,0.00000,-0.00000,1.00000,0.00000,0.10000,0.00120,0.00000,0.43716,0.00000,0.50000,0.60000,0.14000,0.30000,0.05000,0.75000,0.00000,0.00000,0.00000,1.02000,-1.00000,0.00000,1.00000,0.00000,0.00000,17.00000,0.00000,1.06000,0.18000,1.00000,1.00000
35.76667,0.00000,-9.18899,-1.95437,-0.32089,0.00000,-0.18000,0.00000,0.00000,56.18143,-0.00000,0.00000,1.00000,0.00000,0.10000,0.00120,0.00000,0.43716,0.00000,0.50000,0.60000,0.14000,0.30000,0.05000,0.75000,0.00000,0.00000,0.00000,1.02000,-1.00000,0.00000,1.00000,0.00000,0.00000,17.00000,0.00000,1.06000,0.18000,1.00000,1.00000
35.80000,0.00000,-9.18899,-1.95437,-0.32089,0.00000,-0.18000,0.00000,0.00000,56.18143,-0.00000,-0.00000,1.00000,0.00000,0.10000,0.00120,0.00000,0.43716,0.00000,0.50000,0.60000,0.14000,0.30000,0.05000,0.75000,0.00000,0.00000,0.00000,1.02000,-1.00000,0.00000,1.00000,0.00000,0.00000,17.00000,0.00000,1.06000,0.18000,1.00000,1.00000
35.83333,0.00000,-9.18899,-1.95437,-0.32089,0.00000,-0.18000,0.00000,0.00000,56.18143,0.00000,0.00000,1.00000,0.00000,0.10000,0.00120,0.00000,0.43716,0.00000,0.50000,0.60000,0.14000,0.30000,0.05000,0.75000,0.00000,0.00000,0.00000,1.02000,-1.00000,0.00000,1.00000,0.00000,0.00000,17.00000,0.00000,1.06000,0.18000,1.00000,1.00000
35.86667,0.00000,-9.18899,-1.95437,-0.32089,0.00000,-0.18000,0.00000,0.00000,56.18143,-0.00000,0.00000,1.00000,0.00000,0.10000,0.00120,0.00000,0.43716,0.00000,0.50000,0.60000,0.14000,0.30000,0.05000,0.75000,0.00000,0.00000,0.00000,1.02000,-1.00000,0.00000,1.00000,0.00000,0.00000,17.00000,0.00000,1.06000,0.18000,1.00000,1.00000
35.90000,0.00000,-9.18899,-1.95437,-0.32089,0.00000,-0.18000,0.00000,0.00000,56.18143,0.00000,-0.00000,1.00000,0.00000,0.10000,0.00120,0.00000,0.43716,0.00000,0.50000,0.60000,0.14000,0.30000,0.05000,0.75000,0.00000,0.00000,0.00000,1.02000,-1.00000,0.00000,1.00000,0.00000,0.00000,17.00000,0.00000,1.06000,0.18000,1.00000,1.00000
35.93333,0.00000,-9.18899,-1.95437,-0.32089,0.00000,-0.18000,0.00000,0.00000,56.18143,0.00000,0.00000,1.00000,0.00000,0.10000,0.00120,0.00000,0.43716,0.00000,0.50000,0.60000,0.14000,0.30000,0.05000,0.75000,0.00000,0.00000,0.00000,1.02000,-1.00000,0.00000,1.00000,0.00000,0.00000,17.00000,0.00000,1.06000,0.18000,1.00000,1.00000
35.96667,0.00000,-9.18899,-1.95437,-0.32089,0.00000,-0.18000,0.00000,0.00000,56.18143,-0.00000,-0.00000,1.00000,0.00000,0.10000,0.00120,0.00000,0.43716,0.00000,0.50000,0.60000,0.14000,0.30000,0.05000,0.75000,0.00000,0.00000,0.00000,1.02000,-1.00000,0.00000,1.00000,0.00000,0.00000,17.00000,0.00000,1.06000,0.18000,1.00000,1.00000
36.00000,0.00000,-9.18899,-1.95437,-0.32089,0.00000,-0.18000,0.00000,0.00000,56.18143,-0.00000,-0.00000,1.00000,0.00000,0.10000,0.00120,0.00000,0.43716,0.00000,0.50000,0.60000,0.14000,0.30000,0.05000,0.75000,0.00000,0.00000,0.00000,1.02000,-1.00000,0.00000,1.00000,0.00000,0.00000,17.00000,0.00000,1.06000,0.18000,1.00000,1.00000
36.03333,0.00000,-9.18899,-1.95437,-0.32089,0.00000,-0.18000,0.00000,0.00000,56.18143,0.00000,0.00000,1.00000,0.00000,0.10000,0.00120,0.00000,0.43716,0.00000,0.50000,0.60000,0.14000,0.30000,0.05000,0.75000,0.00000,0.00000,0.00000,1.02000,-1.00000,0.00000,1.00000,0.00000,0.00000,17.00000,0.00000,1.06000,0.18000,1.00000,1.00000
36.06667,0.00000,-9.18899,-1.95437,-0.32089,0.00000,-0.18000,0.00000,0.00000,56.18143,-0.00000,-0.00000,1.00000,0.00000,0.10000,0.00120,0.00000,0.43716,0.00000,0.50000,0.60000,0.39763,0.30000,0.05000,0.75000,0.00000,0.00000,0.00000,1.02000,-1.00000,0.00000,1.00000,0.00000,0.00000,17.00000,0.00000,1.06000,0.18000,1.00000,1.00000
36.10000,0.00000,-22.21509,3.68674,-12.97128,0.00000,0.19416,0.00000,-0.00195,33.74429,-0.00009,0.00028,1.01185,0.20403,0.72909,0.00205,0.11157,0.89557,0.05628,1.05000,1.00000,0.14413,0.46962,0.04500,0.50786,0.00000,0.00000,0.00000,0.91829,-1.00000,0.00000,1.00000,0.00000,0.00000,17.00000,0.00000,1.06697,0.18000,1.00000,1.00000
36.13333,0.00000,-22.34784,3.79233,-13.19737,0.00000,0.18826,0.00000,-0.00151,33.59943,0.00039,0.00006,1.00863,0.13787,0.72541,0.00183,0.08122,0.87672,0.05457,1.05000,1.00000,0.14569,0.46701,0.04500,0.51234,0.00000,0.00000,0.00000,0.91656,-1.00000,0.00000,1.00000,0.00000,0.00000,17.00000,0.00000,1.06508,0.18000,1.00000,1.00000
36.16667,0.00000,-22.46669,3.89715,-13.41781,0.00000,0.18235,0.00000,-0.00055,33.47632,-0.00031,-0.00030,1.00628,0.09317,0.72248,0.00164,0.05913,0.86226,0.05333,1.05000,1.00000,0.14000,0.46510,0.04500,0.51587,0.00000,0.00000,0.00000,0.91482,-1.00000,0.00000,1.00000,0.00000,0.00000,17.00000,0.00000,1.06370,0.18000,1.00000,1.00000
36.20000,0.00000,-22.57487,4.00163,-13.63428,0.00000,0.17645,0.00000,0.00029,33.36971,0.00002,0.00033,1.00457,0.06296,0.72009,0.00152,0.04305,0.85099,0.05242,1.05000,1.00000,0.14000,0.46371,0.04500,0.51869,0.00000,0.00000,0.00000,0.91309,-1.00000,0.00000,1.00000,0.00000,0.00000,17.00000,0.00000,1.06269,0.18000,1.00000,1.00000
36.23333,0.00000,-22.67473,4.10611,-13.84804,0.00000,0.17055,0.00000,0.00080,33.27575,0.00017,-0.00018,1.00333,0.04255,0.71809,0.00144,0.03134,0.84204,0.05176,1.05000,1.00000,0.14000,0.46270,0.04500,0.52101,0.00000,0.00000,0.00000,0.91136,-1.00000,0.00000,1.00000,0.00000,0.00000,17.00000,0.00000,1.06196,0.18000,1.00000,1.00000
36.26667,0.00000,-22.76800,4.21082,-14.06003,0.00000,0.16465,0.00000,0.00122,33.19167,-0.00008,-0.00002,1.00242,0.02875,0.71638,0.00137,0.02281,0.83477,0.05128,1.05000,1.00000,0.14000,0.46197,0.04500,0.52296,0.00000,0.00000,0.00000,0.90963,-1.00000,0.00000,1.00000,0.00000,0.00000,17.00000,0.00000,1.06143,0.18000,1.00000,1.00000
36.30000,0.00000,-22.85597,4.31596,-14.27092,0.00000,0.15875,0.00000,0.00178,33.11542,-0.00007,0.00010,1.00176,0.01943,0.71488,0.00132,0.01661,0.82871,0.05093,1.05000,1.00000,0.14000,0.46143,0.04500,0.52463,0.00000,0.00000,0.00000,0.90790,-1.00000,0.00000,1.00000,0.00000,0.00000,17.00000,0.00000,1.06104,0.18000,1.00000,1.00000
36.33333,0.00000,-22.93957,4.42167,-14.48123,0.00000,0.15285,0.00000,0.00246,33.04555,0.00014,-0.00011,1.00128,0.01313,0.71353,0.00129,0.01209,0.82354,0.05068,1.05000,1.00000,0.14000,0.46104,0.04500,0.52611,0.00000,0.00000,0.00000,0.90617,-1.00000,0.00000,1.00000,0.00000,0.00000,17.00000,0.00000,1.06076,0.18000,1.00000,1.00000
36.36667,0.00000,-23.01948,4.52805,-14.69134,0.00000,0.14695,0.00000,0.00313,32.98095,-0.00011,0.00007,1.00094,0.00887,0.71229,0.00127,0.00880,0.81902,0.05050,1.05000,1.00000,0.14000,0.46076,0.04500,0.52744,0.00000,0.00000,0.00000,0.90444,-1.00000,0.00000,1.00000,0.00000,0.00000,17.00000,0.00000,1.06055,0.18000,1.00000,1.00000
36.40000,0.00000,-23.09621,4.63519,-14.90152,0.00000,0.14105,0.00000,0.00374,32.92084,0.00002,0.00001,1.00068,0.00600,0.71114,0.00125,0.00641,0.81495,0.05036,1.05000,1.00000,0.14000,0.46055,0.04500,0.52867,0.00000,0.00000,0.00000,0.90271,-1.00000,0.00000,1.00000,0.00000,0.00000,17.00000,0.00000,1.06040,0.18000,1.00000,1.00000
36.43333,0.00000,-23.17011,4.74313,-15.11195,0.00000,0.13514,0.00000,0.00433,32.86464,0.00006,-0.00007,1.00050,0.00405,0.71004,0.00123,0.00466,0.81123,0.05026,1.05000,1.00000,0.14000,0.46040,0.04500,0.52982,0.00000,0.00000,0.00000,0.90098,-1.00000,0.00000,1.00000,0.00000,0.00000,17.00000,0.00000,1.06029,0.18000,1.00000,1.00000
36.46667,0.00000,-23.24145,4.85193,-15.32280,0.00000,0.12924,0.00000,0.00495,32.81192,-0.00005,0.00009,1.00036,0.00274,0.70898,0.00123,0.00340,0.80775,0.05019,1.05000,1.00000,0.14000,0.46029,0.04500,0.53092,0.00000,0.00000,0.00000,0.89924,-1.00000,0.00000,1.00000,0.00000,0.00000,17.00000,0.00000,1.06021,0.18000,1.00000,1.00000
36.50000,0.00000,-23.31042,4.96162,-15.53414,0.00000,0.12334,0.00000,0.00560,32.76237,-0.00003,-0.00006,1.00026,0.00185,0.70795,0.00122,0.00247,0.80444,0.05014,1.05000,1.00000,0.14000,0.46021,0.04500,0.53197,0.00000,0.00000,0.00000,0.89751,-1.00000,0.00000,1.00000,0.00000,0.00000,17.00000,0.00000,1.06015,0.18000,1.00000,1.00000
36.53333,0.00000,-23.38004,5.07284,-15.74802,0.00000,0.11744,0.00000,0.00625,32.71173,0.00009,-0.00000,1.00000,0.00124,0.70679,0.00120,0.00000,0.80037,0.05000,1.05000,1.00000,0.14000,0.46000,0.04500,0.53321,0.00000,0.00000,0.00000,0.89578,-1.00000,0.00000,1.00000,0.00000,0.00000,17.00000,0.00000,1.06000,0.18000,1.00000,1.00000
36.56667,0.00000,-23.44385,5.18420,-15.96005,0.00000,0.11154,0.00000,0.00689,32.66898,-0.00007,0.00006,1.00000,0.00084,0.70585,0.00120,0.00000,0.79754,0.05000,1.05000,1.00000,0.14000,0.46000,0.04500,0.53415,0.00000,0.00000,0.00000,0.89405,-1.00000,0.00000,1.00000,0.00000,0.00000,17.00000,0.00000,1.06000,0.18000,1.00000,1.00000
36.60000,0.00000,-23.41264,5.27555,-16.10877,0.00000,0.10564,0.00000,0.00749,32.75769,-0.00003,-0.00014,1.00615,0.00029,0.71000,0.00163,0.05788,0.82345,0.05326,1.05000,1.00000,0.14000,0.46499,0.04500,0.52813,0.00000,0.00000,0.00000,0.89232,-1.00000,0.00000,1.00000,0.00000,0.00000,17.00000,0.00000,1.06362,0.18000,1.00000,1.00000
36.63333,0.00000,-23.49782,5.39424,-16.33913,0.00000,0.09974,0.00000,0.00797,32.68435,0.00013,0.00009,1.00448,0.00021,0.70767,0.00152,0.04214,0.81273,0.05237,1.05000,1.00000,0.14000,0.46363,0.04500,0.53096,0.00000,0.00000,0.00000,0.89059,-1.00000,0.00000,1.00000,0.00000,0.00000,17.00000,0.00000,1.06263,0.18000,1.00000,1.00000
36.66667,0.00000,-23.57439,5.51255,-16.56587,0.00000,0.09383,0.00000,0.00878,32.62292,-0.00012,-0.00000,1.00326,0.00015,0.70571,0.00143,0.03067,0.80417,0.05173,1.05000,1.00000,0.14000,0.46265,0.04500,0.53328,0.00000,0.00000,0.00000,0.88886,-1.00000,0.00000,1.00000,0.00000,0.00000,17.00000,0.00000,1.06192,0.18000,1.00000,1.00000
36.70000,0.00000,-23.64413,5.63081,-16.79011,0.00000,0.08793,0.00000,0.00960,32.57076,0.00002,-0.00007,1.00237,0.00011,0.70403,0.00137,0.02233,0.79718,0.05126,1.05000,1.00000,0.14000,0.46193,0.04500,0.53523,0.00000,0.00000,0.00000,0.88713,-1.00000,0.00000,1.00000,0.00000,0.00000,17.00000,0.00000,1.06140,0.18000,1.00000,1.00000
36.73333,0.00000,-23.70837,5.74928,-17.01267,0.00000,0.08203,0.00000,0.01027,32.52595,0.00006,0.00010,1.00173,0.00008,0.70255,0.00132,0.01626,0.79133,0.05091,1.05000,1.00000,0.14000,0.46140,0.04500,0.53690,0.00000,0.00000,0.00000,0.88540,-1.00000,0.00000,1.00000,0.00000,0.00000,17.00000,0.00000,1.06102,0.18000,1.00000,1.00000
36.76667,0.00000,-23.76806,5.86816,-17.23415,0.00000,0.07613,0.00000,0.01085,32.48709,-0.00005,-0.00008,1.00126,0.00006,0.70122,0.00140,0.01183,0.78632,0.05067,1.05000,1.00000,0.17741,0.46102,0.04500,0.53838,0.00000,0.00000,0.00000,0.88366,-1.00000,0.00000,1.00000,0.00000,0.00000,17.00000,0.00000,1.06074,0.18000,1.00000,1.00000
36.80000,0.00000,-23.82392,5.98759,-17.45501,0.00000,0.07023,0.00000,0.01148,32.45317,-0.00010,0.00002,1.00092,0.00004,0.69999,0.00128,0.00862,0.78190,0.05048,1.05000,1.00000,0.14419,0.46074,0.04500,0.53972,0.00000,0.00000,0.00000,0.88193,-1.00000,0.00000,1.00000,0.00000,0.00000,17.00000,0.00000,1.06054,0.18000,1.00000,1.00000
36.83333,0.00000,-23.87645,6.10768,-17.67557,0.00000,0.06433,0.00000,0.01217,32.42343,0.00029,0.00014,1.00067,0.00003,0.69884,0.00126,0.00627,0.77791,0.05035,1.05000,1.00000,0.14528,0.46054,0.04500,0.54094,0.00000,0.00000,0.00000,0.88020,-1.00000,0.00000,1.00000,0.00000,0.00000,17.00000,0.00000,1.06039,0.18000,1.00000,1.00000
36.86667,0.00000,-23.92603,6.22850,-17.89606,0.00000,0.05843,0.00000,0.01288,32.39734,-0.00027,-0.00022,1.00049,0.00002,0.69775,0.00123,0.00457,0.77425,0.05026,1.05000,1.00000,0.14000,0.46039,0.04500,0.54209,0.00000,0.00000,0.00000,0.87847,-1.00000,0.00000,1.00000,0.00000,0.00000,17.00000,0.00000,1.06029,0.18000,1.00000,1.00000
36.90000,0.00000,-23.97293,6.35012,-18.11666,0.00000,0.05252,0.00000,0.01356,32.37449,0.00005,0.00017,1.00035,0.00002,0.69669,0.00122,0.00332,0.77081,0.05019,1.05000,1.00000,0.14000,0.46029,0.04500,0.54319,0.00000,0.00000,0.00000,0.87674,-1.00000,0.00000,1.00000,0.00000,0.00000,17.00000,0.00000,1.06021,0.18000,1.00000,1.00000
36.93333,0.00000,-24.01735,6.47258,-18.33748,0.00000,0.04662,0.00000,0.01422,32.35461,0.00014,-0.00003,1.00026,0.00001,0.69567,0.00122,0.00242,0.76754,0.05014,1.05000,1.00000,0.14000,0.46021,0.04500,0.54424,0.00000,0.00000,0.00000,0.87501,-1.00000,0.00000,1.00000,0.00000,0.00000,17.00000,0.00000,1.06015,0.18000,1.00000,1.00000
36.96667,0.00000,-24.05942,6.59590,-18.55860,0.00000,0.04072,0.00000,0.01488,32.33747,-0.00011,-0.00009,1.00019,0.00001,0.69467,0.00121,0.00176,0.76439,0.05010,1.05000,1.00000,0.14000,0.46015,0.04500,0.54527,0.00000,0.00000,0.00000,0.87328,-1.00000,0.00000,1.00000,0.00000,0.00000,17.00000,0.00000,1.06011,0.18000,1.00000,1.00000
37.00000,0.00000,-24.09924,6.72012,-18.78009,0.00000,0.03482,0.00000,0.01556,32.32292,-0.00002,0.00011,1.00014,0.00001,0.69368,0.00121,0.00128,0.76132,0.05007,1.05000,1.00000,0.14000,0.46011,0.04500,0.54627,0.00000,0.00000,0.00000,0.87155,-1.00000,0.00000,1.00000,0.00000,0.00000,17.00000,0.00000,1.06008,0.18000,1.00000,1.00000
37.03333,0.00000,-24.13690,6.84524,-19.00198,0.00000,0.02892,0.00000,0.01624,32.31085,0.00009,-0.00007,1.00010,0.00000,0.69271,0.00121,0.00093,0.75832,0.05005,1.05000,1.00000,0.14000,0.46008,0.04500,0.54726,0.00000,0.00000,0.00000,0.86982,-1.00000,0.00000,1.00000,0.00000,0.00000,17.00000,0.00000,1.06006,0.18000,1.00000,1.00000
37.06667,0.00000,-24.17357,6.97161,-19.22519,0.00000,0.02302,0.00000,0.01692,32.29968,-0.00007,0.00001,1.00000,0.00000,0.69168,0.00120,0.00000,0.75505,0.05000,1.05000,1.00000,0.14000,0.46000,0.04500,0.54832,0.00000,0.00000,0.00000,0.86809,-1.00000,0.00000,1.00000,0.00000,0.00000,17.00000,0.00000,1.06000,0.18000,1.00000,1.00000
37.10000,0.00000,-24.20673,7.09850,-19.44770,0.00000,0.01712,0.00000,0.01759,32.29274,-0.00002,0.00005,1.00000,0.00000,0.69074,0.00120,0.00000,0.75222,0.05000,1.05000,1.00000,0.14000,0.46000,0.04500,0.54926,0.00000,0.00000,0.00000,0.86635,-1.00000,0.00000,1.00000,0.00000,0.00000,17.00000,0.00000,1.06000,0.18000,1.00000,1.00000
37.13333,0.00000,-24.14415,7.19840,-19.59462,0.00000,0.01121,0.00000,0.01799,32.41283,0.00015,-0.00012,1.00600,0.00028,0.69466,0.00162,0.05649,0.77584,0.05318,1.05000,1.00000,0.14000,0.46487,0.04500,0.54321,0.00000,0.00000,0.00000,0.86462,-1.00000,0.00000,1.00000,0.00000,0.00000,17.00000,0.00000,1.06353,0.18000,1.00000,1.00000
37.16667,0.00000,-24.19870,7.33443,-19.83813,0.00000,0.00531,0.00000,0.01876,32.37629,-0.00014,0.00009,1.00437,0.00020,0.69239,0.00151,0.04112,0.76574,0.05231,1.05000,1.00000,0.14000,0.46355,0.04500,0.54605,0.00000,0.00000,0.00000,0.86289,-1.00000,0.00000,1.00000,0.00000,0.00000,17.00000,0.00000,1.06257,0.18000,1.00000,1.00000
37.20000,0.00000,-24.24443,7.46955,-20.07685,0.00000,-0.00059,0.00000,0.01966,32.35118,0.00004,-0.00002,1.00318,0.00015,0.69048,0.00142,0.02994,0.75763,0.05168,1.05000,1.00000,0.14000,0.46258,0.04500,0.54838,0.00000,0.00000,0.00000,0.86116,-1.00000,0.00000,1.00000,0.00000,0.00000,17.00000,0.00000,1.06187,0.18000,1.00000,1.00000
37.23333,0.00000,-24.28317,7.60424,-20.31215,0.00000,-0.00649,0.00000,0.02038,32.33496,0.00005,-0.00005,1.00232,0.00011,0.68883,0.00136,0.02179,0.75098,0.05123,1.05000,1.00000,0.14000,0.46188,0.04500,0.55033,0.00000,0.00000,0.00000,0.85943,-1.00000,0.00000,1.00000,0.00000,0.00000,17.00000,0.00000,1.06136,0.18000,1.00000,1.00000
37.26667,0.00000,-24.31626,7.73886,-20.54501,0.00000,-0.01239,0.00000,0.02094,32.32582,-0.00005,0.00009,1.00169,0.00008,0.68738,0.00132,0.01587,0.74537,0.05089,1.05000,1.00000,0.14000,0.46137,0.04500,0.55200,0.00000,0.00000,0.00000,0.85770,-1.00000,0.00000,1.00000,0.00000,0.00000,17.00000,0.00000,1.06099,0.18000,1.00000,1.00000
37.30000,0.00000,-24.34468,7.87366,-20.77617,0.00000,-0.01829,0.00000,0.02152,32.32241,-0.00004,-0.00007,1.00123,0.00006,0.68606,0.00129,0.01155,0.74053,0.05065,1.05000,1.00000,0.14000,0.46100,0.04500,0.55348,0.00000,0.00000,0.00000,0.85597,-1.00000,0.00000,1.00000,0.00000,0.00000,17.00000,0.00000,1.06072,0.18000,1.00000,1.00000
37.33333,0.00000,-24.36914,8.00885,-21.00616,0.00000,-0.02419,0.00000,0.02219,32.32378,0.00011,0.00002,1.00089,0.00004,0.68485,0.00126,0.00841,0.73624,0.05047,1.05000,1.00000,0.14000,0.46073,0.04500,0.55482,0.00000,0.00000,0.00000,0.85424,-1.00000,0.00000,1.00000,0.00000,0.00000,17.00000,0.00000,1.06053,0.18000,1.00000,1.00000
37.36667,0.00000,-24.39018,8.14456,-21.23537,0.00000,-0.03009,0.00000,0.02289,32.32923,-0.00011,0.00004,1.00065,0.00003,0.68371,0.00125,0.00612,0.73235,0.05034,1.05000,1.00000,0.14000,0.46053,0.04500,0.55605,0.00000,0.00000,0.00000,0.85251,-1.00000,0.00000,1.00000,0.00000,0.00000,17.00000,0.00000,1.06038,0.18000,1.00000,1.00000
37.40000,0.00000,-24.40816,8.28090,-21.46409,0.00000,-0.03600,0.00000,0.02355,32.33823,0.00002,-0.00008,1.00047,0.00002,0.68262,0.00123,0.00446,0.72875,0.05025,1.05000,1.00000,0.14000,0.46038,0.04500,0.55720,0.00000,0.00000,0.00000,0.85077,-1.00000,0.00000,1.00000,0.00000,0.00000,17.00000,0.00000,1.06028,0.18000,1.00000,1.00000
37.43333,0.00000,-24.42337,8.41795,-21.69252,0.00000,-0.04190,0.00000,0.02417,32.35043,0.00006,0.00007,1.00034,0.00002,0.68157,0.00122,0.00324,0.72536,0.05018,1.05000,1.00000,0.14000,0.46028,0.04500,0.55830,0.00000,0.00000,0.00000,0.84904,-1.00000,0.00000,1.00000,0.00000,0.00000,17.00000,0.00000,1.06020,0.18000,1.00000,1.00000
37.46667,0.00000,-24.43600,8.55578,-21.92081,0.00000,-0.04780,0.00000,0.02479,32.36556,-0.00009,-0.00003,1.00025,0.00001,0.68055,0.00157,0.00236,0.72212,0.05013,1.05000,1.00000,0.25734,0.46020,0.04500,0.55935,0.00000,0.00000,0.00000,0.84731,-1.00000,0.00000,1.00000,0.00000,0.00000,17.00000,0.00000,1.06015,0.18000,1.00000,1.00000
37.50000,0.00000,-24.44620,8.69442,-22.14906,0.00000,-0.05370,0.00000,0.02542,32.38343,0.00001,-0.00007,1.00018,0.00001,0.67955,0.00131,0.00172,0.71900,0.05010,1.05000,1.00000,0.17359,0.46015,0.04500,0.56038,0.00000,0.00000,0.00000,0.84558,-1.00000,0.00000,1.00000,0.00000,0.00000,17.00000,0.00000,1.06011,0.18000,1.00000,1.00000
37.53333,0.00000,-24.45408,8.83390,-22.37733,0.00000,-0.05960,0.00000,0.02605,32.40390,0.00016,0.00017,1.00013,0.00001,0.67857,0.00123,0.00125,0.71595,0.05007,1.05000,1.00000,0.14736,0.46011,0.04500,0.56138,0.00000,0.00000,0.00000,0.84385,-1.00000,0.00000,1.00000,0.00000,0.00000,17.00000,0.00000,1.06008,0.18000,1.00000,1.00000
37.56667,0.00000,-24.45971,8.97424,-22.60568,0.00000,-0.06550,0.00000,0.02667,32.42687,-0.00015,-0.00016,1.00010,0.00000,0.67760,0.00121,0.00091,0.71296,0.05005,1.05000,1.00000,0.14000,0.46008,0.04500,0.56237,0.00000,0.00000,0.00000,0.84212,-1.00000,0.00000,1.00000,0.00000,0.00000,17.00000,0.00000,1.06006,0.18000,1.00000,1.00000
37.60000,0.00000,-24.46426,9.11589,-22.83518,0.00000,-0.07140,0.00000,0.02728,32.45081,-0.00005,0.00006,1.00000,0.00000,0.67658,0.00120,0.00000,0.70973,0.05000,1.05000,1.00000,0.14000,0.46000,0.04500,0.56342,0.00000,0.00000,0.00000,0.84039,-1.00000,0.00000,1.00000,0.00000,0.00000,17.00000,0.00000,1.06000,0.18000,1.00000,1.00000
37.63333,0.00000,-24.46524,9.25790,-23.06348,0.00000,-0.07731,0.00000,0.02789,32.47902,0.00025,0.00008,1.00000,0.00000,0.67563,0.00120,0.00000,0.70689,0.05000,1.05000,1.00000,0.14000,0.46000,0.04500,0.56437,0.00000,0.00000,0.00000,0.83866,-1.00000,0.00000,1.00000,0.00000,0.00000,17.00000,0.00000,1.06000,0.18000,1.00000,1.00000
37.66667,0.00000,-24.22804,9.31011,-23.06716,0.00000,-0.08321,0.00000,0.02776,32.82515,-0.00052,-0.00032,1.01506,0.00070,0.68664,0.00226,0.14176,0.76644,0.05797,1.05000,1.00000,0.14000,0.47223,0.04500,0.54728,0.00000,0.00000,0.00000,0.83693,-1.00000,0.00000,1.00000,0.00000,0.00000,17.00000,0.00000,1.06886,0.18000,1.00000,1.00000
37.70000,0.00000,-24.28872,9.47748,-23.35495,0.00000,-0.08911,0.00000,0.02910,32.77226,0.00010,0.00016,1.01097,0.00051,0.68243,0.00197,0.10320,0.74646,0.05581,1.05000,1.00000,0.14000,0.46890,0.04500,0.55311,0.00000,0.00000,0.00000,0.83519,-1.00000,0.00000,1.00000,0.00000,0.00000,17.00000,0.00000,1.06645,0.18000,1.00000,1.00000
37.73333,0.00000,-24.33021,9.63973,-23.62746,0.00000,-0.09501,0.00000,0.03006,32.74490,0.00007,-0.00005,1.00798,0.00037,0.67912,0.00176,0.07513,0.73119,0.05423,1.05000,1.00000,0.14000,0.46648,0.04500,0.55761,0.00000,0.00000,0.00000,0.83346,-1.00000,0.00000,1.00000,0.00000,0.00000,17.00000,0.00000,1.06470,0.18000,1.00000,1.00000
37.76667,0.00000,-24.35707,9.79841,-23.88866,0.00000,-0.10091,0.00000,0.03042,32.73675,-0.00007,-0.00004,1.00581,0.00027,0.67645,0.00161,0.05469,0.71934,0.05308,1.05000,1.00000,0.14000,0.46472,0.04500,0.56115,0.00000,0.00000,0.00000,0.83173,-1.00000,0.00000,1.00000,0.00000,0.00000,17.00000,0.00000,1.06342,0.18000,1.00000,1.00000
37.80000,0.00000,-24.37266,9.95465,-24.14151,0.00000,-0.10681,0.00000,0.03069,32.74325,-0.00003,0.00009,1.00423,0.00020,0.67425,0.00150,0.03982,0.70997,0.05224,1.05000,1.00000,0.14000,0.46343,0.04500,0.56399,0.00000,0.00000,0.00000,0.83000,-1.00000,0.00000,1.00000,0.00000,0.00000,17.00000,0.00000,1.06249,0.18000,1.00000,1.00000
37.83333,0.00000,-24.37946,10.10932,-24.38820,0.00000,-0.11271,0.00000,0.03122,32.76107,0.00013,-0.00008,1.00308,0.00014,0.67239,0.00142,0.02899,0.70240,0.05163,1.05000,1.00000,0.14000,0.46250,0.04500,0.56632,0.00000,0.00000,0.00000,0.82827,-1.00000,0.00000,1.00000,0.00000,0.00000,17.00000,0.00000,1.06181,0.18000,1.00000,1.00000
37.86667,0.00000,-24.37928,10.26307,-24.63037,0.00000,-0.11862,0.00000,0.03193,32.78778,-0.00012,0.00003,1.00224,0.00010,0.67079,0.00136,0.02110,0.69613,0.05119,1.05000,1.00000,0.14000,0.46182,0.04500,0.56827,0.00000,0.00000,0.00000,0.82654,-1.00000,0.00000,1.00000,0.00000,0.00000,17.00000,0.00000,1.06132,0.18000,1.00000,1.00000
37.90000,0.00000,-24.37345,10.41636,-24.86919,0.00000,-0.12452,0.00000,0.03256,32.82162,0.00002,0.00003,1.00163,0.00008,0.66936,0.00132,0.01536,0.69080,0.05086,1.05000,1.00000,0.14000,0.46133,0.04500,0.56995,0.00000,0.00000,0.00000,0.82481,-1.00000,0.00000,1.00000,0.00000,0.00000,17.00000,0.00000,1.06096,0.18000,1.00000,1.00000
37.93333,0.00000,-24.36294,10.56955,-25.10556,0.00000,-0.13042,0.00000,0.03307,32.86134,0.00007,-0.00007,1.00119,0.00006,0.66807,0.00128,0.01118,0.68616,0.05063,1.05000,1.00000,0.14000,0.46096,0.04500,0.57143,0.00000,0.00000,0.00000,0.82308,-1.00000,0.00000,1.00000,0.00000,0.00000,17.00000,0.00000,1.06070,0.18000,1.00000,1.00000
37.96667,0.00000,-24.34845,10.72291,-25.34011,0.00000,-0.13632,0.00000,0.03355,32.90599,-0.00009,0.00007,1.00087,0.00004,0.66687,0.00126,0.00814,0.68202,0.05046,1.05000,1.00000,0.14000,0.46070,0.04500,0.57276,0.00000,0.00000,0.00000,0.82135,-1.00000,0.00000,1.00000,0.00000,0.00000,17.00000,0.00000,1.06051,0.18000,1.00000,1.00000
38.00000,0.00000,-24.33051,10.87663,-25.57331,0.00000,-0.14222,0.00000,0.03407,32.95492,0.00002,-0.00003,1.00063,0.00003,0.66574,0.00124,0.00593,0.67824,0.05033,1.05000,1.00000,0.14000,0.46051,0.04500,0.57399,0.00000,0.00000,0.00000,0.81962,-1.00000,0.00000,1.00000,0.00000,0.00000,17.00000,0.00000,1.06037,0.18000,1.00000,1.00000
38.03333,0.00000,-24.30949,11.03084,-25.80550,0.00000,-0.14812,0.00000,0.03462,33.00764,0.00006,-0.00002,1.00046,0.00002,0.66466,0.00123,0.00431,0.67472,0.05024,1.05000,1.00000,0.14000,0.46037,0.04500,0.57514,0.00000,0.00000,0.00000,0.81788,-1.00000,0.00000,1.00000,0.00000,0.00000,17.00000,0.00000,1.06027,0.18000,1.00000,1.00000
38.06667,0.00000,-24.28567,11.18566,-26.03693,0.00000,-0.15402,0.00000,0.03515,33.06383,-0.00006,0.00006,1.00033,0.00002,0.66362,0.00122,0.00314,0.67138,0.05018,1.05000,1.00000,0.14000,0.46027,0.04500,0.57624,0.00000,0.00000,0.00000,0.81615,-1.00000,0.00000,1.00000,0.00000,0.00000,17.00000,0.00000,1.06020,0.18000,1.00000,1.00000
38.10000,0.00000,-24.25924,11.34116,-26.26776,0.00000,-0.15992,0.00000,0.03566,33.12323,-0.00002,-0.00006,1.00024,0.00001,0.66260,0.00122,0.00229,0.66819,0.05013,1.05000,1.00000,0.14000,0.46020,0.04500,0.57729,0.00000,0.00000,0.00000,0.81442,-1.00000,0.00000,1.00000,0.00000,0.00000,17.00000,0.00000,1.06014,0.18000,1.00000,1.00000
38.13333,0.00000,-24.23312,11.49871,-26.50116,0.00000,-0.16583,0.00000,0.03615,33.18190,0.00010,0.00003,1.00000,0.00000,0.66147,0.00120,0.00000,0.66440,0.05000,1.05000,1.00000,0.14000,0.46000,0.04500,0.57853,0.00000,0.00000,0.00000,0.81269,-1.00000,0.00000,1.00000,0.00000,0.00000,17.00000,0.00000,1.06000,0.18000,1.00000,1.00000
38.16667,0.00000,-24.20112,11.65538,-26.73033,0.00000,-0.17173,0.00000,0.03665,33.24832,-0.00011,0.00002,1.00000,0.00000,0.66052,0.00120,0.00000,0.66157,0.05000,1.05000,1.00000,0.14000,0.46000,0.04500,0.57948,0.00000,0.00000,0.00000,0.81096,-1.00000,0.00000,1.00000,0.00000,0.00000,17.00000,0.00000,1.06000,0.18000,1.00000,1.00000
38.20000,0.00000,-24.01294,11.73763,-26.78749,0.00000,-0.17763,0.00000,0.03698,33.53047,0.00018,-0.00022,1.00992,0.00046,0.66728,0.00197,0.09335,0.69717,0.05525,1.05000,1.00000,0.16332,0.46805,0.04500,0.56823,0.00000,0.00000,0.00000,0.80923,-1.00000,0.00000,1.00000,0.00000,0.00000,17.00000,0.00000,1.06583,0.18000,1.00000,1.00000
38.23333,0.00000,-24.01869,11.91575,-27.06190,0.00000,-0.18353,0.00000,0.03792,33.54445,0.00015,0.00024,1.00722,0.00034,0.66423,0.00175,0.06795,0.68376,0.05382,1.05000,1.00000,0.15300,0.46586,0.04500,0.57248,0.00000,0.00000,0.00000,0.80750,-1.00000,0.00000,1.00000,0.00000,0.00000,17.00000,0.00000,1.06425,0.18000,1.00000,1.00000
38.26667,0.00000,-24.01102,12.08967,-27.32418,0.00000,-0.18943,0.00000,0.03833,33.57668,-0.00019,-0.00010,1.00526,0.00024,0.66176,0.00158,0.04947,0.67327,0.05278,1.05000,1.00000,0.14302,0.46427,0.04500,0.57583,0.00000,0.00000,0.00000,0.80577,-1.00000,0.00000,1.00000,0.00000,0.00000,17.00000,0.00000,1.06309,0.18000,1.00000,1.00000
38.30000,0.00000,-23.99300,12.26068,-27.57744,0.00000,-0.19533,0.00000,0.03852,33.62297,-0.00004,-0.00006,1.00383,0.00018,0.65970,0.00147,0.03601,0.66488,0.05203,1.05000,1.00000,0.14000,0.46311,0.04500,0.57853,0.00000,0.00000,0.00000,0.80404,-1.00000,0.00000,1.00000,0.00000,0.00000,17.00000,0.00000,1.06225,0.18000,1.00000,1.00000
38.33333,0.00000,-23.96685,12.42978,-27.82399,0.00000,-0.20123,0.00000,0.03889,33.68026,0.00027,0.00017,1.00279,0.00013,0.65795,0.00140,0.02622,0.65802,0.05147,1.05000,1.00000,0.14000,0.46226,0.04500,0.58075,0.00000,0.00000,0.00000,0.80230,-1.00000,0.00000,1.00000,0.00000,0.00000,17.00000,0.00000,1.06164,0.18000,1.00000,1.00000
38.36667,0.00000,-23.93422,12.59769,-28.06552,0.00000,-0.20714,0.00000,0.03946,33.74637,-0.00025,-0.00015,1.00203,0.00009,0.65642,0.00134,0.01909,0.65226,0.05107,1.05000,1.00000,0.14000,0.46165,0.04500,0.58263,0.00000,0.00000,0.00000,0.80057,-1.00000,0.00000,1.00000,0.00000,0.00000,17.00000,0.00000,1.06119,0.18000,1.00000,1.00000
38.40000,0.00000,-23.89631,12.76495,-28.30330,0.00000,-0.21304,0.00000,0.04001,33.81967,0.00003,0.00004,1.00148,0.00007,0.65505,0.00130,0.01390,0.64732,0.05078,1.05000,1.00000,0.14000,0.46120,0.04500,0.58425,0.00000,0.00000,0.00000,0.79884,-1.00000,0.00000,1.00000,0.00000,0.00000,17.00000,0.00000,1.06087,0.18000,1.00000,1.00000
38.43333,0.00000,-23.85399,12.93195,-28.53822,0.00000,-0.21894,0.00000,0.04046,33.89903,0.00009,0.00002,1.00107,0.00005,0.65380,0.00128,0.01012,0.64295,0.05057,1.05000,1.00000,0.14000,0.46087,0.04500,0.58569,0.00000,0.00000,0.00000,0.79711,-1.00000,0.00000,1.00000,0.00000,0.00000,17.00000,0.00000,1.06063,0.18000,1.00000,1.00000
38.46667,0.00000,-23.80790,13.09900,-28.77096,0.00000,-0.22484,0.00000,0.04085,33.98361,-0.00010,-0.00006,1.00078,0.00004,0.65263,0.00126,0.00736,0.63900,0.05041,1.05000,1.00000,0.14000,0.46064,0.04500,0.58700,0.00000,0.00000,0.00000,0.79538,-1.00000,0.00000,1.00000,0.00000,0.00000,17.00000,0.00000,1.06046,0.18000,1.00000,1.00000
38.50000,0.00000,-23.75851,13.26631,-29.00201,0.00000,-0.23074,0.00000,0.04127,34.07282,0.00004,0.00006,1.00057,0.00003,0.65152,0.00124,0.00536,0.63537,0.05030,1.05000,1.00000,0.14000,0.46046,0.04500,0.58821,0.00000,0.00000,0.00000,0.79365,-1.00000,0.00000,1.00000,0.00000,0.00000,17.00000,0.00000,1.06034,0.18000,1.00000,1.00000
38.53333,0.00000,-23.70616,13.43405,-29.23172,0.00000,-0.23664,0.00000,0.04173,34.16624,0.00004,-0.00003,1.00041,0.00002,0.65045,0.00123,0.00390,0.63195,0.05022,1.05000,1.00000,0.14000,0.46034,0.04500,0.58934,0.00000,0.00000,0.00000,0.79192,-1.00000,0.00000,1.00000,0.00000,0.00000,17.00000,0.00000,1.06024,0.18000,1.00000,1.00000
38.56667,0.00000,-23.65109,13.60231,-29.46035,0.00000,-0.24254,0.00000,0.04219,34.26358,-0.00006,-0.00002,1.00030,0.00001,0.64942,0.00122,0.00284,0.62869,0.05016,1.05000,1.00000,0.14000,0.46025,0.04500,0.59043,0.00000,0.00000,0.00000,0.79019,-1.00000,0.00000,1.00000,0.00000,0.00000,17.00000,0.00000,1.06018,0.18000,1.00000,1.00000
38.60000,0.00000,-23.59349,13.77121,-29.68807,0.00000,-0.24845,0.00000,0.04263,34.36464,-0.00001,0.00005,1.00022,0.00001,0.64842,0.00122,0.00207,0.62555,0.05012,1.05000,1.00000,0.14000,0.46018,0.04500,0.59148,0.00000,0.00000,0.00000,0.78846,-1.00000,0.00000,1.00000,0.00000,0.00000,17.00000,0.00000,1.06013,0.18000,1.00000,1.00000
38.63333,0.00000,-23.53348,13.94079,-29.91502,0.00000,-0.25435,0.00000,0.04305,34.46929,0.00010,-0.00006,1.00016,0.00001,0.64743,0.00121,0.00151,0.62250,0.05008,1.05000,1.00000,0.14000,0.46013,0.04500,0.59249,0.00000,0.00000,0.00000,0.78672,-1.00000,0.00000,1.00000,0.00000,0.00000,17.00000,0.00000,1.06009,0.18000,1.00000,1.00000
38.66667,0.00000,-23.47294,14.11217,-30.14355,0.00000,-0.26025,0.00000,0.04348,34.57485,-0.00012,0.00003,1.00000,0.00000,0.64636,0.00120,0.00000,0.61908,0.05000,1.05000,1.00000,0.14000,0.46000,0.04500,0.59364,0.00000,0.00000,0.00000,0.78499,-1.00000,0.00000,1.00000,0.00000,0.00000,17.00000,0.00000,1.06000,0.18000,1.00000,1.00000
38.70000,0.00000,-23.40791,14.28297,-30.36857,0.00000,-0.26615,0.00000,0.04391,34.68718,0.00005,0.00002,1.00000,0.00000,0.64542,0.00120,0.00000,0.61625,0.05000,1.05000,1.00000,0.14000,0.46000,0.04500,0.59458,0.00000,0.00000,0.00000,0.78326,-1.00000,0.00000,1.00000,0.00000,0.00000,17.00000,0.00000,1.06000,0.18000,1.00000,1.00000
38.73333,0.00000,-23.13940,14.32989,-30.32916,0.00000,-0.27205,0.00000,0.04471,35.10492,0.00016,-0.00024,1.01345,0.00063,0.65467,0.00216,0.12662,0.66196,0.05712,1.05000,1.00000,0.14304,0.47092,0.04500,0.57856,0.00000,0.00000,0.00000,0.78153,-1.00000,0.00000,1.00000,0.00000,0.00000,17.00000,0.00000,1.06791,0.18000,1.00000,1.00000
38.76667,0.00000,-23.12516,14.53505,-30.62326,0.00000,-0.27795,0.00000,0.04526,35.14242,-0.00028,0.00026,1.00979,0.00046,0.65094,0.00191,0.09218,0.64576,0.05519,1.05000,1.00000,0.14720,0.46795,0.04500,0.58410,0.00000,0.00000,0.00000,0.77980,-1.00000,0.00000,1.00000,0.00000,0.00000,17.00000,0.00000,1.06576,0.18000,1.00000,1.00000
38.80000,0.00000,-23.09400,14.73258,-30.89846,0.00000,-0.28385,0.00000,0.04523,35.20525,0.00001,-0.00011,1.00713,0.00033,0.64797,0.00171,0.06711,0.63324,0.05377,1.05000,1.00000,0.14356,0.46579,0.04500,0.58840,0.00000,0.00000,0.00000,0.77807,-1.00000,0.00000,1.00000,0.00000,0.00000,17.00000,0.00000,1.06419,0.18000,1.00000,1.00000
38.83333,0.00000,-23.04992,14.92467,-31.15956,0.00000,-0.28976,0.00000,0.04537,35.28756,0.00028,-0.00005,1.00519,0.00024,0.64556,0.00157,0.04885,0.62339,0.05275,1.05000,1.00000,0.14000,0.46421,0.04500,0.59178,0.00000,0.00000,0.00000,0.77634,-1.00000,0.00000,1.00000,0.00000,0.00000,17.00000,0.00000,1.06305,0.18000,1.00000,1.00000
38.86667,0.00000,-22.99587,15.11294,-31.41011,0.00000,-0.29566,0.00000,0.04590,35.38510,-0.00030,0.00016,1.00378,0.00018,0.64354,0.00147,0.03556,0.61547,0.05200,1.05000,1.00000,0.14000,0.46307,0.04500,0.59451,0.00000,0.00000,0.00000,0.77461,-1.00000,0.00000,1.00000,0.00000,0.00000,17.00000,0.00000,1.06222,0.18000,1.00000,1.00000
38.90000,0.00000,-22.93400,15.29862,-31.65274,0.00000,-0.30156,0.00000,0.04653,35.49476,0.00005,-0.00014,1.00275,0.00013,0.64182,0.00139,0.02589,0.60895,0.05146,1.05000,1.00000,0.14000,0.46223,0.04500,0.59675,0.00000,0.00000,0.00000,0.77288,-1.00000,0.00000,1.00000,0.00000,0.00000,17.00000,0.00000,1.06162,0.18000,1.00000,1.00000
38.93333,0.00000,-22.86590,15.48259,-31.88939,0.00000,-0.30746,0.00000,0.04700,35.61432,0.00011,0.00004,1.00200,0.00009,0.64031,0.00134,0.01885,0.60345,0.05106,1.05000,1.00000,0.14000,0.46163,0.04500,0.59864,0.00000,0.00000,0.00000,0.77115,-1.00000,0.00000,1.00000,0.00000,0.00000,17.00000,0.00000,1.06118,0.18000,1.00000,1.00000
38.96667,0.00000,-22.79270,15.66553,-32.12147,0.00000,-0.31336,0.00000,0.04734,35.74217,-0.00013,0.00002,1.00146,0.00007,0.63896,0.00130,0.01372,0.59868,0.05077,1.05000,1.00000,0.14000,0.46118,0.04500,0.60028,0.00000,0.00000,0.00000,0.76941,-1.00000,0.00000,1.00000,0.00000,0.00000,17.00000,0.00000,1.06086,0.18000,1.00000,1.00000
39.00000,0.00000,-22.71526,15.84792,-32.35004,0.00000,-0.31926,0.00000,0.04771,35.87714,0.00005,-0.00005,1.00106,0.00005,0.63771,0.00127,0.00999,0.59444,0.05056,1.05000,1.00000,0.14000,0.46086,0.04500,0.60173,0.00000,0.00000,0.00000,0.76768,-1.00000,0.00000,1.00000,0.00000,0.00000,17.00000,0.00000,1.06062,0.18000,1.00000,1.00000
39.03333,0.00000,-22.63419,16.03013,-32.57584,0.00000,-0.32516,0.00000,0.04816,36.01843,0.00004,0.00006,1.00077,0.00004,0.63655,0.00125,0.00727,0.59059,0.05041,1.05000,1.00000,0.14000,0.46063,0.04500,0.60304,0.00000,0.00000,0.00000,0.76595,-1.00000,0.00000,1.00000,0.00000,0.00000,17.00000,0.00000,1.06045,0.18000,1.00000,1.00000
39.06667,0.00000,-22.54993,16.21242,-32.79945,0.00000,-0.33106,0.00000,0.04864,36.16545,-0.00006,-0.00003,1.00056,0.00003,0.63545,0.00124,0.00529,0.58702,0.05030,1.05000,1.00000,0.14000,0.46046,0.04500,0.60425,0.00000,0.00000,0.00000,0.76422,-1.00000,0.00000,1.00000,0.00000,0.00000,17.00000,0.00000,1.06033,0.18000,1.00000,1.00000
39.10000,0.00000,-22.46281,16.39500,-33.02125,0.00000,-0.33697,0.00000,0.04909,36.31782,-0.00001,-0.00001,1.00041,0.00002,0.63439,0.00123,0.00385,0.58366,0.05022,1.05000,1.00000,0.14000,0.46033,0.04500,0.60539,0.00000,0.00000,0.00000,0.76249,-1.00000,0.00000,1.00000,0.00000,0.00000,17.00000,0.00000,1.06024,0.18000,1.00000,1.00000
39.13333,0.00000,-22.37307,16.57800,-33.24154,0.00000,-0.34287,0.00000,0.04952,36.47527,0.00010,0.00005,1.00030,0.00001,0.63336,0.00122,0.00281,0.58044,0.05016,1.05000,1.00000,0.14000,0.46024,0.04500,0.60648,0.00000,0.00000,0.00000,0.76076,-1.00000,0.00000,1.00000,0.00000,0.00000,17.00000,0.00000,1.06018,0.18000,1.00000,1.00000
39.16667,0.00000,-22.28402,16.76389,-33.46522,0.00000,-0.34877,0.00000,0.04996,36.63251,-0.00012,-0.00005,1.00000,0.00000,0.63220,0.00120,0.00000,0.57659,0.05000,1.05000,1.00000,0.14000,0.46000,0.04500,0.60780,0.00000,0.00000,0.00000,0.75903,-1.00000,0.00000,1.00000,0.00000,0.00000,17.00000,0.00000,1.06000,0.18000,1.00000,1.00000
39.20000,0.00000,-22.18866,16.94741,-33.68179,0.00000,-0.35467,0.00000,0.05041,36.80109,0.00006,0.00003,1.00000,0.00000,0.63125,0.00120,0.00000,0.57376,0.05000,1.05000,1.00000,0.14000,0.46000,0.04500,0.60875,0.00000,0.00000,0.00000,0.75730,-1.00000,0.00000,1.00000,0.00000,0.00000,17.00000,0.00000,1.06000,0.18000,1.00000,1.00000
39.23333,0.00000,-22.09132,17.13175,-33.89764,0.00000,-0.36057,0.00000,0.05086,36.97408,0.00004,0.00002,1.00000,0.00000,0.63031,0.00154,0.00000,0.57093,0.05000,1.05000,1.00000,0.25575,0.46000,0.04500,0.60969,0.00000,0.00000,0.00000,0.75557,-1.00000,0.00000,1.00000,0.00000,0.00000,17.00000,0.00000,1.06000,0.18000,1.00000,1.00000
39.26667,0.00000,-21.81123,17.17459,-33.83236,0.00000,-0.36647,0.00000,0.05198,37.45879,-0.00032,-0.00023,1.01281,0.00060,0.63885,0.00210,0.12055,0.61090,0.05678,1.05000,1.00000,0.14000,0.47040,0.04500,0.59407,0.00000,0.00000,0.00000,0.75383,-1.00000,0.00000,1.00000,0.00000,0.00000,17.00000,0.00000,1.06753,0.18000,1.00000,1.00000
39.30000,0.00000,-21.75942,17.39796,-34.12124,0.00000,-0.37237,0.00000,0.05200,37.55848,0.00007,0.00024,1.00932,0.00043,0.63531,0.00186,0.08776,0.59626,0.05494,1.05000,1.00000,0.14000,0.46757,0.04500,0.59950,0.00000,0.00000,0.00000,0.75210,-1.00000,0.00000,1.00000,0.00000,0.00000,17.00000,0.00000,1.06548,0.18000,1.00000,1.00000
39.33333,0.00000,-21.69217,17.61239,-34.38964,0.00000,-0.37828,0.00000,0.05201,37.68506,0.00025,-0.00011,1.00679,0.00032,0.63249,0.00168,0.06389,0.58489,0.05359,1.05000,1.00000,0.14000,0.46551,0.04500,0.60372,0.00000,0.00000,0.00000,0.75037,-1.00000,0.00000,1.00000,0.00000,0.00000,17.00000,0.00000,1.06399,0.18000,1.00000,1.00000
39.36667,0.00000,-21.61312,17.82040,-34.64270,0.00000,-0.38418,0.00000,0.05250,37.83270,-0.00031,-0.00005,1.00494,0.00023,0.63017,0.00156,0.04651,0.57586,0.05262,1.05000,1.00000,0.14250,0.46401,0.04500,0.60705,0.00000,0.00000,0.00000,0.74864,-1.00000,0.00000,1.00000,0.00000,0.00000,17.00000,0.00000,1.06291,0.18000,1.00000,1.00000
39.40000,0.00000,-21.52496,18.02388,-34.88424,0.00000,-0.39008,0.00000,0.05323,37.99715,0.00006,0.00015,1.00360,0.00017,0.62824,0.00145,0.03386,0.56854,0.05190,1.05000,1.00000,0.14000,0.46292,0.04500,0.60973,0.00000,0.00000,0.00000,0.74691,-1.00000,0.00000,1.00000,0.00000,0.00000,17.00000,0.00000,1.06212,0.18000,1.00000,1.00000
39.43333,0.00000,-21.42963,18.22422,-35.11707,0.00000,-0.39598,0.00000,0.05383,38.17537,0.00019,-0.00013,1.00262,0.00012,0.62657,0.00138,0.02465,0.56246,0.05139,1.05000,1.00000,0.14000,0.46213,0.04500,0.61194,0.00000,0.00000,0.00000,0.74518,-1.00000,0.00000,1.00000,0.00000,0.00000,17.00000,0.00000,1.06154,0.18000,1.00000,1.00000
39.46667,0.00000,-21.32857,18.42245,-35.34326,0.00000,-0.40188,0.00000,0.05425,38.36515,-0.00017,0.00004,1.00191,0.00009,0.62510,0.00133,0.01794,0.55728,0.05101,1.05000,1.00000,0.14000,0.46155,0.04500,0.61381,0.00000,0.00000,0.00000,0.74345,-1.00000,0.00000,1.00000,0.00000,0.00000,17.00000,0.00000,1.06112,0.18000,1.00000,1.00000
39.50000,0.00000,-21.22284,18.61934,-35.56433,0.00000,-0.40778,0.00000,0.05465,38.56494,0.00007,0.00002,1.00139,0.00006,0.62377,0.00130,0.01306,0.55274,0.05073,1.05000,1.00000,0.14000,0.46113,0.04500,0.61543,0.00000,0.00000,0.00000,0.74172,-1.00000,0.00000,1.00000,0.00000,0.00000,17.00000,0.00000,1.06082,0.18000,1.00000,1.00000
39.53333,0.00000,-21.11318,18.81546,-35.78140,0.00000,-0.41368,0.00000,0.05515,38.77363,0.00003,-0.00005,1.00101,0.00005,0.62255,0.00127,0.00951,0.54867,0.05053,1.05000,1.00000,0.14000,0.46082,0.04500,0.61687,0.00000,0.00000,0.00000,0.73999,-1.00000,0.00000,1.00000,0.00000,0.00000,17.00000,0.00000,1.06059,0.18000,1.00000,1.00000
39.56667,0.00000,-21.00015,19.01120,-35.99527,0.00000,-0.41959,0.00000,0.05571,38.99046,-0.00006,0.00006,1.00074,0.00003,0.62140,0.00125,0.00692,0.54495,0.05039,1.05000,1.00000,0.14000,0.46060,0.04500,0.61817,0.00000,0.00000,0.00000,0.73825,-1.00000,0.00000,1.00000,0.00000,0.00000,17.00000,0.00000,1.06043,0.18000,1.00000,1.00000
39.60000,0.00000,-20.88417,19.20689,-36.20654,0.00000,-0.42549,0.00000,0.05626,39.21491,-0.00000,-0.00003,1.00054,0.00002,0.62031,0.00143,0.00504,0.54147,0.05028,1.05000,1.00000,0.20367,0.46043,0.04500,0.61937,0.00000,0.00000,0.00000,0.73652,-1.00000,0.00000,1.00000,0.00000,0.00000,17.00000,0.00000,1.06032,0.18000,1.00000,1.00000
39.63333,0.00000,-20.76552,19.40274,-36.41564,0.00000,-0.43139,0.00000,0.05677,39.44666,0.00013,-0.00002,1.00039,0.00002,0.61926,0.00126,0.00367,0.53817,0.05021,1.05000,1.00000,0.15238,0.46032,0.04500,0.62051,0.00000,0.00000,0.00000,0.73479,-1.00000,0.00000,1.00000,0.00000,0.00000,17.00000,0.00000,1.06023,0.18000,1.00000,1.00000
39.66667,0.00000,-20.64443,19.59893,-36.62287,0.00000,-0.43729,0.00000,0.05729,39.68552,-0.00017,0.00007,1.00028,0.00001,0.61824,0.00122,0.00267,0.53499,0.05015,1.05000,1.00000,0.14000,0.46023,0.04500,0.62159,0.00000,0.00000,0.00000,0.73306,-1.00000,0.00000,1.00000,0.00000,0.00000,17.00000,0.00000,1.06017,0.18000,1.00000,1.00000
39.70000,0.00000,-20.52380,19.79820,-36.83338,0.00000,-0.44319,0.00000,0.05783,39.92609,0.00008,-0.00007,1.00000,0.00000,0.61709,0.00127,0.00000,0.53127,0.05000,1.05000,1.00000,0.16361,0.46000,0.04500,0.62291,0.00000,0.00000,0.00000,0.73133,-1.00000,0.00000,1.00000,0.00000,0.00000,17.00000,0.00000,1.06000,0.18000,1.00000,1.00000
39.73333,0.00000,-20.39749,19.99467,-37.03617,0.00000,-0.44909,0.00000,0.05838,40.18041,0.00005,0.00004,1.00000,0.00000,0.61615,0.00120,0.00000,0.52844,0.05000,1.05000,1.00000,0.14000,0.46000,0.04500,0.62385,0.00000,0.00000,0.00000,0.72960,-1.00000,0.00000,1.00000,0.00000,0.00000,17.00000,0.00000,1.06000,0.18000,1.00000,1.00000
39.76667,0.00000,-20.26932,20.19193,-37.23793,0.00000,-0.45499,0.00000,0.05894,40.44142,-0.00010,0.00002,1.00000,0.00000,0.61520,0.00120,0.00000,0.52560,0.05000,1.05000,1.00000,0.14000,0.46000,0.04500,0.62480,0.00000,0.00000,0.00000,0.72787,-1.00000,0.00000,1.00000,0.00000,0.00000,17.00000,0.00000,1.06000,0.18000,1.00000,1.00000
39.80000,0.00000,-20.05763,20.30730,-37.28686,0.00000,-0.46090,0.00000,0.05973,40.87470,0.00007,-0.00011,1.00629,0.00029,0.61880,0.00164,0.05921,0.54212,0.05333,1.05000,1.00000,0.14000,0.46511,0.04500,0.61741,0.00000,0.00000,0.00000,0.72614,-1.00000,0.00000,1.00000,0.00000,0.00000,17.00000,0.00000,1.06370,0.18000,1.00000,1.00000
39.83333,0.00000,-19.94828,20.52795,-37.52711,0.00000,-0.46680,0.00000,0.05997,41.10551,0.00010,0.00011,1.00458,0.00021,0.61662,0.00152,0.04311,0.53395,0.05242,1.05000,1.00000,0.14000,0.46372,0.04500,0.62061,0.00000,0.00000,0.00000,0.72441,-1.00000,0.00000,1.00000,0.00000,0.00000,17.00000,0.00000,1.06269,0.18000,1.00000,1.00000
39.86667,0.00000,-19.83089,20.74364,-37.75546,0.00000,-0.47270,0.00000,0.06047,41.35544,-0.00015,-0.00005,1.00333,0.00016,0.61477,0.00144,0.03138,0.52725,0.05177,1.05000,1.00000,0.14000,0.46271,0.04500,0.62320,0.00000,0.00000,0.00000,0.72268,-1.00000,0.00000,1.00000,0.00000,0.00000,17.00000,0.00000,1.06196,0.18000,1.00000,1.00000
39.90000,0.00000,-19.70716,20.95585,-37.97477,0.00000,-0.47860,0.00000,0.06119,41.62154,0.00003,-0.00002,1.00243,0.00011,0.61317,0.00137,0.02285,0.52162,0.05129,1.05000,1.00000,0.14000,0.46197,0.04500,0.62534,0.00000,0.00000,0.00000,0.72094,-1.00000,0.00000,1.00000,0.00000,0.00000,17.00000,0.00000,1.06143,0.18000,1.00000,1.00000
39.93333,0.00000,-19.57834,21.16572,-38.18714,0.00000,-0.48450,0.00000,0.06189,41.90175,0.00009,0.00006,1.00177,0.00008,0.61175,0.00132,0.01663,0.51676,0.05094,1.05000,1.00000,0.14000,0.46143,0.04500,0.62716,0.00000,0.00000,0.00000,0.71921,-1.00000,0.00000,1.00000,0.00000,0.00000,17.00000,0.00000,1.06104,0.18000,1.00000,1.00000
39.96667,0.00000,-19.44534,21.37405,-38.39410,0.00000,-0.49040,0.00000,0.06246,42.19461,-0.00018,-0.00008,1.00129,0.00006,0.61046,0.00136,0.01211,0.51246,0.05068,1.05000,1.00000,0.16246,0.46104,0.04500,0.62875,0.00000,0.00000,0.00000,0.71748,-1.00000,0.00000,1.00000,0.00000,0.00000,17.00000,0.00000,1.06076,0.18000,1.00000,1.00000
40.00000,0.00000,-19.30882,21.58145,-38.59678,0.00000,-0.49630,0.00000,0.06300,42.49914,0.00011,0.00005,1.00094,0.00004,0.60926,0.00127,0.00881,0.50856,0.05050,1.05000,1.00000,0.14018,0.46076,0.04500,0.63016,0.00000,0.00000,0.00000,0.71575,-1.00000,0.00000,1.00000,0.00000,0.00000,17.00000,0.00000,1.06055,0.18000,1.00000,1.00000
40.03333,0.00000,-19.16926,21.78837,-38.79599,0.00000,-0.50220,0.00000,0.06359,42.81470,0.00003,0.00002,1.00068,0.00003,0.60813,0.00125,0.00642,0.50496,0.05036,1.05000,1.00000,0.14000,0.46055,0.04500,0.63144,0.00000,0.00000,0.00000,0.71402,-1.00000,0.00000,1.00000,0.00000,0.00000,17.00000,0.00000,1.06040,0.18000,1.00000,1.00000
40.06667,0.00000,-19.02703,21.99513,-38.99235,0.00000,-0.50811,0.00000,0.06423,43.14092,-0.00008,-0.00007,1.00050,0.00002,0.60706,0.00124,0.00467,0.50157,0.05026,1.05000,1.00000,0.14000,0.46040,0.04500,0.63263,0.00000,0.00000,0.00000,0.71229,-1.00000,0.00000,1.00000,0.00000,0.00000,17.00000,0.00000,1.06029,0.18000,1.00000,1.00000
40.10000,0.00000,-18.88236,22.20198,-39.18627,0.00000,-0.51401,0.00000,0.06487,43.47760,0.00001,0.00008,1.00036,0.00002,0.60602,0.00123,0.00340,0.49833,0.05019,1.05000,1.00000,0.14000,0.46029,0.04500,0.63376,0.00000,0.00000,0.00000,0.71056,-1.00000,0.00000,1.00000,0.00000,0.00000,17.00000,0.00000,1.06021,0.18000,1.00000,1.00000
40.13333,0.00000,-18.73547,22.40909,-39.37807,0.00000,-0.51991,0.00000,0.06550,43.82470,0.00009,-0.00003,1.00026,0.00001,0.60500,0.00122,0.00248,0.49521,0.05014,1.05000,1.00000,0.14000,0.46021,0.04500,0.63483,0.00000,0.00000,0.00000,0.70883,-1.00000,0.00000,1.00000,0.00000,0.00000,17.00000,0.00000,1.06015,0.18000,1.00000,1.00000
40.16667,0.00000,-18.58648,22.61658,-39.56797,0.00000,-0.52581,0.00000,0.06611,44.18227,-0.00012,-0.00001,1.00019,0.00001,0.60401,0.00121,0.00180,0.49216,0.05010,1.05000,1.00000,0.14000,0.46016,0.04500,0.63587,0.00000,0.00000,0.00000,0.70710,-1.00000,0.00000,1.00000,0.00000,0.00000,17.00000,0.00000,1.06011,0.18000,1.00000,1.00000
40.20000,0.00000,-18.43550,22.82456,-39.75614,0.00000,-0.53171,0.00000,0.06675,44.55048,0.00006,0.00005,1.00014,0.00001,0.60303,0.00121,0.00131,0.48918,0.05007,1.05000,1.00000,0.14000,0.46011,0.04500,0.63689,0.00000,0.00000,0.00000,0.70536,-1.00000,0.00000,1.00000,0.00000,0.00000,17.00000,0.00000,1.06008,0.18000,1.00000,1.00000
40.23333,0.00000,-18.28382,23.03460,-39.94531,0.00000,-0.53761,0.00000,0.06740,44.92659,0.00003,-0.00006,1.00000,0.00000,0.60198,0.00120,0.00000,0.48595,0.05000,1.05000,1.00000,0.14000,0.46000,0.04500,0.63802,0.00000,0.00000,0.00000,0.70363,-1.00000,0.00000,1.00000,0.00000,0.00000,17.00000,0.00000,1.06000,0.18000,1.00000,1.00000
40.26667,0.00000,-18.12875,23.24333,-40.12960,0.00000,-0.54351,0.00000,0.06804,45.31756,-0.00008,0.00003,1.00000,0.00000,0.60104,0.00120,0.00000,0.48311,0.05000,1.05000,1.00000,0.14000,0.46000,0.04500,0.63896,0.00000,0.00000,0.00000,0.70190,-1.00000,0.00000,1.00000,0.00000,0.00000,17.00000,0.00000,1.06000,0.18000,1.00000,1.00000
40.30000,0.00000,-17.97197,23.45280,-40.31259,0.00000,-0.54942,0.00000,0.06869,45.71977,0.00005,0.00002,1.00000,0.00000,0.60009,0.00163,0.00000,0.48028,0.05000,1.05000,1.00000,0.28477,0.46000,0.04500,0.63991,0.00000,0.00000,0.00000,0.70017,-1.00000,0.00000,1.00000,0.00000,0.00000,17.00000,0.00000,1.06000,0.18000,1.00000,1.00000
40.33333,0.00000,-17.26567,22.57831,-39.35460,0.00000,-0.54220,0.00000,-0.00373,44.92370,0.00056,-0.00080,1.02939,0.00404,0.62690,0.00328,0.27648,0.57791,0.07057,1.00000,1.00000,0.14000,0.49254,0.02800,0.59779,0.00000,0.00000,0.00000,1.02000,-1.00000,0.00000,1.00000,0.00000,0.00000,17.00000,0.00000,1.07728,0.18000,1.00000,1.00000
40.36667,0.00000,-16.95876,22.18793,-39.29880,0.00000,-0.53355,0.00000,-0.00623,43.00187,-0.00087,0.00072,1.02143,0.00294,0.62798,0.00272,0.20128,0.57069,0.07123,1.00000,1.00000,0.14000,0.49553,0.02800,0.60588,0.00000,0.00000,0.00000,1.02000,-1.00000,0.00000,1.00000,0.00000,0.00000,17.00000,0.00000,1.07258,0.18000,1.00000,1.00000
40.40000,0.00000,-16.62762,21.76823,-39.18056,0.00000,-0.52489,0.00000,-0.00408,41.32515,0.00018,-0.00030,1.01567,0.00214,0.63052,0.00266,0.14653,0.56881,0.07260,1.00000,1.00000,0.17848,0.50021,0.02800,0.61095,0.00000,0.00000,0.00000,1.02000,-1.00000,0.00000,1.00000,0.00000,0.00000,17.00000,0.00000,1.06916,0.18000,1.00000,1.00000
40.43333,0.00000,-16.27965,21.32878,-39.01452,0.00000,-0.51623,0.00000,-0.00137,39.84768,0.00066,-0.00012,1.01152,0.00156,0.63413,0.00204,0.10667,0.57094,0.07457,1.00000,1.00000,0.14000,0.50615,0.02800,0.61385,0.00000,0.00000,0.00000,1.02000,-1.00000,0.00000,1.00000,0.00000,0.00000,17.00000,0.00000,1.06667,0.18000,1.00000,1.00000
40.46667,0.00000,-15.92030,20.87655,-38.81159,0.00000,-0.50758,0.00000,-0.00085,38.53484,-0.00083,0.00035,1.00855,0.00114,0.63853,0.00184,0.07766,0.57608,0.07701,1.00000,1.00000,0.14000,0.51305,0.02800,0.61518,0.00000,0.00000,0.00000,1.02000,-1.00000,0.00000,1.00000,0.00000,0.00000,17.00000,0.00000,1.06485,0.18000,1.00000,1.00000
40.50000,0.00000,-15.55355,20.41663,-38.57984,0.00000,-0.49892,0.00000,-0.00167,37.36011,0.00050,-0.00038,1.00644,0.00083,0.64352,0.00175,0.05653,0.58349,0.07985,1.00000,1.00000,0.14502,0.52068,0.02800,0.61536,0.00000,0.00000,0.00000,1.02000,-1.00000,0.00000,1.00000,0.00000,0.00000,17.00000,0.00000,1.06353,0.18000,1.00000,1.00000
40.53333,0.00000,-15.18233,19.95271,-38.32522,0.00000,-0.49027,0.00000,-0.00197,36.30285,0.00006,0.00020,1.00496,0.00060,0.64893,0.00163,0.04116,0.59260,0.08300,1.00000,1.00000,0.14000,0.52888,0.02800,0.61471,0.00000,0.00000,0.00000,1.02000,-1.00000,0.00000,1.00000,0.00000,0.00000,17.00000,0.00000,1.06257,0.18000,1.00000,1.00000
40.56667,0.00000,-14.80874,19.48744,-38.05209,0.00000,-0.48161,0.00000,-0.00130,35.34677,-0.00025,0.00005,1.00396,0.00044,0.65467,0.00158,0.02996,0.60299,0.08639,1.00000,1.00000,0.14000,0.53752,0.02800,0.61346,0.00000,0.00000,0.00000,1.02000,-1.00000,0.00000,1.00000,0.00000,0.00000,17.00000,0.00000,1.06187,0.18000,1.00000,1.00000
40.60000,0.00000,-14.43434,19.02274,-37.76365,0.00000,-0.47296,0.00000,-0.00044,34.47884,0.00006,-0.00019,1.00330,0.00032,0.66063,0.00156,0.02181,0.61433,0.08998,1.00000,1.00000,0.14000,0.54650,0.02800,0.61177,0.00000,0.00000,0.00000,1.02000,-1.00000,0.00000,1.00000,0.00000,0.00000,17.00000,0.00000,1.06136,0.18000,1.00000,1.00000
40.63333,0.00000,-14.06028,18.55997,-37.46223,0.00000,-0.46430,0.00000,0.00000,33.68847,0.00023,0.00021,1.00290,0.00023,0.66676,0.00156,0.01588,0.62639,0.09371,1.00000,1.00000,0.14000,0.55575,0.02800,0.60977,0.00000,0.00000,0.00000,1.02000,-1.00000,0.00000,1.00000,0.00000,0.00000,17.00000,0.00000,1.06099,0.18000,1.00000,1.00000
40.66667,0.00000,-13.68739,18.10014,-37.14955,0.00000,-0.45565,0.00000,0.00015,32.96699,-0.00046,-0.00015,1.00270,0.00017,0.67302,0.00232,0.01619,0.63898,0.09757,1.00000,1.00000,0.22427,0.56522,0.02800,0.60754,0.00000,0.00000,0.00000,1.02000,-1.00000,0.00000,1.00000,0.00000,0.00000,17.00000,0.00000,1.06072,0.18000,1.00000,1.00000
40.70000,0.00000,-13.31632,17.64396,-36.82689,0.00000,-0.44699,0.00000,0.00037,32.30717,0.00028,-0.00005,1.00265,0.00012,0.67938,0.00169,0.01929,0.65197,0.10152,1.00000,1.00000,0.14824,0.57488,0.02800,0.60514,0.00000,0.00000,0.00000,1.02000,-1.00000,0.00000,1.00000,0.00000,0.00000,17.00000,0.00000,1.06053,0.18000,1.00000,1.00000
40.73333,0.00000,-12.94755,17.19195,-36.49516,0.00000,-0.43833,0.00000,0.00078,31.70297,0.00017,0.00024,1.00271,0.00009,0.68580,0.00166,0.02267,0.66526,0.10554,1.00000,1.00000,0.14000,0.58469,0.02800,0.60262,0.00000,0.00000,0.00000,1.02000,-1.00000,0.00000,1.00000,0.00000,0.00000,17.00000,0.00000,1.06038,0.18000,1.00000,1.00000
40.76667,0.00000,-12.58531,16.74962,-36.16616,0.00000,-0.42968,0.00000,0.00122,31.13975,-0.00040,-0.00028,1.00239,0.00000,0.69188,0.00168,0.02632,0.67689,0.10907,1.00000,1.00000,0.14034,0.59414,0.02800,0.60062,0.00000,0.00000,0.00000,1.02000,-1.00000,0.00000,1.00000,0.00000,0.00000,17.00000,0.00000,1.06000,0.18000,1.00000,1.00000
40.80000,0.00000,-12.22104,16.30548,-35.81514,0.00000,-0.42102,0.00000,0.00158,30.63487,0.00025,0.00016,1.00275,0.00000,0.69849,0.00175,0.03025,0.69105,0.11332,1.00000,1.00000,0.14000,0.60433,0.02800,0.59779,0.00000,0.00000,0.00000,1.02000,-1.00000,0.00000,1.00000,0.00000,0.00000,17.00000,0.00000,1.06000,0.18000,1.00000,1.00000
40.83333,0.00000,-11.69030,15.63938,-34.94931,0.00000,-0.41237,0.00000,0.00286,30.60913,0.00022,0.00011,1.02560,0.00309,0.72374,0.00341,0.21152,0.79844,0.14554,1.00000,1.00000,0.14000,0.63897,0.02800,0.56664,0.00000,0.00000,0.00000,1.02000,-1.00000,0.00000,1.00000,0.00000,0.00000,17.00000,0.00000,1.07322,0.18000,1.00000,1.00000
40.86667,0.00000,-11.38269,15.27194,-34.72580,0.00000,-0.40371,0.00000,0.00023,30.06091,-0.00051,-0.00042,1.01990,0.00225,0.72541,0.00306,0.15398,0.78861,0.14292,1.00000,1.00000,0.14000,0.64298,0.02800,0.57161,0.00000,0.00000,0.00000,1.02000,-1.00000,0.00000,1.00000,0.00000,0.00000,17.00000,0.00000,1.06962,0.18000,1.00000,1.00000
40.90000,0.00000,-11.06454,14.89119,-34.45731,0.00000,-0.39506,0.00000,0.00114,29.58371,0.00013,0.00041,1.01588,0.00164,0.72839,0.00283,0.11210,0.78494,0.14196,1.00000,1.00000,0.14000,0.64870,0.02800,0.57443,0.00000,0.00000,0.00000,1.02000,-1.00000,0.00000,1.00000,0.00000,0.00000,17.00000,0.00000,1.06701,0.18000,1.00000,1.00000
40.93333,0.00000,-10.74002,14.50246,-34.15430,0.00000,-0.38640,0.00000,0.00333,29.16514,0.00037,-0.00021,1.01309,0.00119,0.73232,0.00270,0.08161,0.78584,0.14228,1.00000,1.00000,0.14000,0.65571,0.02800,0.57569,0.00000,0.00000,0.00000,1.02000,-1.00000,0.00000,1.00000,0.00000,0.00000,17.00000,0.00000,1.06510,0.18000,1.00000,1.00000
40.96667,0.00000,-10.41214,14.10964,-33.82453,0.00000,-0.37775,0.00000,0.00424,28.79599,-0.00056,-0.00004,1.01122,0.00087,0.73697,0.00263,0.05941,0.79016,0.14355,1.00000,1.00000,0.14000,0.66369,0.02800,0.57582,0.00000,0.00000,0.00000,1.02000,-1.00000,0.00000,1.00000,0.00000,0.00000,17.00000,0.00000,1.06371,0.18000,1.00000,1.00000
41.00000,0.00000,-10.08310,13.71553,-33.47367,0.00000,-0.36909,0.00000,0.00386,28.46935,0.00046,0.00029,1.01001,0.00063,0.74214,0.00352,0.05951,0.79701,0.14556,1.00000,1.00000,0.24413,0.67242,0.02800,0.57514,0.00000,0.00000,0.00000,1.02000,-1.00000,0.00000,1.00000,0.00000,0.00000,17.00000,0.00000,1.06270,0.18000,1.00000,1.00000
41.03333,0.00000,-9.75452,13.32213,-33.10590,0.00000,-0.36043,0.00000,0.00351,28.17998,0.00004,-0.00061,1.00929,0.00046,0.74769,0.00262,0.06534,0.80575,0.14813,1.00000,1.00000,0.14000,0.68171,0.02800,0.57387,0.00000,0.00000,0.00000,1.02000,-1.00000,0.00000,1.00000,0.00000,0.00000,17.00000,0.00000,1.06197,0.18000,1.00000,1.00000
41.06667,0.00000,-9.42754,12.93090,-32.72428,0.00000,-0.35178,0.00000,0.00385,27.92388,-0.00055,0.00040,1.00893,0.00034,0.75352,0.00267,0.07144,0.81588,0.15111,1.00000,1.00000,0.14000,0.69145,0.02800,0.57216,0.00000,0.00000,0.00000,1.02000,-1.00000,0.00000,1.00000,0.00000,0.00000,17.00000,0.00000,1.06143,0.18000,1.00000,1.00000
41.10000,0.00000,-9.10303,12.54286,-32.33104,0.00000,-0.34312,0.00000,0.00450,27.69795,0.00024,0.00007,1.00885,0.00024,0.75956,0.00280,0.07781,0.82706,0.15440,1.00000,1.00000,0.14710,0.70152,0.02800,0.57015,0.00000,0.00000,0.00000,1.02000,-1.00000,0.00000,1.00000,0.00000,0.00000,17.00000,0.00000,1.06104,0.18000,1.00000,1.00000
41.13333,0.00000,-8.78163,12.15877,-31.92781,0.00000,-0.33447,0.00000,0.00491,27.49979,0.00045,-0.00045,1.00897,0.00018,0.76575,0.00283,0.08446,0.83901,0.15794,1.00000,1.00000,0.14000,0.71187,0.02800,0.56791,0.00000,0.00000,0.00000,1.02000,-1.00000,0.00000,1.00000,0.00000,0.00000,17.00000,0.00000,1.06076,0.18000,1.00000,1.00000
41.16667,0.00000,-8.46380,11.77915,-31.51582,0.00000,-0.32581,0.00000,0.00503,27.32750,-0.00079,0.00056,1.00925,0.00013,0.77205,0.00293,0.09138,0.85153,0.16165,1.00000,1.00000,0.14000,0.72244,0.02800,0.56550,0.00000,0.00000,0.00000,1.02000,-1.00000,0.00000,1.00000,0.00000,0.00000,17.00000,0.00000,1.06055,0.18000,1.00000,1.00000
41.20000,0.00000,-8.14991,11.40440,-31.09596,0.00000,-0.31716,0.00000,0.00512,27.17961,0.00042,-0.00034,1.00965,0.00009,0.77843,0.00305,0.09857,0.86448,0.16549,1.00000,1.00000,0.14081,0.73320,0.02800,0.56298,0.00000,0.00000,0.00000,1.02000,-1.00000,0.00000,1.00000,0.00000,0.00000,17.00000,0.00000,1.06040,0.18000,1.00000,1.00000
41.23333,0.00000,-7.84024,11.03479,-30.66889,0.00000,-0.30850,0.00000,0.00533,27.05493,0.00026,-0.00004,1.01014,0.00007,0.78488,0.00316,0.10604,0.87774,0.16944,1.00000,1.00000,0.14000,0.74411,0.02800,0.56037,0.00000,0.00000,0.00000,1.02000,-1.00000,0.00000,1.00000,0.00000,0.00000,17.00000,0.00000,1.06029,0.18000,1.00000,1.00000
41.26667,0.00000,-7.53501,10.67054,-30.23514,0.00000,-0.29985,0.00000,0.00560,26.95254,-0.00068,0.00037,1.01071,0.00005,0.79136,0.00329,0.11378,0.89124,0.17347,1.00000,1.00000,0.14000,0.75515,0.02800,0.55770,0.00000,0.00000,0.00000,1.02000,-1.00000,0.00000,1.00000,0.00000,0.00000,17.00000,0.00000,1.06021,0.18000,1.00000,1.00000
41.30000,0.00000,-7.23564,10.31354,-29.80017,0.00000,-0.29119,0.00000,0.00578,26.86715,0.00048,-0.00048,1.01107,0.00000,0.79764,0.00343,0.12179,0.90351,0.17705,1.00000,1.00000,0.14169,0.76595,0.02800,0.55530,0.00000,0.00000,0.00000,1.02000,-1.00000,0.00000,1.00000,0.00000,0.00000,17.00000,0.00000,1.06000,0.18000,1.00000,1.00000
41.33333,0.00000,-6.93943,9.95988,-29.35267,0.00000,-0.28253,0.00000,0.00594,26.80861,0.00006,0.00032,1.01182,0.00000,0.80425,0.00356,0.13007,0.91767,0.18130,1.00000,1.00000,0.14000,0.77730,0.02800,0.55247,0.00000,0.00000,0.00000,1.02000,-1.00000,0.00000,1.00000,0.00000,0.00000,17.00000,0.00000,1.06000,0.18000,1.00000,1.00000
41.36667,0.00000,-6.46410,9.34585,-28.09940,0.00000,-0.27388,0.00000,0.00221,27.52925,-0.00174,0.00010,1.05663,0.00606,0.85285,0.00683,0.41434,1.17314,0.27204,1.00000,1.00000,0.14000,0.85001,0.02800,0.49839,0.00000,0.00000,0.00000,1.02000,-1.00000,0.00000,1.00000,0.00000,0.00000,17.00000,0.00000,1.08590,0.18000,1.00000,1.00000
41.40000,0.00000,-6.23289,9.08181,-27.86392,0.00000,-0.26522,0.00000,0.00148,27.30421,0.00042,-0.00099,1.04545,0.00441,0.84829,0.00614,0.30164,1.12434,0.25421,1.00000,1.00000,0.14000,0.84550,0.02800,0.50969,0.00000,0.00000,0.00000,1.02000,-1.00000,0.00000,1.00000,0.00000,0.00000,17.00000,0.00000,1.07885,0.18000,1.00000,1.00000
41.43333,0.00000,-5.99079,8.80124,-27.56240,0.00000,-0.25657,0.00000,0.00607,27.15585,0.00061,0.00069,1.03756,0.00321,0.84670,0.00569,0.21959,1.09194,0.24199,1.00000,1.00000,0.14000,0.84524,0.02800,0.51709,0.00000,0.00000,0.00000,1.02000,-1.00000,0.00000,1.00000,0.00000,0.00000,17.00000,0.00000,1.07372,0.18000,1.00000,1.00000
41.46667,0.00000,-5.74247,8.51047,-27.21112,0.00000,-0.24791,0.00000,0.00877,27.06859,-0.00089,-0.00038,1.03207,0.00234,0.84728,0.00542,0.16592,1.07167,0.23396,1.00000,1.00000,0.14000,0.84814,0.02800,0.52167,0.00000,0.00000,0.00000,1.02000,-1.00000,0.00000,1.00000,0.00000,0.00000,17.00000,0.00000,1.06999,0.18000,1.00000,1.00000
41.50000,0.00000,-5.49132,8.21411,-26.82227,0.00000,-0.23926,0.00000,0.00771,27.03122,0.00054,-0.00000,1.02833,0.00170,0.84948,0.00526,0.17557,1.06039,0.22907,1.00000,1.00000,0.14000,0.85341,0.02800,0.52421,0.00000,0.00000,0.00000,1.02000,-1.00000,0.00000,1.00000,0.00000,0.00000,17.00000,0.00000,1.06727,0.18000,1.00000,1.00000
41.53333,0.00000,-5.23983,7.91552,-26.40488,0.00000,-0.23060,0.00000,0.00583,27.03574,0.00001,0.00042,1.02586,0.00124,0.85284,0.00651,0.18548,1.05574,0.22651,1.00000,1.00000,0.28830,0.86043,0.02800,0.52526,0.00000,0.00000,0.00000,1.02000,-1.00000,0.00000,1.00000,0.00000,0.00000,17.00000,0.00000,1.06530,0.18000,1.00000,1.00000
41.56667,0.00000,-4.98977,7.61709,-25.96559,0.00000,-0.22195,0.00000,0.00551,27.07653,-0.00063,-0.00078,1.02434,0.00090,0.85707,0.00522,0.19567,1.05601,0.22569,1.00000,1.00000,0.14000,0.86877,0.02800,0.52525,0.00000,0.00000,0.00000,1.02000,-1.00000,0.00000,1.00000,0.00000,0.00000,17.00000,0.00000,1.06385,0.18000,1.00000,1.00000
41.60000,0.00000,-4.74242,7.32056,-25.50926,0.00000,-0.21329,0.00000,0.00637,27.14966,0.00038,0.00053,1.02351,0.00066,0.86193,0.00528,0.20613,1.05991,0.22617,1.00000,1.00000,0.14000,0.87811,0.02800,0.52445,0.00000,0.00000,0.00000,1.02000,-1.00000,0.00000,1.00000,0.00000,0.00000,17.00000,0.00000,1.06281,0.18000,1.00000,1.00000
41.63333,0.00000,-4.49871,7.02716,-25.03944,0.00000,-0.20463,0.00000,0.00693,27.25248,0.00034,-0.00002,1.02319,0.00048,0.86726,0.00540,0.21687,1.06650,0.22762,1.00000,1.00000,0.14078,0.88820,0.02800,0.52310,0.00000,0.00000,0.00000,1.02000,-1.00000,0.00000,1.00000,0.00000,0.00000,17.00000,0.00000,1.06204,0.18000,1.00000,1.00000
41.66667,0.00000,-4.25932,6.73775,-24.55874,0.00000,-0.19598,0.00000,0.00672,27.38331,-0.00072,-0.00043,1.02324,0.00035,0.87293,0.00552,0.22787,1.07506,0.22978,1.00000,1.00000,0.14000,0.89887,0.02800,0.52133,0.00000,0.00000,0.00000,1.02000,-1.00000,0.00000,1.00000,0.00000,0.00000,17.00000,0.00000,1.06149,0.18000,1.00000,1.00000
41.70000,0.00000,-4.02473,6.45297,-24.06905,0.00000,-0.18732,0.00000,0.00626,27.54121,0.00041,0.00060,1.02358,0.00025,0.87885,0.00568,0.23915,1.08509,0.23249,1.00000,1.00000,0.14000,0.90998,0.02800,0.51927,0.00000,0.00000,0.00000,1.02000,-1.00000,0.00000,1.00000,0.00000,0.00000,17.00000,0.00000,1.06108,0.18000,1.00000,1.00000
41.73333,0.00000,-3.79530,6.17326,-23.57177,0.00000,-0.17867,0.00000,0.00608,27.72578,0.00030,-0.00046,1.02413,0.00018,0.88496,0.00590,0.25070,1.09621,0.23559,1.00000,1.00000,0.14559,0.92144,0.02800,0.51700,0.00000,0.00000,0.00000,1.02000,-1.00000,0.00000,1.00000,0.00000,0.00000,17.00000,0.00000,1.06079,0.18000,1.00000,1.00000
41.76667,0.00000,-3.57131,5.89893,-23.06792,0.00000,-0.17001,0.00000,0.00613,27.93709,-0.00086,0.00005,1.02484,0.00013,0.89119,0.00604,0.26253,1.10812,0.23898,1.00000,1.00000,0.14000,0.93318,0.02800,0.51458,0.00000,0.00000,0.00000,1.02000,-1.00000,0.00000,1.00000,0.00000,0.00000,17.00000,0.00000,1.06057,0.18000,1.00000,1.00000
41.80000,0.00000,-3.35296,5.63023,-22.55829,0.00000,-0.16136,0.00000,0.00614,28.17559,0.00068,0.00042,1.02568,0.00010,0.89753,0.00624,0.27462,1.12062,0.24260,1.00000,1.00000,0.14000,0.94513,0.02800,0.51204,0.00000,0.00000,0.00000,1.02000,-1.00000,0.00000,1.00000,0.00000,0.00000,17.00000,0.00000,1.06042,0.18000,1.00000,1.00000
41.83333,0.00000,-3.14146,5.36909,-22.05082,0.00000,-0.15270,0.00000,0.00591,28.43262,-0.00003,-0.00062,1.02609,0.00000,0.90339,0.00642,0.28699,1.13013,0.24504,1.00000,1.00000,0.14000,0.95640,0.02800,0.50997,0.00000,0.00000,0.00000,1.02000,-1.00000,0.00000,1.00000,0.00000,0.00000,17.00000,0.00000,1.06000,0.18000,1.00000,1.00000
41.86667,0.00000,-2.93451,5.11151,-21.52909,0.00000,-0.14405,0.00000,0.00574,28.73061,-0.00039,0.00046,1.02724,0.00000,0.91000,0.00665,0.29963,1.14429,0.24929,1.00000,1.00000,0.14000,0.96892,0.02800,0.50714,0.00000,0.00000,0.00000,1.02000,-1.00000,0.00000,1.00000,0.00000,0.00000,17.00000,0.00000,1.06000,0.18000,1.00000,1.00000
41.90000,0.00000,-2.65489,4.71997,-20.39802,0.00000,-0.13539,0.00000,-0.00144,29.91246,0.00091,-0.00032,1.07429,0.00632,0.96608,0.01020,0.43180,1.47109,0.37670,1.00000,1.00000,0.14897,1.06098,0.02800,0.45531,0.00000,0.00000,0.00000,1.02000,-1.00000,0.00000,1.00000,0.00000,0.00000,17.00000,0.00000,1.08699,0.18000,1.00000,1.00000
41.93333,0.00000,-2.48539,4.51722,-20.04121,0.00000,-0.12673,0.00000,0.00331,30.04677,0.00113,-0.00099,1.06301,0.00460,0.95950,0.00948,0.32573,1.40300,0.34895,1.00000,1.00000,0.14000,1.05278,0.02800,0.46601,0.00000,0.00000,0.00000,1.02000,-1.00000,0.00000,1.00000,0.00000,0.00000,17.00000,0.00000,1.07965,0.18000,1.00000,1.00000
41.96667,0.00000,-2.31435,4.30800,-19.63263,0.00000,-0.11808,0.00000,0.00786,30.27429,-0.00134,0.00095,1.05515,0.00335,0.95643,0.00908,0.33919,1.35652,0.32949,1.00000,1.00000,0.14000,1.05013,0.02800,0.47297,0.00000,0.00000,0.00000,1.02000,-1.00000,0.00000,1.00000,0.00000,0.00000,17.00000,0.00000,1.07430,0.18000,1.00000,1.00000
42.00000,0.00000,-2.14418,4.09600,-19.18547,0.00000,-0.10942,0.00000,0.00731,30.58144,0.00073,-0.00055,1.04978,0.00244,0.95594,0.00887,0.35292,1.32599,0.31619,1.00000,1.00000,0.14000,1.05159,0.02800,0.47723,0.00000,0.00000,0.00000,1.02000,-1.00000,0.00000,1.00000,0.00000,0.00000,17.00000,0.00000,1.07041,0.18000,1.00000,1.00000
42.03333,0.00000,-1.97659,3.88389,-18.70953,0.00000,-0.10077,0.00000,0.00438,30.95918,-0.00001,0.00009,1.04624,0.00177,0.95735,0.00878,0.36693,1.30721,0.30744,1.00000,1.00000,0.14000,1.05610,0.02800,0.47953,0.00000,0.00000,0.00000,1.02000,-1.00000,0.00000,1.00000,0.00000,0.00000,17.00000,0.00000,1.06758,0.18000,1.00000,1.00000
42.06667,0.00000,-1.81283,3.67357,-18.21204,0.00000,-0.09211,0.00000,0.00299,31.40197,-0.00057,0.00042,1.04404,0.00129,0.96014,0.01040,0.38120,1.29711,0.30207,1.00000,1.00000,0.32338,1.06289,0.02800,0.48041,0.00000,0.00000,0.00000,1.02000,-1.00000,0.00000,1.00000,0.00000,0.00000,17.00000,0.00000,1.06552,0.18000,1.00000,1.00000
42.10000,0.00000,-1.65375,3.46639,-17.69828,0.00000,-0.08346,0.00000,0.00359,31.90696,0.00054,-0.00087,1.04281,0.00094,0.96395,0.00888,0.39575,1.29339,0.29921,1.00000,1.00000,0.14000,1.07137,0.02800,0.48027,0.00000,0.00000,0.00000,1.02000,-1.00000,0.00000,1.00000,0.00000,0.00000,17.00000,0.00000,1.06402,0.18000,1.00000,1.00000
42.13333,0.00000,-1.49996,3.26330,-17.17209,0.00000,-0.07480,0.00000,0.00432,32.47340,0.00023,0.00066,1.04230,0.00068,0.96851,0.00902,0.41057,1.29438,0.29819,1.00000,1.00000,0.14000,1.08112,0.02800,0.47938,0.00000,0.00000,0.00000,1.02000,-1.00000,0.00000,1.00000,0.00000,0.00000,17.00000,0.00000,1.06292,0.18000,1.00000,1.00000
42.16667,0.00000,-1.35192,3.06499,-16.63628,0.00000,-0.06615,0.00000,0.00404,33.10235,-0.00068,-0.00015,1.04232,0.00050,0.97362,0.00919,0.42566,1.29884,0.29855,1.00000,1.00000,0.14000,1.09182,0.02800,0.47796,0.00000,0.00000,0.00000,1.02000,-1.00000,0.00000,1.00000,0.00000,0.00000,17.00000,0.00000,1.06213,0.18000,1.00000,1.00000
42.20000,0.00000,-1.20992,2.87192,-16.09287,0.00000,-0.05749,0.00000,0.00320,33.79635,0.00043,-0.00039,1.04273,0.00036,0.97912,0.00940,0.44103,1.29184,0.29992,1.00000,1.00000,0.14000,1.10325,0.02800,0.47614,0.00000,0.00000,0.00000,1.02000,-1.00000,0.00000,1.00000,0.00000,0.00000,17.00000,0.00000,1.06155,0.18000,1.00000,1.00000
42.23333,0.00000,-1.07419,2.68444,-15.54337,0.00000,-0.04883,0.00000,0.00261,34.55939,0.00030,0.00067,1.04343,0.00026,0.98493,0.00966,0.45667,1.27505,0.30204,1.00000,1.00000,0.14211,1.11523,0.02800,0.47405,0.00000,0.00000,0.00000,1.02000,-1.00000,0.00000,1.00000,0.00000,0.00000,17.00000,0.00000,1.06113,0.18000,1.00000,1.00000
42.26667,0.00000,-0.94490,2.50276,-14.98886,0.00000,-0.04018,0.00000,0.00242,35.39677,-0.00078,-0.00055,1.04436,0.00019,0.99094,0.00989,0.47258,1.25869,0.30472,1.00000,1.00000,0.14000,1.12764,0.02800,0.47175,0.00000,0.00000,0.00000,1.02000,-1.00000,0.00000,1.00000,0.00000,0.00000,17.00000,0.00000,1.06082,0.18000,1.00000,1.00000
42.30000,0.00000,-0.82217,2.32707,-14.43016,0.00000,-0.03152,0.00000,0.00229,36.31522,0.00067,0.00016,1.04545,0.00014,0.99712,0.01016,0.48876,1.24233,0.30780,1.00000,1.00000,0.14000,1.14037,0.02800,0.46930,0.00000,0.00000,0.00000,1.02000,-1.00000,0.00000,1.00000,0.00000,0.00000,17.00000,0.00000,1.06060,0.18000,1.00000,1.00000
42.33333,0.00000,-0.70609,2.15748,-13.86788,0.00000,-0.02287,0.00000,0.00197,37.32297,-0.00010,0.00032,1.04667,0.00010,1.00341,0.01044,0.50521,1.22563,0.31119,1.00000,1.00000,0.14000,1.15338,0.02800,0.46675,0.00000,0.00000,0.00000,1.02000,-1.00000,0.00000,1.00000,0.00000,0.00000,17.00000,0.00000,1.06044,0.18000,1.00000,1.00000
42.36667,0.00000,-0.59694,1.99476,-13.30712,0.00000,-0.01421,0.00000,0.00150,38.41687,-0.00033,-0.00058,1.04745,0.00000,1.00915,0.01069,0.52194,1.20476,0.31302,1.00000,1.00000,0.14000,1.16549,0.02800,0.46465,0.00000,0.00000,0.00000,1.02000,-1.00000,0.00000,1.00000,0.00000,0.00000,17.00000,0.00000,1.06000,0.18000,1.00000,1.00000
42.40000,0.00000,-0.49429,1.83736,-12.73755,0.00000,-0.00556,0.00000,0.00114,39.63820,0.00021,0.00051,1.04899,0.00000,1.01576,0.01100,0.53894,1.18771,0.31727,1.00000,1.00000,0.14000,1.17917,0.02800,0.46182,0.00000,0.00000,0.00000,1.02000,-1.00000,0.00000,1.00000,0.00000,0.00000,17.00000,0.00000,1.06000,0.18000,1.00000,1.00000
42.43333,0.00000,5.77618,1.21622,-9.96386,0.00000,0.24000,0.00000,-0.05772,43.59963,0.00297,-0.00162,1.05485,0.83718,1.06453,0.00540,0.51621,1.29704,0.39519,1.00000,1.00000,0.16449,0.68001,0.02800,0.39773,0.00000,0.00000,0.00000,1.02000,-1.00000,0.00000,1.00000,0.00000,0.00000,17.00000,0.00000,1.09226,0.18000,1.00000,1.00000
42.46667,0.00000,5.86853,1.24134,-10.00879,0.00000,0.24000,0.00000,-0.04511,43.28307,-0.00586,-0.00221,1.03993,0.56621,1.04698,0.00402,0.37580,1.21600,0.35569,1.00000,1.00000,0.14000,0.66369,0.02800,0.41195,0.00000,0.00000,0.00000,1.02000,-1.00000,0.00000,1.00000,0.00000,0.00000,17.00000,0.00000,1.08349,0.18000,1.00000,1.00000
42.50000,0.00000,5.94691,1.26362,-10.02851,0.00000,0.24000,0.00000,-0.04315,43.07266,0.00381,0.00370,1.02907,0.38297,1.03420,0.00325,0.27358,1.15629,0.32694,1.00000,1.00000,0.14000,0.65180,0.02800,0.42230,0.00000,0.00000,0.00000,1.02000,-1.00000,0.00000,1.00000,0.00000,0.00000,17.00000,0.00000,1.07710,0.18000,1.00000,1.00000
42.53333,0.00000,6.01467,1.28371,-10.02942,0.00000,0.24000,0.00000,-0.04949,42.93982,-0.00006,-0.00281,1.02116,0.25906,1.02490,0.00269,0.19917,1.11231,0.30602,1.00000,1.00000,0.14000,0.64315,0.02800,0.42983,0.00000,0.00000,0.00000,1.02000,-1.00000,0.00000,1.00000,0.00000,0.00000,17.00000,0.00000,1.07245,0.18000,1.00000,1.00000
42.56667,0.00000,6.07438,1.30216,-10.01637,0.00000,0.24000,0.00000,-0.05417,42.86368,-0.00198,0.00087,1.01541,0.17525,1.01812,0.00229,0.14499,1.07990,0.29078,1.00000,1.00000,0.14000,0.63686,0.02800,0.43532,0.00000,0.00000,0.00000,1.02000,-1.00000,0.00000,1.00000,0.00000,0.00000,17.00000,0.00000,1.06906,0.18000,1.00000,1.00000
42.60000,0.00000,6.12800,1.31935,-9.99303,0.00000,0.24000,0.00000,-0.05366,42.82899,0.00140,0.00083,1.01122,0.11857,1.01319,0.00383,0.10555,1.05598,0.27969,1.00000,1.00000,0.27640,0.63227,0.02800,0.43931,0.00000,0.00000,0.00000,1.02000,-1.00000,0.00000,1.00000,0.00000,0.00000,17.00000,0.00000,1.06660,0.18000,1.00000,1.00000
42.63333,0.00000,6.17703,1.33558,-9.96212,0.00000,0.24000,0.00000,-0.05152,42.82461,0.00014,-0.00132,1.00816,0.08023,1.00961,0.00178,0.07684,1.03827,0.27161,1.00000,1.00000,0.14000,0.62893,0.02800,0.44222,0.00000,0.00000,0.00000,1.02000,-1.00000,0.00000,1.00000,0.00000,0.00000,17.00000,0.00000,1.06480,0.18000,1.00000,1.00000
42.66667,0.00000,6.22255,1.35110,-9.92563,0.00000,0.24000,0.00000,-0.05133,42.84241,-0.00086,0.00108,1.00594,0.05429,1.00699,0.00162,0.05594,1.02508,0.26573,1.00000,1.00000,0.14000,0.62650,0.02800,0.44434,0.00000,0.00000,0.00000,1.02000,-1.00000,0.00000,1.00000,0.00000,0.00000,17.00000,0.00000,1.06350,0.18000,1.00000,1.00000
42.70000,0.00000,6.26541,1.36607,-9.88506,0.00000,0.24000,0.00000,-0.05295,42.87648,0.00051,-0.00038,1.00433,0.03675,1.00509,0.00151,0.04072,1.01521,0.26145,1.00000,1.00000,0.14000,0.62473,0.02800,0.44588,0.00000,0.00000,0.00000,1.02000,-1.00000,0.00000,1.00000,0.00000,0.00000,17.00000,0.00000,1.06255,0.18000,1.00000,1.00000
42.73333,0.00000,6.30620,1.38061,-9.84148,0.00000,0.24000,0.00000,-0.05439,42.92247,0.00027,-0.00025,1.00315,0.02487,1.00371,0.00142,0.02965,1.00774,0.25834,1.00000,1.00000,0.14000,0.62345,0.02800,0.44700,0.00000,0.00000,0.00000,1.02000,-1.00000,0.00000,1.00000,0.00000,0.00000,17.00000,0.00000,1.06185,0.18000,1.00000,1.00000
42.76667,0.00000,6.34539,1.39482,-9.79567,0.00000,0.24000,0.00000,-0.05477,42.97725,-0.00073,0.00058,1.00229,0.01684,1.00270,0.00141,0.02158,1.00203,0.25607,1.00000,1.00000,0.14369,0.62251,0.02800,0.44781,0.00000,0.00000,0.00000,1.02000,-1.00000,0.00000,1.00000,0.00000,0.00000,17.00000,0.00000,1.06135,0.18000,1.00000,1.00000
42.80000,0.00000,6.38329,1.40878,-9.74823,0.00000,0.24000,0.00000,-0.05473,43.03850,0.00108,-0.00097,1.00167,0.01140,1.00196,0.00132,0.01571,0.99759,0.25442,1.00000,1.00000,0.14000,0.62183,0.02800,0.44841,0.00000,0.00000,0.00000,1.02000,-1.00000,0.00000,1.00000,0.00000,0.00000,17.00000,0.00000,1.06098,0.18000,1.00000,1.00000
42.83333,0.00000,6.42016,1.42253,-9.69956,0.00000,0.24000,0.00000,-0.05503,43.10456,-0.00025,0.00047,1.00122,0.00772,1.00143,0.00129,0.01144,0.99409,0.25322,1.00000,1.00000,0.14000,0.62133,0.02800,0.44884,0.00000,0.00000,0.00000,1.02000,-1.00000,0.00000,1.00000,0.00000,0.00000,17.00000,0.00000,1.06071,0.18000,1.00000,1.00000
42.86667,0.00000,6.45618,1.43610,-9.64997,0.00000,0.24000,0.00000,-0.05570,43.17419,-0.00050,0.00033,1.00088,0.00523,1.00104,0.00126,0.00833,0.99126,0.25234,1.00000,1.00000,0.14000,0.62097,0.02800,0.44916,0.00000,0.00000,0.00000,1.02000,-1.00000,0.00000,1.00000,0.00000,0.00000,17.00000,0.00000,1.06052,0.18000,1.00000,1.00000
42.90000,0.00000,6.49417,1.45014,-9.60368,0.00000,0.24000,0.00000,-0.05624,43.22907,0.00039,-0.00088,1.00000,0.00341,1.00000,0.00120,0.00000,0.98541,0.25000,1.00000,1.00000,0.14000,0.62000,0.02800,0.45000,0.00000,0.00000,0.00000,1.02000,-1.00000,0.00000,1.00000,0.00000,0.00000,17.00000,0.00000,1.06000,0.18000,1.00000,1.00000
42.93333,0.00000,6.52811,1.46330,-9.55176,0.00000,0.24000,0.00000,-0.05667,43.30815,0.00038,0.00095,1.00000,0.00000,1.00000,0.00120,0.00000,0.98439,0.25000,1.00000,1.00000,0.14000,0.62000,0.02800,0.45000,0.00000,0.00000,0.00000,1.02000,-1.00000,0.00000,1.00000,0.00000,0.00000,17.00000,0.00000,1.06000,0.18000,1.00000,1.00000
42.96667,0.00000,6.33745,1.42594,-9.17508,0.00000,0.24000,0.00000,-0.05553,44.87128,-0.00603,-0.00279,1.05468,0.01158,1.06433,0.00506,0.51466,1.27506,0.39475,1.00000,1.00000,0.14000,0.67983,0.02800,0.39789,0.00000,0.00000,0.00000,1.02000,-1.00000,0.00000,1.00000,0.00000,0.00000,17.00000,0.00000,1.09217,0.18000,1.00000,1.00000
43.00000,0.00000,6.42929,1.45202,-9.21033,0.00000,0.24000,0.00000,-0.04832,44.54970,0.00405,-0.00122,1.03981,0.00843,1.04683,0.00401,0.37467,1.19554,0.35538,1.00000,1.00000,0.14000,0.66356,0.02800,0.41206,0.00000,0.00000,0.00000,1.02000,-1.00000,0.00000,1.00000,0.00000,0.00000,17.00000,0.00000,1.08342,0.18000,1.00000,1.00000
43.03333,0.00000,6.50575,1.47474,-9.22238,0.00000,0.24000,0.00000,-0.05425,44.33681,-0.00006,0.00306,1.02898,0.00614,1.03409,0.00325,0.27276,1.13693,0.32671,1.00000,1.00000,0.14000,0.65171,0.02800,0.42238,0.00000,0.00000,0.00000,1.02000,-1.00000,0.00000,1.00000,0.00000,0.00000,17.00000,0.00000,1.07705,0.18000,1.00000,1.00000
43.06667,0.00000,6.57054,1.49489,-9.21714,0.00000,0.24000,0.00000,-0.06129,44.20338,-0.00172,-0.00218,1.02110,0.00447,1.02482,0.00269,0.19857,1.09376,0.30585,1.00000,1.00000,0.14000,0.64308,0.02800,0.42990,0.00000,0.00000,0.00000,1.02000,-1.00000,0.00000,1.00000,0.00000,0.00000,17.00000,0.00000,1.07241,0.18000,1.00000,1.00000
43.10000,0.00000,6.62650,1.51310,-9.19908,0.00000,0.24000,0.00000,-0.06189,44.12802,0.00086,0.00060,1.01536,0.00325,1.01807,0.00228,0.14455,1.06195,0.29066,1.00000,1.00000,0.14000,0.63680,0.02800,0.43536,0.00000,0.00000,0.00000,1.02000,-1.00000,0.00000,1.00000,0.00000,0.00000,17.00000,0.00000,1.06903,0.18000,1.00000,1.00000
43.13333,0.00000,6.67582,1.52985,-9.17159,0.00000,0.24000,0.00000,-0.05876,44.09513,-0.00010,0.00040,1.01118,0.00237,1.01315,0.00273,0.10524,1.03845,0.27960,1.00000,1.00000,0.19538,0.63223,0.02800,0.43934,0.00000,0.00000,0.00000,1.02000,-1.00000,0.00000,1.00000,0.00000,0.00000,17.00000,0.00000,1.06658,0.18000,1.00000,1.00000
43.16667,0.00000,6.72012,1.54549,-9.13716,0.00000,0.24000,0.00000,-0.05722,44.09330,-0.00120,-0.00172,1.00814,0.00172,1.00958,0.00177,0.07661,1.02105,0.27155,1.00000,1.00000,0.14000,0.62891,0.02800,0.44224,0.00000,0.00000,0.00000,1.02000,-1.00000,0.00000,1.00000,0.00000,0.00000,17.00000,0.00000,1.06479,0.18000,1.00000,1.00000
43.20000,0.00000,6.76062,1.56030,-9.09765,0.00000,0.24000,0.00000,-0.05839,44.11421,0.00086,0.00182,1.00593,0.00125,1.00697,0.00162,0.05577,1.00808,0.26569,1.00000,1.00000,0.14000,0.62648,0.02800,0.44435,0.00000,0.00000,0.00000,1.02000,-1.00000,0.00000,1.00000,0.00000,0.00000,17.00000,0.00000,1.06349,0.18000,1.00000,1.00000
43.23333,0.00000,6.79824,1.57448,-9.05442,0.00000,0.24000,0.00000,-0.06000,44.15179,0.00057,-0.00096,1.00431,0.00091,1.00508,0.00150,0.04060,0.99836,0.26142,1.00000,1.00000,0.14000,0.62472,0.02800,0.44589,0.00000,0.00000,0.00000,1.02000,-1.00000,0.00000,1.00000,0.00000,0.00000,17.00000,0.00000,1.06254,0.18000,1.00000,1.00000
43.26667,0.00000,6.83363,1.58817,-9.00845,0.00000,0.24000,0.00000,-0.06035,44.20162,-0.00163,-0.00025,1.00314,0.00067,1.00369,0.00142,0.02956,0.99101,0.25831,1.00000,1.00000,0.14000,0.62344,0.02800,0.44701,0.00000,0.00000,0.00000,1.02000,-1.00000,0.00000,1.00000,0.00000,0.00000,17.00000,0.00000,1.06185,0.18000,1.00000,1.00000
43.30000,0.00000,6.86730,1.60150,-8.96048,0.00000,0.24000,0.00000,-0.05982,44.26046,0.00137,0.00106,1.00229,0.00048,1.00269,0.00136,0.02152,0.98537,0.25605,1.00000,1.00000,0.14000,0.62250,0.02800,0.44782,0.00000,0.00000,0.00000,1.02000,-1.00000,0.00000,1.00000,0.00000,0.00000,17.00000,0.00000,1.06134,0.18000,1.00000,1.00000
43.33333,0.00000,6.89960,1.61453,-8.91103,0.00000,0.24000,0.00000,-0.05952,44.32595,-0.00028,-0.00098,1.00166,0.00035,1.00196,0.00132,0.01567,0.98099,0.25441,1.00000,1.00000,0.14000,0.62182,0.02800,0.44841,0.00000,0.00000,0.00000,1.02000,-1.00000,0.00000,1.00000,0.00000,0.00000,17.00000,0.00000,1.06098,0.18000,1.00000,1.00000
43.36667,0.00000,6.93081,1.62733,-8.86049,0.00000,0.24000,0.00000,-0.05974,44.39638,-0.00030,0.00042,1.00121,0.00026,1.00143,0.00129,0.01140,0.97752,0.25321,1.00000,1.00000,0.14000,0.62133,0.02800,0.44885,0.00000,0.00000,0.00000,1.02000,-1.00000,0.00000,1.00000,0.00000,0.00000,17.00000,0.00000,1.06071,0.18000,1.00000,1.00000
43.40000,0.00000,6.96112,1.63994,-8.80914,0.00000,0.24000,0.00000,-0.06008,44.47050,0.00025,0.00006,1.00088,0.00019,1.00104,0.00126,0.00830,0.97471,0.25233,1.00000,1.00000,0.14000,0.62097,0.02800,0.44916,0.00000,0.00000,0.00000,1.02000,-1.00000,0.00000,1.00000,0.00000,0.00000,17.00000,0.00000,1.06052,0.18000,1.00000,1.00000
43.43333,0.00000,6.99357,1.65309,-8.76082,0.00000,0.24000,0.00000,-0.06000,44.52951,0.00012,-0.00038,1.00000,0.00000,1.00000,0.00120,0.00000,0.96895,0.25000,1.00000,1.00000,0.14000,0.62000,0.02800,0.45000,0.00000,0.00000,0.00000,1.02000,-1.00000,0.00000,1.00000,0.00000,0.00000,17.00000,0.00000,1.06000,0.18000,1.00000,1.00000
43.46667,0.00000,7.02169,1.66524,-8.70740,0.00000,0.24000,0.00000,-0.05998,44.61334,-0.00043,0.00049,1.00000,0.00000,1.00000,0.00120,0.00000,0.96791,0.25000,1.00000,1.00000,0.14000,0.62000,0.02800,0.45000,0.00000,0.00000,0.00000,1.02000,-1.00000,0.00000,1.00000,0.00000,0.00000,17.00000,0.00000,1.06000,0.18000,1.00000,1.00000
43.50000,0.00000,8.75064,2.24488,-5.01841,0.00000,0.24000,0.00000,-0.05007,48.66037,0.00381,-0.00316,1.04965,0.01051,1.05841,0.00488,0.46729,1.19011,0.38143,1.00000,1.00000,0.15323,0.67432,0.02800,0.40269,0.00000,0.00000,0.00000,1.02000,-1.00000,0.00000,1.00000,0.00000,0.00000,17.00000,0.00000,1.08921,0.18000,1.00000,1.00000
43.53333,0.00000,8.83029,2.27357,-5.00623,0.00000,0.24000,0.00000,-0.05316,48.35532,-0.00005,-0.00022,1.03614,0.00765,1.04252,0.00375,0.34018,1.12096,0.34568,1.00000,1.00000,0.14000,0.65955,0.02800,0.41556,0.00000,0.00000,0.00000,1.02000,-1.00000,0.00000,1.00000,0.00000,0.00000,17.00000,0.00000,1.08126,0.18000,1.00000,1.00000
43.56667,0.00000,8.89015,2.29731,-4.98225,0.00000,0.24000,0.00000,-0.06173,48.15700,-0.00271,0.00261,1.02631,0.00557,1.03096,0.00306,0.24765,1.07002,0.31965,1.00000,1.00000,0.14000,0.64879,0.02800,0.42493,0.00000,0.00000,0.00000,1.02000,-1.00000,0.00000,1.00000,0.00000,0.00000,17.00000,0.00000,1.07548,0.18000,1.00000,1.00000
43.60000,0.00000,8.93513,2.31733,-4.94957,0.00000,0.24000,0.00000,-0.06408,48.03672,0.00241,-0.00293,1.01916,0.00406,1.02254,0.00255,0.18029,1.03248,0.30071,1.00000,1.00000,0.14000,0.64096,0.02800,0.43175,0.00000,0.00000,0.00000,1.02000,-1.00000,0.00000,1.00000,0.00000,0.00000,17.00000,0.00000,1.07127,0.18000,1.00000,1.00000
43.63333,0.00000,8.96897,2.33455,-4.91052,0.00000,0.24000,0.00000,-0.06051,47.97349,-0.00045,0.00170,1.01395,0.00295,1.01641,0.00225,0.13125,1.00480,0.28691,1.00000,1.00000,0.14507,0.63526,0.02800,0.43671,0.00000,0.00000,0.00000,1.02000,-1.00000,0.00000,1.00000,0.00000,0.00000,17.00000,0.00000,1.06820,0.18000,1.00000,1.00000
43.66667,0.00000,8.99450,2.34969,-4.86686,0.00000,0.24000,0.00000,-0.05733,47.95200,-0.00095,-0.00001,1.01015,0.00215,1.01194,0.00193,0.09555,0.98433,0.27687,1.00000,1.00000,0.14094,0.63111,0.02800,0.44033,0.00000,0.00000,0.00000,1.02000,-1.00000,0.00000,1.00000,0.00000,0.00000,17.00000,0.00000,1.06597,0.18000,1.00000,1.00000
43.70000,0.00000,9.01383,2.36326,-4.81986,0.00000,0.24000,0.00000,-0.05747,47.96106,0.00074,-0.00119,1.00739,0.00157,1.00869,0.00172,0.06956,0.96914,0.26956,1.00000,1.00000,0.14000,0.62809,0.02800,0.44296,0.00000,0.00000,0.00000,1.02000,-1.00000,0.00000,1.00000,0.00000,0.00000,17.00000,0.00000,1.06435,0.18000,1.00000,1.00000
43.73333,0.00000,9.02851,2.37568,-4.77046,0.00000,0.24000,0.00000,-0.05895,47.99249,0.00043,0.00152,1.00538,0.00114,1.00633,0.00158,0.05064,0.95780,0.26424,1.00000,1.00000,0.14000,0.62589,0.02800,0.44487,0.00000,0.00000,0.00000,1.02000,-1.00000,0.00000,1.00000,0.00000,0.00000,17.00000,0.00000,1.06316,0.18000,1.00000,1.00000
43.76667,0.00000,9.03971,2.38723,-4.71935,0.00000,0.24000,0.00000,-0.05930,48.04034,-0.00142,-0.00106,1.00392,0.00083,1.00461,0.00148,0.03687,0.94926,0.26037,1.00000,1.00000,0.14000,0.62429,0.02800,0.44627,0.00000,0.00000,0.00000,1.02000,-1.00000,0.00000,1.00000,0.00000,0.00000,17.00000,0.00000,1.06230,0.18000,1.00000,1.00000
43.80000,0.00000,9.04827,2.39812,-4.66704,0.00000,0.24000,0.00000,-0.05836,48.10026,0.00136,0.00008,1.00285,0.00060,1.00335,0.00140,0.02684,0.94277,0.25755,1.00000,1.00000,0.14000,0.62312,0.02800,0.44728,0.00000,0.00000,0.00000,1.02000,-1.00000,0.00000,1.00000,0.00000,0.00000,17.00000,0.00000,1.06168,0.18000,1.00000,1.00000
43.83333,0.00000,9.05480,2.40851,-4.61388,0.00000,0.24000,0.00000,-0.05738,48.16907,-0.00042,0.00087,1.00208,0.00044,1.00244,0.00143,0.01954,0.93778,0.25549,1.00000,1.00000,0.14642,0.62227,0.02800,0.44802,0.00000,0.00000,0.00000,1.02000,-1.00000,0.00000,1.00000,0.00000,0.00000,17.00000,0.00000,1.06122,0.18000,1.00000,1.00000
43.86667,0.00000,9.05978,2.41852,-4.56013,0.00000,0.24000,0.00000,-0.05702,48.24447,-0.00060,-0.00144,1.00151,0.00032,1.00178,0.00131,0.01422,0.93386,0.25400,1.00000,1.00000,0.14000,0.62165,0.02800,0.44856,0.00000,0.00000,0.00000,1.02000,-1.00000,0.00000,1.00000,0.00000,0.00000,17.00000,0.00000,1.06089,0.18000,1.00000,1.00000
43.90000,0.00000,9.06353,2.42824,-4.50600,0.00000,0.24000,0.00000,-0.05697,48.32477,0.00072,0.00112,1.00110,0.00023,1.00129,0.00128,0.01035,0.93074,0.25291,1.00000,1.00000,0.14000,0.62120,0.02800,0.44895,0.00000,0.00000,0.00000,1.02000,-1.00000,0.00000,1.00000,0.00000,0.00000,17.00000,0.00000,1.06065,0.18000,1.00000,1.00000
43.93333,0.00000,9.07099,2.43900,-4.45391,0.00000,0.24000,0.00000,-0.05653,48.38464,0.00013,-0.00016,1.00000,0.00000,1.00000,0.00120,0.00000,0.92410,0.25000,1.00000,1.00000,0.14000,0.62000,0.02800,0.45000,0.00000,0.00000,0.00000,1.02000,-1.00000,0.00000,1.00000,0.00000,0.00000,17.00000,0.00000,1.06000,0.18000,1.00000,1.00000
43.96667,0.00000,9.07167,2.44796,-4.39872,0.00000,0.24000,0.00000,-0.05609,48.47790,-0.00097,-0.00079,1.00000,0.00000,1.00000,0.00120,0.00000,0.92308,0.25000,1.00000,1.00000,0.14000,0.62000,0.02800,0.45000,0.00000,0.00000,0.00000,1.02000,-1.00000,0.00000,1.00000,0.00000,0.00000,17.00000,0.00000,1.06000,0.18000,1.00000,1.00000
44.00000,0.00000,9.07203,2.45686,-4.34362,0.00000,0.24000,0.00000,-0.05563,48.57150,0.00090,0.00124,1.00000,0.00000,1.00000,0.00137,0.00000,0.92206,0.25000,1.00000,1.00000,0.15232,0.62000,0.02800,0.45000,0.00000,0.00000,0.00000,1.02000,-1.00000,0.00000,1.00000,0.00000,0.00000,17.00000,0.00000,1.06000,0.18000,1.00000,1.00000
44.03333,0.00000,8.74716,2.37740,-4.13504,0.00000,0.24000,0.00000,-0.04232,50.39695,-0.00004,-0.00589,1.05740,0.01216,1.06753,0.00531,0.54026,1.20758,0.40195,1.00000,1.00000,0.14434,0.68281,0.02800,0.39530,0.00000,0.00000,0.00000,1.02000,-1.00000,0.00000,1.00000,0.00000,0.00000,17.00000,0.00000,1.09377,0.18000,1.00000,1.00000
44.06667,0.00000,8.83291,2.40934,-4.12227,0.00000,0.24000,0.00000,-0.05447,50.02330,-0.00401,0.00094,1.04179,0.00885,1.04916,0.00415,0.39331,1.12948,0.36062,1.00000,1.00000,0.14000,0.66572,0.02800,0.41018,0.00000,0.00000,0.00000,1.02000,-1.00000,0.00000,1.00000,0.00000,0.00000,17.00000,0.00000,1.08458,0.18000,1.00000,1.00000
44.10000,0.00000,8.89601,2.43527,-4.09828,0.00000,0.24000,0.00000,-0.06086,49.77634,0.00370,0.00237,1.03042,0.00644,1.03579,0.00335,0.28633,1.07190,0.33053,1.00000,1.00000,0.14023,0.65329,0.02800,0.42101,0.00000,0.00000,0.00000,1.02000,-1.00000,0.00000,1.00000,0.00000,0.00000,17.00000,0.00000,1.07790,0.18000,1.00000,1.00000
44.13333,0.00000,8.94203,2.45667,-4.06601,0.00000,0.24000,0.00000,-0.05697,49.62203,-0.00101,-0.00335,1.02215,0.00469,1.02606,0.00277,0.20844,1.02948,0.30863,1.00000,1.00000,0.14047,0.64423,0.02800,0.42889,0.00000,0.00000,0.00000,1.02000,-1.00000,0.00000,1.00000,0.00000,0.00000,17.00000,0.00000,1.07303,0.18000,1.00000,1.00000
44.16667,0.00000,8.97527,2.47466,-4.02770,0.00000,0.24000,0.00000,-0.05115,49.53549,-0.00102,0.00236,1.01612,0.00341,1.01897,0.00234,0.15175,0.99820,0.29268,1.00000,1.00000,0.14000,0.63764,0.02800,0.43464,0.00000,0.00000,0.00000,1.02000,-1.00000,0.00000,1.00000,0.00000,0.00000,17.00000,0.00000,1.06948,0.18000,1.00000,1.00000
44.20000,0.00000,8.99896,2.49010,-3.98500,0.00000,0.24000,0.00000,-0.04985,49.49851,0.00085,-0.00048,1.01174,0.00249,1.01381,0.00203,0.11047,0.97510,0.28107,1.00000,1.00000,0.14000,0.63284,0.02800,0.43881,0.00000,0.00000,0.00000,1.02000,-1.00000,0.00000,1.00000,0.00000,0.00000,17.00000,0.00000,1.06690,0.18000,1.00000,1.00000
44.23333,0.00000,9.01555,2.50366,-3.93914,0.00000,0.24000,0.00000,-0.05173,49.49780,0.00028,-0.00066,1.00854,0.00181,1.01005,0.00180,0.08042,0.95798,0.27262,1.00000,1.00000,0.14000,0.62935,0.02800,0.44186,0.00000,0.00000,0.00000,1.02000,-1.00000,0.00000,1.00000,0.00000,0.00000,17.00000,0.00000,1.06503,0.18000,1.00000,1.00000
44.26667,0.00000,9.02683,2.51579,-3.89104,0.00000,0.24000,0.00000,-0.05275,49.52367,-0.00074,0.00079,1.00622,0.00132,1.00732,0.00164,0.05855,0.94522,0.26647,1.00000,1.00000,0.14000,0.62681,0.02800,0.44407,0.00000,0.00000,0.00000,1.02000,-1.00000,0.00000,1.00000,0.00000,0.00000,17.00000,0.00000,1.06366,0.18000,1.00000,1.00000
44.30000,0.00000,9.03414,2.52688,-3.84134,0.00000,0.24000,0.00000,-0.05165,49.56901,0.00071,-0.00064,1.00453,0.00096,1.00533,0.00152,0.04262,0.93565,0.26199,1.00000,1.00000,0.14000,0.62495,0.02800,0.44568,0.00000,0.00000,0.00000,1.02000,-1.00000,0.00000,1.00000,0.00000,0.00000,17.00000,0.00000,1.06266,0.18000,1.00000,1.00000
44.33333,0.00000,9.03846,2.53717,-3.79052,0.00000,0.24000,0.00000,-0.05000,49.62868,-0.00023,0.00020,1.00330,0.00070,1.00388,0.00143,0.03103,0.92841,0.25873,1.00000,1.00000,0.14000,0.62361,0.02800,0.44686,0.00000,0.00000,0.00000,1.02000,-1.00000,0.00000,1.00000,0.00000,0.00000,17.00000,0.00000,1.06194,0.18000,1.00000,1.00000
44.36667,0.00000,9.04051,2.54687,-3.73893,0.00000,0.24000,0.00000,-0.04919,49.69889,-0.00043,0.00048,1.00240,0.00051,1.00282,0.00284,0.02259,0.92286,0.25635,1.00000,1.00000,0.24899,0.62263,0.02800,0.44771,0.00000,0.00000,0.00000,1.02000,-1.00000,0.00000,1.00000,0.00000,0.00000,17.00000,0.00000,1.06141,0.18000,1.00000,1.00000
44.40000,0.00000,9.04083,2.55612,-3.68683,0.00000,0.24000,0.00000,-0.04908,49.77690,0.00075,-0.00127,1.00175,0.00037,1.00206,0.00132,0.01644,0.91854,0.25463,1.00000,1.00000,0.14000,0.62191,0.02800,0.44833,0.00000,0.00000,0.00000,1.02000,-1.00000,0.00000,1.00000,0.00000,0.00000,17.00000,0.00000,1.06103,0.18000,1.00000,1.00000
44.43333,0.00000,9.03980,2.56502,-3.63438,0.00000,0.24000,0.00000,-0.04887,49.86069,-0.00004,0.00121,1.00127,0.00027,1.00150,0.00129,0.01197,0.91511,0.25337,1.00000,1.00000,0.14000,0.62139,0.02800,0.44879,0.00000,0.00000,0.00000,1.02000,-1.00000,0.00000,1.00000,0.00000,0.00000,17.00000,0.00000,1.06075,0.18000,1.00000,1.00000
44.46667,0.00000,9.04312,2.57519,-3.58388,0.00000,0.24000,0.00000,-0.04806,49.92016,-0.00072,-0.00042,1.00000,0.00000,1.00000,0.00123,0.00000,0.90769,0.25000,1.00000,1.00000,0.14242,0.62000,0.02800,0.45000,0.00000,0.00000,0.00000,1.02000,-1.00000,0.00000,1.00000,0.00000,0.00000,17.00000,0.00000,1.06000,0.18000,1.00000,1.00000
44.50000,0.00000,9.03868,2.58319,-3.53052,0.00000,0.24000,0.00000,-0.04751,50.01931,0.00078,-0.00049,1.00000,0.00000,1.00000,0.00120,0.00000,0.90666,0.25000,1.00000,1.00000,0.14000,0.62000,0.02800,0.45000,0.00000,0.00000,0.00000,1.02000,-1.00000,0.00000,1.00000,0.00000,0.00000,17.00000,0.00000,1.06000,0.18000,1.00000,1.00000
44.53333,0.00000,9.03394,2.59113,-3.47729,0.00000,0.24000,0.00000,-0.04696,50.11884,-0.00000,0.00113,1.00000,0.00000,1.00000,0.00124,0.00000,0.90562,0.25000,1.00000,1.00000,0.14309,0.62000,0.02800,0.45000,0.00000,0.00000,0.00000,1.02000,-1.00000,0.00000,1.00000,0.00000,0.00000,17.00000,0.00000,1.06000,0.18000,1.00000,1.00000
44.56667,0.00000,14.26554,-7.67441,2.57471,0.00000,-0.28000,0.00000,0.06815,56.25320,-0.00569,-0.00703,1.05391,0.01142,1.06343,0.00501,0.50740,1.56413,0.39271,1.00000,1.00000,0.14000,0.67899,0.02800,0.39863,0.00000,0.00000,0.00000,1.02000,-1.00000,0.00000,1.00000,0.00000,0.00000,17.00000,0.00000,1.09171,0.18000,1.00000,1.00000
44.60000,0.00000,14.37453,-7.69896,2.66782,0.00000,-0.28000,0.00000,0.05707,55.84764,0.00559,0.00244,1.03925,0.00831,1.04617,0.00397,0.36939,1.46762,0.35389,1.00000,1.00000,0.14000,0.66294,0.02800,0.41260,0.00000,0.00000,0.00000,1.02000,-1.00000,0.00000,1.00000,0.00000,0.00000,17.00000,0.00000,1.08309,0.18000,1.00000,1.00000
44.63333,0.00000,14.44837,-7.70448,2.75549,0.00000,-0.28000,0.00000,0.05879,55.57903,-0.00188,0.00171,1.02857,0.00605,1.03361,0.00322,0.26891,1.39650,0.32563,1.00000,1.00000,0.14000,0.65126,0.02800,0.42277,0.00000,0.00000,0.00000,1.02000,-1.00000,0.00000,1.00000,0.00000,0.00000,17.00000,0.00000,1.07681,0.18000,1.00000,1.00000
44.66667,0.00000,14.49582,-7.69586,2.83888,0.00000,-0.28000,0.00000,0.06602,55.41046,-0.00112,-0.00351,1.02080,0.00440,1.02447,0.00272,0.19577,1.34413,0.30506,1.00000,1.00000,0.14356,0.64276,0.02800,0.43018,0.00000,0.00000,0.00000,1.02000,-1.00000,0.00000,1.00000,0.00000,0.00000,17.00000,0.00000,1.07224,0.18000,1.00000,1.00000
44.70000,0.00000,14.52359,-7.67683,2.91895,0.00000,-0.28000,0.00000,0.06910,55.31497,0.00128,0.00294,1.01514,0.00321,1.01781,0.00227,0.14252,1.30553,0.29008,1.00000,1.00000,0.14000,0.63657,0.02800,0.43557,0.00000,0.00000,0.00000,1.02000,-1.00000,0.00000,1.00000,0.00000,0.00000,17.00000,0.00000,1.06891,0.18000,1.00000,1.00000
44.73333,0.00000,14.53669,-7.65017,2.99642,0.00000,-0.28000,0.00000,0.06725,55.27291,0.00030,-0.00096,1.01102,0.00233,1.01297,0.00198,0.10375,1.27703,0.27918,1.00000,1.00000,0.14000,0.63206,0.02800,0.43950,0.00000,0.00000,0.00000,1.02000,-1.00000,0.00000,1.00000,0.00000,0.00000,17.00000,0.00000,1.06648,0.18000,1.00000,1.00000
44.76667,0.00000,14.53891,-7.61796,3.07189,0.00000,-0.28000,0.00000,0.06520,55.26991,-0.00111,-0.00040,1.00803,0.00170,1.00944,0.00177,0.07553,1.25591,0.27124,1.00000,1.00000,0.14000,0.62878,0.02800,0.44235,0.00000,0.00000,0.00000,1.02000,-1.00000,0.00000,1.00000,0.00000,0.00000,17.00000,0.00000,1.06472,0.18000,1.00000,1.00000
44.80000,0.00000,14.53303,-7.58172,3.14578,0.00000,-0.28000,0.00000,0.06564,55.29552,0.00088,0.00083,1.00584,0.00124,1.00687,0.00161,0.05499,1.24019,0.26546,1.00000,1.00000,0.14000,0.62639,0.02800,0.44443,0.00000,0.00000,0.00000,1.02000,-1.00000,0.00000,1.00000,0.00000,0.00000,17.00000,0.00000,1.06344,0.18000,1.00000,1.00000
44.83333,0.00000,14.52111,-7.54257,3.21844,0.00000,-0.28000,0.00000,0.06737,55.34209,-0.00027,-0.00076,1.00425,0.00090,1.00500,0.00150,0.04003,1.22841,0.26126,1.00000,1.00000,0.14000,0.62465,0.02800,0.44595,0.00000,0.00000,0.00000,1.02000,-1.00000,0.00000,1.00000,0.00000,0.00000,17.00000,0.00000,1.06250,0.18000,1.00000,1.00000
44.86667,0.00000,14.50464,-7.50134,3.29010,0.00000,-0.28000,0.00000,0.06838,55.40405,-0.00029,0.00036,1.00310,0.00066,1.00364,0.00142,0.02914,1.21949,0.25820,1.00000,1.00000,0.14000,0.62339,0.02800,0.44705,0.00000,0.00000,0.00000,1.02000,-1.00000,0.00000,1.00000,0.00000,0.00000,17.00000,0.00000,1.06182,0.18000,1.00000,1.00000
44.90000,0.00000,14.48475,-7.45862,3.36097,0.00000,-0.28000,0.00000,0.06833,55.47735,0.00073,0.00027,1.00225,0.00048,1.00265,0.00207,0.02121,1.21266,0.25597,1.00000,1.00000,0.19294,0.62247,0.02800,0.44785,0.00000,0.00000,0.00000,1.02000,-1.00000,0.00000,1.00000,0.00000,0.00000,17.00000,0.00000,1.06133,0.18000,1.00000,1.00000
44.93333,0.00000,14.46223,-7.41483,3.43118,0.00000,-0.28000,0.00000,0.06812,55.55901,-0.00021,-0.00113,1.00164,0.00035,1.00193,0.00132,0.01544,1.20735,0.25434,1.00000,1.00000,0.14000,0.62180,0.02800,0.44844,0.00000,0.00000,0.00000,1.02000,-1.00000,0.00000,1.00000,0.00000,0.00000,17.00000,0.00000,1.06097,0.18000,1.00000,1.00000
44.96667,0.00000,14.43769,-7.37031,3.50084,0.00000,-0.28000,0.00000,0.06838,55.64688,-0.00064,0.00131,1.00119,0.00025,1.00141,0.00128,0.01124,1.20315,0.25316,1.00000,1.00000,0.14000,0.62131,0.02800,0.44886,0.00000,0.00000,0.00000,1.02000,-1.00000,0.00000,1.00000,0.00000,0.00000,17.00000,0.00000,1.06070,0.18000,1.00000,1.00000
45.00000,0.00000,14.41965,-7.32940,3.57204,0.00000,-0.28000,0.00000,0.06892,55.70854,0.00070,-0.00067,1.00000,0.00000,1.00000,0.00120,0.00000,1.19401,0.25000,1.00000,1.00000,0.14000,0.62000,0.02800,0.45000,0.00000,0.00000,0.00000,1.02000,-1.00000,0.00000,1.00000,0.00000,0.00000,17.00000,0.00000,1.06000,0.18000,1.00000,1.00000
45.03333,0.00000,14.39000,-7.28287,3.64029,0.00000,-0.28000,0.00000,0.06916,55.81288,-0.00001,-0.00022,1.00000,0.00000,1.00000,0.00128,0.00000,1.19276,0.25000,1.00000,1.00000,0.14608,0.62000,0.02800,0.45000,0.00000,0.00000,0.00000,1.02000,-1.00000,0.00000,1.00000,0.00000,0.00000,17.00000,0.00000,1.06000,0.18000,1.00000,1.00000
45.06667,0.00000,14.35990,-7.23644,3.70831,0.00000,-0.28000,0.00000,0.06937,55.91761,-0.00088,0.00097,1.00000,0.00000,1.00000,0.00120,0.00000,1.19151,0.25000,1.00000,1.00000,0.14000,0.62000,0.02800,0.45000,0.00000,0.00000,0.00000,1.02000,-1.00000,0.00000,1.00000,0.00000,0.00000,17.00000,0.00000,1.06000,0.18000,1.00000,1.00000
45.10000,0.00000,13.88555,-6.96741,3.65913,0.00000,-0.28000,0.00000,0.06384,57.78284,0.00632,-0.00656,1.04939,0.01046,1.05811,0.00469,0.46489,1.50975,0.38075,1.00000,1.00000,0.14000,0.67404,0.02800,0.40293,0.00000,0.00000,0.00000,1.02000,-1.00000,0.00000,1.00000,0.00000,0.00000,17.00000,0.00000,1.08906,0.18000,1.00000,1.00000
45.13333,0.00000,13.97323,-6.98140,3.75621,0.00000,-0.28000,0.00000,0.06138,57.41219,-0.00245,0.00323,1.03596,0.00761,1.04231,0.00374,0.33844,1.42241,0.34519,1.00000,1.00000,0.14000,0.65934,0.02800,0.41573,0.00000,0.00000,0.00000,1.02000,-1.00000,0.00000,1.00000,0.00000,0.00000,17.00000,0.00000,1.08115,0.18000,1.00000,1.00000
45.16667,0.00000,14.02927,-6.97945,3.84575,0.00000,-0.28000,0.00000,0.06884,57.17071,-0.00092,0.00047,1.02618,0.00554,1.03080,0.00305,0.24638,1.35806,0.31930,1.00000,1.00000,0.14000,0.64864,0.02800,0.42505,0.00000,0.00000,0.00000,1.02000,-1.00000,0.00000,1.00000,0.00000,0.00000,17.00000,0.00000,1.07540,0.18000,1.00000,1.00000
45.20000,0.00000,14.06163,-6.96571,3.92946,0.00000,-0.28000,0.00000,0.07386,57.02358,0.00132,-0.00241,1.01906,0.00404,1.02242,0.00255,0.17937,1.31065,0.30045,1.00000,1.00000,0.14000,0.64085,0.02800,0.43184,0.00000,0.00000,0.00000,1.02000,-1.00000,0.00000,1.00000,0.00000,0.00000,17.00000,0.00000,1.07121,0.18000,1.00000,1.00000
45.23333,0.00000,14.07634,-6.94329,4.00870,0.00000,-0.28000,0.00000,0.07239,56.94541,0.00016,0.00271,1.01387,0.00294,1.01632,0.00218,0.13058,1.27569,0.28672,1.00000,1.00000,0.14000,0.63518,0.02800,0.43678,0.00000,0.00000,0.00000,1.02000,-1.00000,0.00000,1.00000,0.00000,0.00000,17.00000,0.00000,1.06816,0.18000,1.00000,1.00000
45.26667,0.00000,14.07795,-6.91454,4.08451,0.00000,-0.28000,0.00000,0.06908,56.91767,-0.00180,-0.00161,1.01010,0.00214,1.01188,0.00198,0.09506,1.24985,0.27674,1.00000,1.00000,0.14465,0.63105,0.02800,0.44038,0.00000,0.00000,0.00000,1.02000,-1.00000,0.00000,1.00000,0.00000,0.00000,17.00000,0.00000,1.06594,0.18000,1.00000,1.00000
45.30000,0.00000,14.06982,-6.88119,4.15767,0.00000,-0.28000,0.00000,0.06826,56.92682,0.00204,-0.00013,1.00735,0.00156,1.00865,0.00172,0.06920,1.23068,0.26946,1.00000,1.00000,0.14000,0.62804,0.02800,0.44299,0.00000,0.00000,0.00000,1.02000,-1.00000,0.00000,1.00000,0.00000,0.00000,17.00000,0.00000,1.06433,0.18000,1.00000,1.00000
45.33333,0.00000,14.05445,-6.84451,4.22879,0.00000,-0.28000,0.00000,0.06961,56.96299,-0.00072,0.00157,1.00535,0.00113,1.00630,0.00158,0.05038,1.21637,0.26417,1.00000,1.00000,0.14000,0.62586,0.02800,0.44490,0.00000,0.00000,0.00000,1.02000,-1.00000,0.00000,1.00000,0.00000,0.00000,17.00000,0.00000,1.06315,0.18000,1.00000,1.00000
45.36667,0.00000,14.03369,-6.80544,4.29832,0.00000,-0.28000,0.00000,0.07063,57.01899,-0.00081,-0.00192,1.00390,0.00083,1.00458,0.00148,0.03668,1.20560,0.26032,1.00000,1.00000,0.14000,0.62426,0.02800,0.44629,0.00000,0.00000,0.00000,1.02000,-1.00000,0.00000,1.00000,0.00000,0.00000,17.00000,0.00000,1.06229,0.18000,1.00000,1.00000
45.40000,0.00000,14.00888,-6.76466,4.36659,0.00000,-0.28000,0.00000,0.07032,57.08956,0.00124,0.00123,1.00284,0.00060,1.00334,0.00140,0.02670,1.19743,0.25751,1.00000,1.00000,0.14000,0.62310,0.02800,0.44730,0.00000,0.00000,0.00000,1.02000,-1.00000,0.00000,1.00000,0.00000,0.00000,17.00000,0.00000,1.06167,0.18000,1.00000,1.00000
45.43333,0.00000,13.98100,-6.72267,4.43385,0.00000,-0.28000,0.00000,0.06951,57.17087,-0.00041,-0.00000,1.00207,0.00044,1.00243,0.00193,0.01944,1.19113,0.25547,1.00000,1.00000,0.18321,0.62226,0.02800,0.44803,0.00000,0.00000,0.00000,1.02000,-1.00000,0.00000,1.00000,0.00000,0.00000,17.00000,0.00000,1.06121,0.18000,1.00000,1.00000
45.46667,0.00000,13.95077,-6.67981,4.50029,0.00000,-0.28000,0.00000,0.06913,57.26013,-0.00043,-0.00082,1.00150,0.00032,1.00177,0.00131,0.01415,1.18621,0.25398,1.00000,1.00000,0.14000,0.62164,0.02800,0.44857,0.00000,0.00000,0.00000,1.02000,-1.00000,0.00000,1.00000,0.00000,0.00000,17.00000,0.00000,1.06088,0.18000,1.00000,1.00000
45.50000,0.00000,13.91873,-6.63637,4.56605,0.00000,-0.28000,0.00000,0.06918,57.35530,0.00061,0.00114,1.00109,0.00023,1.00129,0.00128,0.01030,1.18228,0.25290,1.00000,1.00000,0.14000,0.62120,0.02800,0.44896,0.00000,0.00000,0.00000,1.02000,-1.00000,0.00000,1.00000,0.00000,0.00000,17.00000,0.00000,1.06064,0.18000,1.00000,1.00000
45.53333,0.00000,13.89242,-6.59592,4.63362,0.00000,-0.28000,0.00000,0.06906,57.42579,-0.00002,-0.00072,1.00000,0.00000,1.00000,0.00120,0.00000,1.17391,0.25000,1.00000,1.00000,0.14000,0.62000,0.02800,0.45000,0.00000,0.00000,0.00000,1.02000,-1.00000,0.00000,1.00000,0.00000,0.00000,17.00000,0.00000,1.06000,0.18000,1.00000,1.00000
45.56667,0.00000,13.85583,-6.55086,4.69766,0.00000,-0.28000,0.00000,0.06880,57.53661,-0.00044,0.00004,1.00000,0.00000,1.00000,0.00120,0.00000,1.17264,0.25000,1.00000,1.00000,0.14000,0.62000,0.02800,0.45000,0.00000,0.00000,0.00000,1.02000,-1.00000,0.00000,1.00000,0.00000,0.00000,17.00000,0.00000,1.06000,0.18000,1.00000,1.00000
45.60000,0.00000,13.43139,-6.32349,4.62792,0.00000,-0.28000,0.00000,0.06680,59.28094,0.00406,0.00270,1.04458,0.00944,1.05245,0.00638,0.41957,1.45560,0.36800,1.00000,1.00000,0.29111,0.66878,0.02800,0.40752,0.00000,0.00000,0.00000,1.02000,-1.00000,0.00000,1.00000,0.00000,0.00000,17.00000,0.00000,1.08622,0.18000,1.00000,1.00000
45.63333,0.00000,13.49796,-6.32815,4.72564,0.00000,-0.28000,0.00000,0.06069,58.95087,-0.00242,-0.00461,1.03245,0.00687,1.03818,0.00349,0.30545,1.37765,0.33591,1.00000,1.00000,0.14000,0.65551,0.02800,0.41907,0.00000,0.00000,0.00000,1.02000,-1.00000,0.00000,1.00000,0.00000,0.00000,17.00000,0.00000,1.07909,0.18000,1.00000,1.00000
45.66667,0.00000,13.53665,-6.31965,4.81444,0.00000,-0.28000,0.00000,0.06516,58.74068,-0.00071,0.00292,1.02363,0.00500,1.02780,0.00287,0.22236,1.32022,0.31254,1.00000,1.00000,0.14000,0.64585,0.02800,0.42749,0.00000,0.00000,0.00000,1.02000,-1.00000,0.00000,1.00000,0.00000,0.00000,17.00000,0.00000,1.07390,0.18000,1.00000,1.00000
45.70000,0.00000,13.55451,-6.30146,4.89641,0.00000,-0.28000,0.00000,0.07019,58.61808,0.00140,-0.00038,1.01720,0.00364,1.02024,0.00241,0.16188,1.27790,0.29553,1.00000,1.00000,0.14000,0.63882,0.02800,0.43361,0.00000,0.00000,0.00000,1.02000,-1.00000,0.00000,1.00000,0.00000,0.00000,17.00000,0.00000,1.07012,0.18000,1.00000,1.00000
45.73333,0.00000,13.55689,-6.27616,4.97318,0.00000,-0.28000,0.00000,0.06986,58.55953,-0.00008,-0.00158,1.01252,0.00265,1.01473,0.00208,0.11785,1.24666,0.28314,1.00000,1.00000,0.14000,0.63370,0.02800,0.43807,0.00000,0.00000,0.00000,1.02000,-1.00000,0.00000,1.00000,0.00000,0.00000,17.00000,0.00000,1.06737,0.18000,1.00000,1.00000
45.76667,0.00000,13.54779,-6.24569,5.04597,0.00000,-0.28000,0.00000,0.06661,58.54781,-0.00141,0.00220,1.00912,0.00193,1.01072,0.00185,0.08579,1.22353,0.27413,1.00000,1.00000,0.14044,0.62997,0.02800,0.44131,0.00000,0.00000,0.00000,1.02000,-1.00000,0.00000,1.00000,0.00000,0.00000,17.00000,0.00000,1.06536,0.18000,1.00000,1.00000
45.80000,0.00000,13.53017,-6.21147,5.11571,0.00000,-0.28000,0.00000,0.06479,58.57039,0.00163,-0.00159,1.00664,0.00141,1.00781,0.00167,0.06246,1.20633,0.26757,1.00000,1.00000,0.14000,0.62726,0.02800,0.44368,0.00000,0.00000,0.00000,1.02000,-1.00000,0.00000,1.00000,0.00000,0.00000,17.00000,0.00000,1.06390,0.18000,1.00000,1.00000
45.83333,0.00000,13.50622,-6.17455,5.18312,0.00000,-0.28000,0.00000,0.06517,58.61811,-0.00057,0.00031,1.00483,0.00102,1.00568,0.00154,0.04547,1.19346,0.26279,1.00000,1.00000,0.14000,0.62529,0.02800,0.44540,0.00000,0.00000,0.00000,1.02000,-1.00000,0.00000,1.00000,0.00000,0.00000,17.00000,0.00000,1.06284,0.18000,1.00000,1.00000
45.86667,0.00000,13.47755,-6.13569,5.24871,0.00000,-0.28000,0.00000,0.06584,58.68428,-0.00067,0.00085,1.00352,0.00074,1.00414,0.00145,0.03310,1.18374,0.25931,1.00000,1.00000,0.14000,0.62385,0.02800,0.44665,0.00000,0.00000,0.00000,1.02000,-1.00000,0.00000,1.00000,0.00000,0.00000,17.00000,0.00000,1.06207,0.18000,1.00000,1.00000
45.90000,0.00000,13.44533,-6.09546,5.31286,0.00000,-0.28000,0.00000,0.06546,58.76405,0.00081,-0.00102,1.00256,0.00054,1.00301,0.00138,0.02410,1.17632,0.25678,1.00000,1.00000,0.14000,0.62280,0.02800,0.44756,0.00000,0.00000,0.00000,1.02000,-1.00000,0.00000,1.00000,0.00000,0.00000,17.00000,0.00000,1.06151,0.18000,1.00000,1.00000
45.93333,0.00000,13.41043,-6.05426,5.37587,0.00000,-0.28000,0.00000,0.06441,58.85384,-0.00026,0.00056,1.00186,0.00039,1.00219,0.00133,0.01754,1.17057,0.25493,1.00000,1.00000,0.14000,0.62204,0.02800,0.44822,0.00000,0.00000,0.00000,1.02000,-1.00000,0.00000,1.00000,0.00000,0.00000,17.00000,0.00000,1.06110,0.18000,1.00000,1.00000
45.96667,0.00000,13.37348,-6.01239,5.43796,0.00000,-0.28000,0.00000,0.06357,58.95108,-0.00036,-0.00033,1.00136,0.00029,1.00160,0.00130,0.01277,1.16604,0.25359,1.00000,1.00000,0.14000,0.62148,0.02800,0.44871,0.00000,0.00000,0.00000,1.02000,-1.00000,0.00000,1.00000,0.00000,0.00000,17.00000,0.00000,1.06080,0.18000,1.00000,1.00000
46.00000,0.00000,13.33494,-5.97005,5.49926,0.00000,-0.28000,0.00000,0.06318,59.05388,0.00077,-0.00078,1.00099,0.00021,1.00116,0.00127,0.00930,1.16240,0.25261,1.00000,1.00000,0.14000,0.62108,0.02800,0.44906,0.00000,0.00000,0.00000,1.02000,-1.00000,0.00000,1.00000,0.00000,0.00000,17.00000,0.00000,1.06058,0.18000,1.00000,1.00000
46.03333,0.00000,13.29513,-5.92741,5.55991,0.00000,-0.28000,0.00000,0.06287,59.16085,-0.00006,0.00146,1.00072,0.00015,1.00085,0.00125,0.00677,1.15939,0.25190,1.00000,1.00000,0.14000,0.62079,0.02800,0.44931,0.00000,0.00000,0.00000,1.02000,-1.00000,0.00000,1.00000,0.00000,0.00000,17.00000,0.00000,1.06042,0.18000,1.00000,1.00000
46.06667,0.00000,13.25880,-5.88656,5.62189,0.00000,-0.28000,0.00000,0.06225,59.25129,-0.00099,-0.00125,1.00000,0.00000,1.00000,0.00120,0.00000,1.15352,0.25000,1.00000,1.00000,0.14000,0.62000,0.02800,0.45000,0.00000,0.00000,0.00000,1.02000,-1.00000,0.00000,1.00000,0.00000,0.00000,17.00000,0.00000,1.06000,0.18000,1.00000,1.00000
46.10000,0.00000,13.21590,-5.84306,5.68095,0.00000,-0.28000,0.00000,0.06169,59.36921,0.00139,0.00042,1.00000,0.00000,1.00000,0.00123,0.00000,1.15224,0.25000,1.00000,1.00000,0.14237,0.62000,0.02800,0.45000,0.00000,0.00000,0.00000,1.02000,-1.00000,0.00000,1.00000,0.00000,0.00000,17.00000,0.00000,1.06000,0.18000,1.00000,1.00000
46.13333,0.00000,12.68356,-5.58433,5.52657,0.00000,-0.28000,0.00000,0.04898,61.73708,-0.00454,0.00356,1.05959,0.01262,1.07011,0.00544,0.56088,1.52240,0.40775,1.00000,1.00000,0.14213,0.68520,0.02800,0.39321,0.00000,0.00000,0.00000,1.02000,-1.00000,0.00000,1.00000,0.00000,0.00000,17.00000,0.00000,1.09505,0.18000,1.00000,1.00000
46.16667,0.00000,12.77052,-5.59918,5.63974,0.00000,-0.28000,0.00000,0.05283,61.24769,-0.00096,-0.00557,1.04338,0.00919,1.05104,0.00426,0.40832,1.42125,0.36484,1.00000,1.00000,0.14000,0.66747,0.02800,0.40866,0.00000,0.00000,0.00000,1.02000,-1.00000,0.00000,1.00000,0.00000,0.00000,17.00000,0.00000,1.08552,0.18000,1.00000,1.00000
46.20000,0.00000,12.82296,-5.59874,5.73882,0.00000,-0.28000,0.00000,0.06271,60.92314,0.00223,0.00405,1.03158,0.00669,1.03716,0.00343,0.29725,1.34666,0.33360,1.00000,1.00000,0.14000,0.65456,0.02800,0.41990,0.00000,0.00000,0.00000,1.02000,-1.00000,0.00000,1.00000,0.00000,0.00000,17.00000,0.00000,1.07858,0.18000,1.00000,1.00000
46.23333,0.00000,12.84948,-5.58694,5.82711,0.00000,-0.28000,0.00000,0.06484,60.71907,-0.00049,-0.00130,1.02299,0.00487,1.02705,0.00282,0.21640,1.29170,0.31086,1.00000,1.00000,0.14000,0.64516,0.02800,0.42809,0.00000,0.00000,0.00000,1.02000,-1.00000,0.00000,1.00000,0.00000,0.00000,17.00000,0.00000,1.07352,0.18000,1.00000,1.00000
46.26667,0.00000,12.85668,-5.56677,5.90718,0.00000,-0.28000,0.00000,0.06004,60.60305,-0.00161,-0.00120,1.01674,0.00354,1.01969,0.00244,0.15754,1.25118,0.29431,1.00000,1.00000,0.14400,0.63831,0.02800,0.43405,0.00000,0.00000,0.00000,1.02000,-1.00000,0.00000,1.00000,0.00000,0.00000,17.00000,0.00000,1.06985,0.18000,1.00000,1.00000
46.30000,0.00000,12.84954,-5.54048,5.98101,0.00000,-0.28000,0.00000,0.05600,60.55142,0.00198,0.00232,1.01219,0.00258,1.01434,0.00206,0.11469,1.22126,0.28226,1.00000,1.00000,0.14000,0.63333,0.02800,0.43839,0.00000,0.00000,0.00000,1.02000,-1.00000,0.00000,1.00000,0.00000,0.00000,17.00000,0.00000,1.06717,0.18000,1.00000,1.00000
46.33333,0.00000,12.83177,-5.50974,6.05010,0.00000,-0.28000,0.00000,0.05602,60.54690,-0.00069,-0.00199,1.00887,0.00188,1.01044,0.00186,0.08349,1.19909,0.27348,1.00000,1.00000,0.14278,0.62971,0.02800,0.44155,0.00000,0.00000,0.00000,1.02000,-1.00000,0.00000,1.00000,0.00000,0.00000,17.00000,0.00000,1.06522,0.18000,1.00000,1.00000
46.36667,0.00000,12.80613,-5.47579,6.11558,0.00000,-0.28000,0.00000,0.05759,60.57689,-0.00086,0.00077,1.00646,0.00137,1.00760,0.00166,0.06078,1.18259,0.26709,1.00000,1.00000,0.14000,0.62707,0.02800,0.44385,0.00000,0.00000,0.00000,1.02000,-1.00000,0.00000,1.00000,0.00000,0.00000,17.00000,0.00000,1.06380,0.18000,1.00000,1.00000
46.40000,0.00000,12.77465,-5.43953,6.17829,0.00000,-0.28000,0.00000,0.05777,60.63219,0.00141,0.00056,1.00470,0.00100,1.00553,0.00153,0.04425,1.17022,0.26244,1.00000,1.00000,0.14000,0.62514,0.02800,0.44552,0.00000,0.00000,0.00000,1.02000,-1.00000,0.00000,1.00000,0.00000,0.00000,17.00000,0.00000,1.06277,0.18000,1.00000,1.00000
46.43333,0.00000,12.73883,-5.40163,6.23886,0.00000,-0.28000,0.00000,0.05646,60.70608,-0.00080,-0.00140,1.00342,0.00072,1.00403,0.00145,0.03221,1.16086,0.25906,1.00000,1.00000,0.14057,0.62374,0.02800,0.44674,0.00000,0.00000,0.00000,1.02000,-1.00000,0.00000,1.00000,0.00000,0.00000,17.00000,0.00000,1.06201,0.18000,1.00000,1.00000
46.46667,0.00000,12.69975,-5.36256,6.29776,0.00000,-0.28000,0.00000,0.05519,60.79367,-0.00024,0.00137,1.00249,0.00053,1.00293,0.00138,0.02345,1.15369,0.25660,1.00000,1.00000,0.14000,0.62273,0.02800,0.44763,0.00000,0.00000,0.00000,1.02000,-1.00000,0.00000,1.00000,0.00000,0.00000,17.00000,0.00000,1.06147,0.18000,1.00000,1.00000
46.50000,0.00000,12.65821,-5.32268,6.35532,0.00000,-0.28000,0.00000,0.05474,60.89140,0.00069,-0.00067,1.00181,0.00038,1.00213,0.00136,0.01707,1.14812,0.25480,1.00000,1.00000,0.14216,0.62198,0.02800,0.44827,0.00000,0.00000,0.00000,1.02000,-1.00000,0.00000,1.00000,0.00000,0.00000,17.00000,0.00000,1.06107,0.18000,1.00000,1.00000
46.53333,0.00000,12.61480,-5.28223,6.41181,0.00000,-0.28000,0.00000,0.05467,60.99665,-0.00010,-0.00039,1.00132,0.00028,1.00155,0.00129,0.01243,1.14372,0.25350,1.00000,1.00000,0.14000,0.62144,0.02800,0.44874,0.00000,0.00000,0.00000,1.02000,-1.00000,0.00000,1.00000,0.00000,0.00000,17.00000,0.00000,1.06078,0.18000,1.00000,1.00000
46.56667,0.00000,12.56994,-5.24141,6.46740,0.00000,-0.28000,0.00000,0.05438,61.10753,-0.00087,0.00113,1.00096,0.00020,1.00113,0.00135,0.00905,1.14016,0.25254,1.00000,1.00000,0.14603,0.62105,0.02800,0.44908,0.00000,0.00000,0.00000,1.02000,-1.00000,0.00000,1.00000,0.00000,0.00000,17.00000,0.00000,1.06057,0.18000,1.00000,1.00000
46.60000,0.00000,12.52961,-5.20270,6.52519,0.00000,-0.28000,0.00000,0.05371,61.19548,0.00121,-0.00116,1.00000,0.00000,1.00000,0.00120,0.00000,1.13283,0.25000,1.00000,1.00000,0.14000,0.62000,0.02800,0.45000,0.00000,0.00000,0.00000,1.02000,-1.00000,0.00000,1.00000,0.00000,0.00000,17.00000,0.00000,1.06000,0.18000,1.00000,1.00000
46.63333,0.00000,12.48113,-5.16084,6.57859,0.00000,-0.28000,0.00000,0.05328,61.32120,-0.00075,0.00063,1.00000,0.00000,1.00000,0.00120,0.00000,1.13153,0.25000,1.00000,1.00000,0.14000,0.62000,0.02800,0.45000,0.00000,0.00000,0.00000,1.02000,-1.00000,0.00000,1.00000,0.00000,0.00000,17.00000,0.00000,1.06000,0.18000,1.00000,1.00000
46.66667,1.00000,0.00000,0.00000,-20.00000,0.00000,0.00000,0.00000,-0.02126,48.00000,-0.00126,0.00191,1.06422,0.46354,1.07555,0.00610,0.60440,1.37775,0.41999,1.00000,1.00000,0.16707,0.83499,0.02800,0.34560,0.85085,0.00000,0.00000,1.02000,-1.00000,0.00000,1.00000,0.00000,0.00000,17.00000,0.00000,1.09778,0.18000,1.00000,1.00000
46.70000,1.00000,0.00000,0.00000,-20.00000,0.00000,0.00000,0.00000,-0.00725,48.00000,0.00392,-0.00590,1.04675,0.31388,1.05500,0.00450,0.44000,1.27500,0.37375,1.00000,1.00000,0.14000,0.81188,0.02800,0.36040,0.85399,0.00000,0.00000,1.02000,-1.00000,0.00000,1.00000,0.00000,0.00000,17.00000,0.00000,1.08750,0.18000,1.00000,1.00000
46.73333,1.00000,0.00000,0.00000,-20.00000,0.00000,0.00000,0.00000,-0.00026,48.00000,-0.00137,0.00544,1.03403,0.21258,1.04004,0.00360,0.32032,1.20020,0.34009,1.00000,1.00000,0.14000,0.79504,0.02800,0.37117,0.85714,0.00000,0.00000,1.02000,-1.00000,0.00000,1.00000,0.00000,0.00000,17.00000,0.00000,1.08002,0.18000,1.00000,1.00000
46.76667,1.00000,0.00000,0.00000,-20.00000,0.00000,0.00000,0.00000,-0.00468,48.00000,-0.00188,-0.00251,1.02478,0.14399,1.02915,0.00295,0.23319,1.14574,0.31559,1.00000,1.00000,0.14000,0.78279,0.02800,0.37901,0.86029,0.00000,0.00000,1.02000,-1.00000,0.00000,1.00000,0.00000,0.00000,17.00000,0.00000,1.07457,0.18000,1.00000,1.00000
46.80000,1.00000,0.00000,0.00000,-20.00000,0.00000,0.00000,0.00000,-0.01086,48.00000,0.00262,-0.00059,1.01804,0.09756,1.02122,0.00256,0.16976,1.10610,0.29775,1.00000,1.00000,0.14653,0.77387,0.02800,0.38472,0.86344,0.00000,0.00000,1.02000,-1.00000,0.00000,1.00000,0.00000,0.00000,17.00000,0.00000,1.07061,0.18000,1.00000,1.00000
46.83333,1.00000,0.00000,0.00000,-20.00000,0.00000,0.00000,0.00000,-0.01180,48.00000,-0.00090,0.00229,1.01313,0.06611,1.01545,0.00223,0.12359,1.07724,0.28476,1.00000,1.00000,0.14790,0.76738,0.02800,0.38888,0.86658,0.00000,0.00000,1.02000,-1.00000,0.00000,1.00000,0.00000,0.00000,17.00000,0.00000,1.06772,0.18000,1.00000,1.00000
46.86667,1.00000,0.00000,0.00000,-20.00000,0.00000,0.00000,0.00000,-0.00927,48.00000,-0.00111,-0.00230,1.00956,0.04481,1.01125,0.00191,0.08997,1.05623,0.27530,1.00000,1.00000,0.14281,0.76265,0.02800,0.39190,0.86973,0.00000,0.00000,1.02000,-1.00000,0.00000,1.00000,0.00000,0.00000,17.00000,0.00000,1.06562,0.18000,1.00000,1.00000
46.90000,1.00000,0.00000,0.00000,-20.00000,0.00000,0.00000,0.00000,-0.00780,48.00000,0.00185,0.00123,1.00696,0.03038,1.00819,0.00169,0.06550,1.04094,0.26842,1.00000,1.00000,0.14000,0.75921,0.02800,0.39411,0.87288,0.00000,0.00000,1.02000,-1.00000,0.00000,1.00000,0.00000,0.00000,17.00000,0.00000,1.06409,0.18000,1.00000,1.00000
46.93333,1.00000,0.00000,0.00000,-20.00000,0.00000,0.00000,0.00000,-0.00865,48.00000,-0.00114,0.00019,1.00507,0.02060,1.00596,0.00156,0.04768,1.02980,0.26341,1.00000,1.00000,0.14000,0.75671,0.02800,0.39571,0.87603,0.00000,0.00000,1.02000,-1.00000,0.00000,1.00000,0.00000,0.00000,17.00000,0.00000,1.06298,0.18000,1.00000,1.00000
46.96667,1.00000,0.00000,0.00000,-20.00000,0.00000,0.00000,0.00000,-0.01003,48.00000,-0.00014,-0.00126,1.00369,0.01397,1.00434,0.00146,0.03471,1.02170,0.25976,1.00000,1.00000,0.14018,0.75488,0.02800,0.39688,0.87917,0.00000,0.00000,1.02000,-1.00000,0.00000,1.00000,0.00000,0.00000,17.00000,0.00000,1.06217,0.18000,1.00000,1.00000
47.00000,1.00000,0.00000,0.00000,-20.00000,0.00000,0.00000,0.00000,-0.01041,48.00000,0.00071,0.00152,1.00268,0.00948,1.00316,0.00139,0.02527,1.01579,0.25711,1.00000,1.00000,0.14000,0.75355,0.02800,0.39773,0.88232,0.00000,0.00000,1.02000,-1.00000,0.00000,1.00000,0.00000,0.00000,17.00000,0.00000,1.06158,0.18000,1.00000,1.00000
47.03333,1.00000,0.00000,0.00000,-20.00000,0.00000,0.00000,0.00000,-0.00998,48.00000,-0.00013,-0.00070,1.00195,0.00644,1.00230,0.00134,0.01840,1.01150,0.25517,1.00000,1.00000,0.14000,0.75259,0.02800,0.39834,0.88547,0.00000,0.00000,1.02000,-1.00000,0.00000,1.00000,0.00000,0.00000,17.00000,0.00000,1.06115,0.18000,1.00000,1.00000
47.06667,1.00000,0.00000,0.00000,-20.00000,0.00000,0.00000,0.00000,-0.00967,48.00000,-0.00040,-0.00003,1.00142,0.00437,1.00167,0.00130,0.01339,1.00837,0.25377,1.00000,1.00000,0.14000,0.75188,0.02800,0.39879,0.88862,0.00000,0.00000,1.02000,-1.00000,0.00000,1.00000,0.00000,0.00000,17.00000,0.00000,1.06084,0.18000,1.00000,1.00000
47.10000,1.00000,0.00000,0.00000,-20.00000,0.00000,0.00000,0.00000,-0.00980,48.00000,0.00059,0.00042,1.00104,0.00297,1.00122,0.00127,0.00975,1.00609,0.25274,1.00000,1.00000,0.14000,0.75137,0.02800,0.39912,0.89176,0.00000,0.00000,1.02000,-1.00000,0.00000,1.00000,0.00000,0.00000,17.00000,0.00000,1.06061,0.18000,1.00000,1.00000
47.13333,1.00000,0.00000,0.00000,-20.00000,0.00000,0.00000,0.00000,-0.01000,48.00000,-0.00034,-0.00053,1.00000,0.00186,1.00000,0.00120,0.00000,1.00000,0.25000,1.00000,1.00000,0.14000,0.75000,0.02800,0.40000,0.89491,0.00000,0.00000,1.02000,-1.00000,0.00000,1.00000,0.00000,0.00000,17.00000,0.00000,1.06000,0.18000,1.00000,1.00000
47.16667,1.00000,0.00000,0.00000,-20.00000,0.00000,0.00000,0.00000,-0.00997,48.00000,-0.00008,0.00037,1.00000,0.00000,1.00000,0.00120,0.00000,1.00000,0.25000,1.00000,1.00000,0.14000,0.75000,0.02800,0.40000,0.89806,0.00000,0.00000,1.02000,-1.00000,0.00000,1.00000,0.00000,0.00000,17.00000,0.00000,1.06000,0.18000,1.00000,1.00000
47.20000,1.00000,0.00000,0.00000,-20.00000,0.00000,0.00000,0.00000,-0.01450,48.00000,0.00397,-0.00007,1.06090,0.01290,1.07165,0.00582,0.57316,1.35823,0.41120,1.00000,1.00000,0.16379,0.83060,0.02800,0.34842,0.90121,0.00000,0.00000,1.02000,-1.00000,0.00000,1.00000,0.00000,0.00000,17.00000,0.00000,1.09582,0.18000,1.00000,1.00000
47.23333,1.00000,0.00000,0.00000,-20.00000,0.00000,0.00000,0.00000,-0.00161,48.00000,-0.00225,-0.00415,1.04433,0.00939,1.05216,0.00433,0.41726,1.26079,0.36735,1.00000,1.00000,0.14000,0.80868,0.02800,0.36245,0.90435,0.00000,0.00000,1.02000,-1.00000,0.00000,1.00000,0.00000,0.00000,17.00000,0.00000,1.08608,0.18000,1.00000,1.00000
47.26667,1.00000,0.00000,0.00000,-20.00000,0.00000,0.00000,0.00000,-0.00331,48.00000,-0.00145,0.00462,1.03227,0.00683,1.03797,0.00348,0.30376,1.18985,0.33543,1.00000,1.00000,0.14000,0.79272,0.02800,0.37266,0.90750,0.00000,0.00000,1.02000,-1.00000,0.00000,1.00000,0.00000,0.00000,17.00000,0.00000,1.07899,0.18000,1.00000,1.00000
47.30000,1.00000,0.00000,0.00000,-20.00000,0.00000,0.00000,0.00000,-0.01083,48.00000,0.00253,-0.00273,1.02350,0.00498,1.02764,0.00294,0.22114,1.13821,0.31220,1.00000,1.00000,0.14590,0.78110,0.02800,0.38010,0.91065,0.00000,0.00000,1.02000,-1.00000,0.00000,1.00000,0.00000,0.00000,17.00000,0.00000,1.07382,0.18000,1.00000,1.00000
47.33333,1.00000,0.00000,0.00000,-20.00000,0.00000,0.00000,0.00000,-0.01338,48.00000,-0.00095,0.00021,1.01710,0.00362,1.02012,0.00241,0.16099,1.10062,0.29528,1.00000,1.00000,0.14000,0.77264,0.02800,0.38551,0.91380,0.00000,0.00000,1.02000,-1.00000,0.00000,1.00000,0.00000,0.00000,17.00000,0.00000,1.07006,0.18000,1.00000,1.00000
47.36667,1.00000,0.00000,0.00000,-20.00000,0.00000,0.00000,0.00000,-0.01041,48.00000,-0.00127,0.00164,1.01245,0.00264,1.01465,0.00217,0.11720,1.07325,0.28296,1.00000,1.00000,0.14673,0.76648,0.02800,0.38945,0.91694,0.00000,0.00000,1.02000,-1.00000,0.00000,1.00000,0.00000,0.00000,17.00000,0.00000,1.06732,0.18000,1.00000,1.00000
47.40000,1.00000,0.00000,0.00000,-20.00000,0.00000,0.00000,0.00000,-0.00740,48.00000,0.00241,-0.00240,1.00907,0.00192,1.01066,0.00184,0.08532,1.05332,0.27400,1.00000,1.00000,0.14000,0.76200,0.02800,0.39232,0.92009,0.00000,0.00000,1.02000,-1.00000,0.00000,1.00000,0.00000,0.00000,17.00000,0.00000,1.06533,0.18000,1.00000,1.00000
47.43333,1.00000,0.00000,0.00000,-20.00000,0.00000,0.00000,0.00000,-0.00725,48.00000,-0.00158,0.00168,1.00660,0.00140,1.00776,0.00167,0.06211,1.03882,0.26747,1.00000,1.00000,0.14000,0.75873,0.02800,0.39441,0.92324,0.00000,0.00000,1.02000,-1.00000,0.00000,1.00000,0.00000,0.00000,17.00000,0.00000,1.06388,0.18000,1.00000,1.00000
47.46667,1.00000,0.00000,0.00000,-20.00000,0.00000,0.00000,0.00000,-0.00848,48.00000,-0.00001,-0.00024,1.00480,0.00102,1.00565,0.00154,0.04522,1.02826,0.26272,1.00000,1.00000,0.14000,0.75636,0.02800,0.39593,0.92639,0.00000,0.00000,1.02000,-1.00000,0.00000,1.00000,0.00000,0.00000,17.00000,0.00000,1.06283,0.18000,1.00000,1.00000
47.50000,1.00000,0.00000,0.00000,-20.00000,0.00000,0.00000,0.00000,-0.00883,48.00000,0.00079,-0.00102,1.00350,0.00074,1.00411,0.00145,0.03292,1.02057,0.25926,1.00000,1.00000,0.14000,0.75463,0.02800,0.39704,0.92953,0.00000,0.00000,1.02000,-1.00000,0.00000,1.00000,0.00000,0.00000,17.00000,0.00000,1.06206,0.18000,1.00000,1.00000
47.53333,1.00000,0.00000,0.00000,-20.00000,0.00000,0.00000,0.00000,-0.00799,48.00000,-0.00027,0.00147,1.00255,0.00054,1.00300,0.00138,0.02396,1.01498,0.25674,1.00000,1.00000,0.14000,0.75337,0.02800,0.39784,0.93268,0.00000,0.00000,1.02000,-1.00000,0.00000,1.00000,0.00000,0.00000,17.00000,0.00000,1.06150,0.18000,1.00000,1.00000
47.56667,1.00000,0.00000,0.00000,-20.00000,0.00000,0.00000,0.00000,-0.00703,48.00000,-0.00058,-0.00085,1.00185,0.00039,1.00218,0.00133,0.01745,1.01090,0.25491,1.00000,1.00000,0.14000,0.75245,0.02800,0.39843,0.93583,0.00000,0.00000,1.02000,-1.00000,0.00000,1.00000,0.00000,0.00000,17.00000,0.00000,1.06109,0.18000,1.00000,1.00000
47.60000,1.00000,0.00000,0.00000,-20.00000,0.00000,0.00000,0.00000,-0.00660,48.00000,0.00077,0.00014,1.00135,0.00029,1.00159,0.00130,0.01270,1.00794,0.25357,1.00000,1.00000,0.14000,0.75179,0.02800,0.39886,0.93898,0.00000,0.00000,1.02000,-1.00000,0.00000,1.00000,0.00000,0.00000,17.00000,0.00000,1.06079,0.18000,1.00000,1.00000
47.63333,1.00000,0.00000,0.00000,-20.00000,0.00000,0.00000,0.00000,-0.00648,48.00000,-0.00042,0.00034,1.00098,0.00021,1.00116,0.00127,0.00925,1.00578,0.25260,1.00000,1.00000,0.14000,0.75130,0.02800,0.39917,0.94212,0.00000,0.00000,1.02000,-1.00000,0.00000,1.00000,0.00000,0.00000,17.00000,0.00000,1.06058,0.18000,1.00000,1.00000
47.66667,1.00000,0.00000,0.00000,-20.00000,0.00000,0.00000,0.00000,-0.00604,48.00000,-0.00008,-0.00052,1.00000,0.00000,1.00000,0.00120,0.00000,1.00000,0.25000,1.00000,1.00000,0.14000,0.75000,0.02800,0.40000,0.94527,0.00000,0.00000,1.02000,-1.00000,0.00000,1.00000,0.00000,0.00000,17.00000,0.00000,1.06000,0.18000,1.00000,1.00000
47.70000,1.00000,0.00000,0.00000,-20.00000,0.00000,0.00000,0.00000,-0.00558,48.00000,0.00037,0.00044,1.00000,0.00000,1.00000,0.00120,0.00000,1.00000,0.25000,1.00000,1.00000,0.14000,0.75000,0.02800,0.40000,0.94842,0.00000,0.00000,1.02000,-1.00000,0.00000,1.00000,0.00000,0.00000,17.00000,0.00000,1.06000,0.18000,1.00000,1.00000
47.73333,1.00000,0.00000,0.00000,-20.00000,0.00000,0.00000,0.00000,0.00048,48.00000,-0.00244,-0.00115,1.04475,0.00948,1.05264,0.00448,0.42113,1.26321,0.36844,1.00000,1.00000,0.14933,0.80922,0.02800,0.36210,0.95157,0.00000,0.00000,1.02000,-1.00000,0.00000,1.00000,0.00000,0.00000,17.00000,0.00000,1.08632,0.18000,1.00000,1.00000
47.76667,1.00000,0.00000,0.00000,-20.00000,0.00000,0.00000,0.00000,0.00288,48.00000,-0.00082,-0.00214,1.03257,0.00690,1.03832,0.00350,0.30658,1.19162,0.33623,1.00000,1.00000,0.14000,0.79311,0.02800,0.37241,0.95471,0.00000,0.00000,1.02000,-1.00000,0.00000,1.00000,0.00000,0.00000,17.00000,0.00000,1.07916,0.18000,1.00000,1.00000
47.80000,1.00000,0.00000,0.00000,-20.00000,0.00000,0.00000,0.00000,-0.00344,48.00000,0.00223,0.00333,1.02371,0.00502,1.02790,0.00287,0.22319,1.13949,0.31277,1.00000,1.00000,0.14000,0.78139,0.02800,0.37991,0.95786,0.00000,0.00000,1.02000,-1.00000,0.00000,1.00000,0.00000,0.00000,17.00000,0.00000,1.07395,0.18000,1.00000,1.00000
47.83333,1.00000,0.00000,0.00000,-20.00000,0.00000,0.00000,0.00000,-0.00722,48.00000,-0.00091,-0.00247,1.01726,0.00366,1.02031,0.00242,0.16248,1.10155,0.29570,1.00000,1.00000,0.14000,0.77285,0.02800,0.38538,0.96101,0.00000,0.00000,1.02000,-1.00000,0.00000,1.00000,0.00000,0.00000,17.00000,0.00000,1.07016,0.18000,1.00000,1.00000
47.86667,1.00000,0.00000,0.00000,-20.00000,0.00000,0.00000,0.00000,-0.00514,48.00000,-0.00118,0.00069,1.01257,0.00266,1.01479,0.00213,0.11829,1.07393,0.28327,1.00000,1.00000,0.14312,0.76663,0.02800,0.38935,0.96416,0.00000,0.00000,1.02000,-1.00000,0.00000,1.00000,0.00000,0.00000,17.00000,0.00000,1.06739,0.18000,1.00000,1.00000
47.90000,1.00000,0.00000,0.00000,-20.00000,0.00000,0.00000,0.00000,-0.00157,48.00000,0.00206,0.00087,1.00915,0.00194,1.01076,0.00185,0.08611,1.05382,0.27422,1.00000,1.00000,0.14000,0.76211,0.02800,0.39225,0.96730,0.00000,0.00000,1.02000,-1.00000,0.00000,1.00000,0.00000,0.00000,17.00000,0.00000,1.06538,0.18000,1.00000,1.00000
47.93333,1.00000,0.00000,0.00000,-20.00000,0.00000,0.00000,0.00000,-0.00038,48.00000,-0.00146,-0.00163,1.00666,0.00141,1.00784,0.00167,0.06269,1.03918,0.26763,1.00000,1.00000,0.14000,0.75882,0.02800,0.39436,0.97045,0.00000,0.00000,1.02000,-1.00000,0.00000,1.00000,0.00000,0.00000,17.00000,0.00000,1.06392,0.18000,1.00000,1.00000
47.96667,1.00000,0.00000,0.00000,-20.00000,0.00000,0.00000,0.00000,-0.00111,48.00000,0.00011,0.00144,1.00485,0.00103,1.00570,0.00154,0.04564,1.02852,0.26284,1.00000,1.00000,0.14000,0.75642,0.02800,0.39589,0.97360,0.00000,0.00000,1.02000,-1.00000,0.00000,1.00000,0.00000,0.00000,17.00000,0.00000,1.06285,0.18000,1.00000,1.00000
48.00000,1.00000,0.00000,0.00000,-20.00000,0.00000,0.00000,0.00000,-0.00151,48.00000,0.00071,-0.00051,1.00353,0.00075,1.00415,0.00145,0.03322,1.02076,0.25934,1.00000,1.00000,0.14000,0.75467,0.02800,0.39701,0.97675,0.00000,0.00000,1.02000,-1.00000,0.00000,1.00000,0.00000,0.00000,17.00000,0.00000,1.06208,0.18000,1.00000,1.00000
48.03333,1.00000,0.00000,0.00000,-20.00000,0.00000,0.00000,0.00000,-0.00072,48.00000,-0.00036,-0.00053,1.00257,0.00054,1.00302,0.00138,0.02419,1.01512,0.25680,1.00000,1.00000,0.14000,0.75340,0.02800,0.39782,0.97989,0.00000,0.00000,1.02000,-1.00000,0.00000,1.00000,0.00000,0.00000,17.00000,0.00000,1.06151,0.18000,1.00000,1.00000
48.06667,1.00000,0.00000,0.00000,-20.00000,0.00000,0.00000,0.00000,0.00046,48.00000,-0.00063,0.00120,1.00187,0.00040,1.00220,0.00156,0.01761,1.01100,0.25495,1.00000,1.00000,0.15664,0.75248,0.02800,0.39842,0.98304,0.00000,0.00000,1.02000,-1.00000,0.00000,1.00000,0.00000,0.00000,17.00000,0.00000,1.06110,0.18000,1.00000,1.00000
48.10000,1.00000,0.00000,0.00000,-20.00000,0.00000,0.00000,0.00000,0.00121,48.00000,0.00132,-0.00123,1.00136,0.00029,1.00160,0.00130,0.01282,1.00801,0.25361,1.00000,1.00000,0.14000,0.75180,0.02800,0.39885,0.98619,0.00000,0.00000,1.02000,-1.00000,0.00000,1.00000,0.00000,0.00000,17.00000,0.00000,1.06080,0.18000,1.00000,1.00000
48.13333,1.00000,0.00000,0.00000,-20.00000,0.00000,0.00000,0.00000,0.00153,48.00000,-0.00096,0.00055,1.00099,0.00021,1.00117,0.00127,0.00933,1.00583,0.25262,1.00000,1.00000,0.14000,0.75131,0.02800,0.39916,0.98934,0.00000,0.00000,1.02000,-1.00000,0.00000,1.00000,0.00000,0.00000,17.00000,0.00000,1.06058,0.18000,1.00000,1.00000
48.16667,1.00000,0.00000,0.00000,-20.00000,0.00000,0.00000,0.00000,0.00187,48.00000,-0.00022,0.00047,1.00072,0.00015,1.00085,0.00125,0.00679,1.00425,0.25191,1.00000,1.00000,0.14000,0.75096,0.02800,0.39939,0.99248,0.00000,0.00000,1.02000,-1.00000,0.00000,1.00000,0.00000,0.00000,17.00000,0.00000,1.06042,0.18000,1.00000,1.00000
48.20000,1.00000,0.00000,0.00000,-20.00000,0.00000,0.00000,0.00000,0.00256,48.00000,0.00101,-0.00111,1.00000,0.00000,1.00000,0.00120,0.00000,1.00000,0.25000,1.00000,1.00000,0.14000,0.75000,0.02800,0.40000,0.99563,0.00000,0.00000,1.02000,-1.00000,0.00000,1.00000,0.00000,0.00000,17.00000,0.00000,1.06000,0.18000,1.00000,1.00000
48.23333,1.00000,0.00000,0.00000,-20.00000,0.00000,0.00000,0.00000,0.00310,48.00000,-0.00081,0.00114,1.00000,0.00000,1.00000,0.00120,0.00000,1.00000,0.25000,1.00000,1.00000,0.14000,0.75000,0.02800,0.40000,0.99878,0.00000,0.00000,1.02000,-1.00000,0.00000,1.00000,0.00000,0.00000,17.00000,0.00000,1.06000,0.18000,1.00000,1.00000
48.26667,1.00000,0.00000,0.00000,-20.00000,0.00000,0.00000,0.00000,0.01997,48.00000,-0.00047,-0.00321,1.07001,0.01483,1.08237,0.00627,0.65895,1.41184,0.43533,1.00000,1.00000,0.14936,0.84266,0.02800,0.34069,1.00193,0.00000,0.00000,1.02000,-1.00000,0.00000,1.00000,0.00000,0.00000,17.00000,0.00000,1.10118,0.18000,1.00000,1.00000
48.30000,1.00000,0.00000,0.00000,-20.00000,0.00000,0.00000,0.00000,0.00955,48.00000,0.00279,-0.00138,1.05097,0.01079,1.05996,0.00480,0.47971,1.29982,0.38492,1.00000,1.00000,0.14000,0.81746,0.02800,0.35683,1.00507,0.00000,0.00000,1.02000,-1.00000,0.00000,1.00000,0.00000,0.00000,17.00000,0.00000,1.08998,0.18000,1.00000,1.00000
48.33333,1.00000,0.00000,0.00000,-20.00000,0.00000,0.00000,0.00000,-0.00140,48.00000,-0.00119,0.00306,1.03711,0.00786,1.04365,0.00382,0.34923,1.21827,0.34822,1.00000,1.00000,0.14000,0.79911,0.02800,0.36857,1.00822,0.00000,0.00000,1.02000,-1.00000,0.00000,1.00000,0.00000,0.00000,17.00000,0.00000,1.08183,0.18000,1.00000,1.00000
48.36667,1.00000,0.00000,0.00000,-20.00000,0.00000,0.00000,0.00000,-0.00062,48.00000,-0.00123,-0.00233,1.02701,0.00572,1.03178,0.00311,0.25424,1.15890,0.32150,1.00000,1.00000,0.14000,0.78575,0.02800,0.37712,1.01137,0.00000,0.00000,1.02000,-1.00000,0.00000,1.00000,0.00000,0.00000,17.00000,0.00000,1.07589,0.18000,1.00000,1.00000
48.40000,1.00000,0.00000,0.00000,-20.00000,0.00000,0.00000,0.00000,0.00606,48.00000,0.00152,0.00066,1.01967,0.00416,1.02314,0.00259,0.18508,1.11568,0.30205,1.00000,1.00000,0.14000,0.77603,0.02800,0.38334,1.01452,0.00000,0.00000,1.02000,-1.00000,0.00000,1.00000,0.00000,0.00000,17.00000,0.00000,1.07157,0.18000,1.00000,1.00000
48.43333,1.00000,0.00000,0.00000,-20.00000,0.00000,0.00000,0.00000,0.00936,48.00000,-0.00181,0.00046,1.01432,0.00303,1.01684,0.00290,0.13474,1.08421,0.28790,1.00000,1.00000,0.19086,0.76895,0.02800,0.38787,1.01766,0.00000,0.00000,1.02000,-1.00000,0.00000,1.00000,0.00000,0.00000,17.00000,0.00000,1.06842,0.18000,1.00000,1.00000
48.46667,1.00000,0.00000,0.00000,-20.00000,0.00000,0.00000,0.00000,0.00788,48.00000,0.00025,-0.00165,1.01042,0.00221,1.01226,0.00194,0.09809,1.06131,0.27759,1.00000,1.00000,0.14000,0.76379,0.02800,0.39117,1.02081,0.00000,0.00000,1.02000,-1.00000,0.00000,1.00000,0.00000,0.00000,17.00000,0.00000,1.06613,0.18000,1.00000,1.00000
48.50000,1.00000,0.00000,0.00000,-20.00000,0.00000,0.00000,0.00000,0.00587,48.00000,0.00091,0.00167,1.00759,0.00161,1.00893,0.00174,0.07141,1.04463,0.27008,1.00000,1.00000,0.14000,0.76004,0.02800,0.39357,1.02396,0.00000,0.00000,1.02000,-1.00000,0.00000,1.00000,0.00000,0.00000,17.00000,0.00000,1.06446,0.18000,1.00000,1.00000
48.53333,1.00000,0.00000,0.00000,-20.00000,0.00000,0.00000,0.00000,0.00611,48.00000,-0.00059,-0.00083,1.00552,0.00117,1.00650,0.00159,0.05199,1.03249,0.26462,1.00000,1.00000,0.14000,0.75731,0.02800,0.39532,1.02711,0.00000,0.00000,1.02000,-1.00000,0.00000,1.00000,0.00000,0.00000,17.00000,0.00000,1.06325,0.18000,1.00000,1.00000
48.56667,1.00000,0.00000,0.00000,-20.00000,0.00000,0.00000,0.00000,0.00770,48.00000,-0.00054,-0.00027,1.00402,0.00085,1.00473,0.00148,0.03785,1.02365,0.26064,1.00000,1.00000,0.14000,0.75532,0.02800,0.39659,1.03025,0.00000,0.00000,1.02000,-1.00000,0.00000,1.00000,0.00000,0.00000,17.00000,0.00000,1.06237,0.18000,1.00000,1.00000
48.60000,1.00000,0.00000,0.00000,-20.00000,0.00000,0.00000,0.00000,0.00871,48.00000,0.00125,0.00106,1.00293,0.00062,1.00344,0.00141,0.02755,1.01722,0.25775,1.00000,1.00000,0.14000,0.75387,0.02800,0.39752,1.03340,0.00000,0.00000,1.02000,-1.00000,0.00000,1.00000,0.00000,0.00000,17.00000,0.00000,1.06172,0.18000,1.00000,1.00000
48.63333,1.00000,0.00000,0.00000,-20.00000,0.00000,0.00000,0.00000,0.00871,48.00000,-0.00087,-0.00118,1.00213,0.00045,1.00251,0.00135,0.02006,1.01254,0.25564,1.00000,1.00000,0.14000,0.75282,0.02800,0.39819,1.03655,0.00000,0.00000,1.02000,-1.00000,0.00000,1.00000,0.00000,0.00000,17.00000,0.00000,1.06125,0.18000,1.00000,1.00000
48.66667,1.00000,0.00000,0.00000,-20.00000,0.00000,0.00000,0.00000,0.00850,48.00000,-0.00021,0.00068,1.00155,0.00033,1.00183,0.00131,0.01460,1.00913,0.25411,1.00000,1.00000,0.14000,0.75205,0.02800,0.39869,1.03970,0.00000,0.00000,1.02000,-1.00000,0.00000,1.00000,0.00000,0.00000,17.00000,0.00000,1.06091,0.18000,1.00000,1.00000
48.70000,1.00000,0.00000,0.00000,-20.00000,0.00000,0.00000,0.00000,0.00895,48.00000,0.00087,0.00013,1.00000,0.00000,1.00000,0.00120,0.00000,1.00000,0.25000,1.00000,1.00000,0.14000,0.75000,0.02800,0.40000,1.04284,0.00000,0.00000,1.02000,-1.00000,0.00000,1.00000,0.00000,0.00000,17.00000,0.00000,1.06000,0.18000,1.00000,1.00000
48.73333,1.00000,0.00000,0.00000,-20.00000,0.00000,0.00000,0.00000,0.00919,48.00000,-0.00047,-0.00044,1.00000,0.00000,1.00000,0.00120,0.00000,1.00000,0.25000,1.00000,1.00000,0.14000,0.75000,0.02800,0.40000,1.04599,0.00000,0.00000,1.02000,-1.00000,0.00000,1.00000,0.00000,0.00000,17.00000,0.00000,1.06000,0.18000,1.00000,1.00000
48.76667,1.00000,0.00000,0.00000,-20.00000,0.00000,0.00000,0.00000,0.00940,48.00000,0.00005,0.00063,1.00000,0.00000,1.00000,0.00262,0.00000,1.00000,0.25000,1.00000,1.00000,0.24543,0.75000,0.02800,0.40000,1.04914,0.00000,0.00000,1.02000,-1.00000,0.00000,1.00000,0.00000,0.00000,17.00000,0.00000,1.06000,0.18000,1.00000,1.00000
48.80000,0.00000,1.55934,1.61060,9.05445,0.00000,0.18000,0.00000,0.09704,47.16253,0.00290,-0.00323,1.04358,0.00923,1.05127,0.00428,0.41014,1.09379,0.36535,1.00000,1.00000,0.14000,0.66768,0.02800,0.40847,0.00000,0.00000,0.00000,1.02000,-1.00000,0.00000,1.00000,0.00000,0.00000,17.00000,0.00000,1.08563,0.18000,1.00000,1.00000
48.83333,0.00000,1.51929,1.60788,9.12119,0.00000,0.18000,0.00000,0.08670,46.88620,-0.00163,-0.00038,1.03172,0.00672,1.03732,0.00344,0.29858,1.03660,0.33397,1.00000,1.00000,0.14000,0.65471,0.02800,0.41977,0.00000,0.00000,0.00000,1.02000,-1.00000,0.00000,1.00000,0.00000,0.00000,17.00000,0.00000,1.07866,0.18000,1.00000,1.00000
48.86667,0.00000,1.47566,1.60185,9.16974,0.00000,0.18000,0.00000,0.08442,46.70034,-0.00171,0.00260,1.02309,0.00489,1.02717,0.00283,0.21736,0.99454,0.31113,1.00000,1.00000,0.14000,0.64527,0.02800,0.42799,0.00000,0.00000,0.00000,1.02000,-1.00000,0.00000,1.00000,0.00000,0.00000,17.00000,0.00000,1.07359,0.18000,1.00000,1.00000
48.90000,0.00000,1.42945,1.59338,9.20465,0.00000,0.18000,0.00000,0.08892,46.58056,0.00338,-0.00277,1.01681,0.00356,1.01978,0.00239,0.15824,0.96361,0.29450,1.00000,1.00000,0.14000,0.63840,0.02800,0.43398,0.00000,0.00000,0.00000,1.02000,-1.00000,0.00000,1.00000,0.00000,0.00000,17.00000,0.00000,1.06989,0.18000,1.00000,1.00000
48.93333,0.00000,1.38141,1.58314,9.22940,0.00000,0.18000,0.00000,0.09236,46.50903,-0.00233,0.00146,1.01224,0.00259,1.01440,0.00209,0.11520,0.94086,0.28240,1.00000,1.00000,0.14190,0.63339,0.02800,0.43834,0.00000,0.00000,0.00000,1.02000,-1.00000,0.00000,1.00000,0.00000,0.00000,17.00000,0.00000,1.06720,0.18000,1.00000,1.00000
48.96667,0.00000,1.33209,1.57161,9.24656,0.00000,0.18000,0.00000,0.09168,46.47275,0.00030,0.00006,1.00891,0.00189,1.01048,0.00183,0.08386,0.92409,0.27359,1.00000,1.00000,0.14000,0.62975,0.02800,0.44151,0.00000,0.00000,0.00000,1.02000,-1.00000,0.00000,1.00000,0.00000,0.00000,17.00000,0.00000,1.06524,0.18000,1.00000,1.00000
49.00000,0.00000,1.28188,1.55915,9.25807,0.00000,0.18000,0.00000,0.08954,46.46219,0.00061,-0.00074,1.00649,0.00137,1.00763,0.00166,0.06105,0.91169,0.26717,1.00000,1.00000,0.14000,0.62710,0.02800,0.44382,0.00000,0.00000,0.00000,1.02000,-1.00000,0.00000,1.00000,0.00000,0.00000,17.00000,0.00000,1.06382,0.18000,1.00000,1.00000
49.03333,0.00000,1.23106,1.54603,9.26536,0.00000,0.18000,0.00000,0.08884,46.47045,-0.00036,0.00068,1.00472,0.00100,1.00556,0.00153,0.04445,0.90248,0.26250,1.00000,1.00000,0.14000,0.62517,0.02800,0.44550,0.00000,0.00000,0.00000,1.02000,-1.00000,0.00000,1.00000,0.00000,0.00000,17.00000,0.00000,1.06278,0.18000,1.00000,1.00000
49.06667,0.00000,1.17983,1.53243,9.26948,0.00000,0.18000,0.00000,0.08958,46.49245,-0.00015,-0.00041,1.00344,0.00073,1.00404,0.00144,0.03236,0.89560,0.25910,1.00000,1.00000,0.14000,0.62376,0.02800,0.44672,0.00000,0.00000,0.00000,1.02000,-1.00000,0.00000,1.00000,0.00000,0.00000,17.00000,0.00000,1.06202,0.18000,1.00000,1.00000
49.10000,0.00000,1.12833,1.51849,9.27119,0.00000,0.18000,0.00000,0.09021,46.52451,0.00049,0.00001,1.00250,0.00053,1.00294,0.00138,0.02356,0.89042,0.25662,1.00000,1.00000,0.14000,0.62274,0.02800,0.44762,0.00000,0.00000,0.00000,1.02000,-1.00000,0.00000,1.00000,0.00000,0.00000,17.00000,0.00000,1.06147,0.18000,1.00000,1.00000
49.13333,0.00000,1.07666,1.50433,9.27106,0.00000,0.18000,0.00000,0.09000,46.56395,-0.00056,0.00052,1.00182,0.00039,1.00214,0.00376,0.01715,0.88647,0.25482,1.00000,1.00000,0.32086,0.62199,0.02800,0.44826,0.00000,0.00000,0.00000,1.02000,-1.00000,0.00000,1.00000,0.00000,0.00000,17.00000,0.00000,1.06107,0.18000,1.00000,1.00000
49.16667,0.00000,1.02491,1.49000,9.26951,0.00000,0.18000,0.00000,0.08940,46.60880,-0.00022,-0.00104,1.00133,0.00028,1.00156,0.00129,0.01248,0.88342,0.25351,1.00000,1.00000,0.14000,0.62145,0.02800,0.44874,0.00000,0.00000,0.00000,1.02000,-1.00000,0.00000,1.00000,0.00000,0.00000,17.00000,0.00000,1.06078,0.18000,1.00000,1.00000
49.20000,0.00000,0.97312,1.47557,9.26683,0.00000,0.18000,0.00000,0.08903,46.65765,0.00107,0.00074,1.00097,0.00020,1.00114,0.00127,0.00909,0.88103,0.25256,1.00000,1.00000,0.14000,0.62106,0.02800,0.44908,0.00000,0.00000,0.00000,1.02000,-1.00000,0.00000,1.00000,0.00000,0.00000,17.00000,0.00000,1.06057,0.18000,1.00000,1.00000
49.23333,0.00000,0.92175,1.46174,9.26746,0.00000,0.18000,0.00000,0.08903,46.68921,-0.00094,-0.00005,1.00000,0.00000,1.00000,0.00120,0.00000,0.87571,0.25000,1.00000,1.00000,0.14000,0.62000,0.02800,0.45000,0.00000,0.00000,0.00000,1.02000,-1.00000,0.00000,1.00000,0.00000,0.00000,17.00000,0.00000,1.06000,0.18000,1.00000,1.00000
49.26667,0.00000,0.86985,1.44701,9.26199,0.00000,0.18000,0.00000,0.08877,46.74867,0.00020,-0.00060,1.00000,0.00000,1.00000,0.00120,0.00000,0.87507,0.25000,1.00000,1.00000,0.14000,0.62000,0.02800,0.45000,0.00000,0.00000,0.00000,1.02000,-1.00000,0.00000,1.00000,0.00000,0.00000,17.00000,0.00000,1.06000,0.18000,1.00000,1.00000
49.30000,0.00000,0.81804,1.43232,9.25620,0.00000,0.18000,0.00000,0.08848,46.80828,0.00049,0.00090,1.00000,0.00000,1.00000,0.00120,0.00000,0.87442,0.25000,1.00000,1.00000,0.14000,0.62000,0.02800,0.45000,0.00000,0.00000,0.00000,1.02000,-1.00000,0.00000,1.00000,0.00000,0.00000,17.00000,0.00000,1.06000,0.18000,1.00000,1.00000
49.33333,0.00000,0.74354,1.37552,8.97519,0.00000,0.18000,0.00000,0.08741,48.23191,-0.00201,-0.00355,1.04734,0.01002,1.05569,0.00454,0.44554,1.09871,0.37531,1.00000,1.00000,0.14000,0.67179,0.02800,0.40489,0.00000,0.00000,0.00000,1.02000,-1.00000,0.00000,1.00000,0.00000,0.00000,17.00000,0.00000,1.08785,0.18000,1.00000,1.00000
49.36667,0.00000,0.69909,1.37242,9.04207,0.00000,0.18000,0.00000,0.08002,47.92257,-0.00167,0.00039,1.03446,0.00730,1.04054,0.00363,0.32435,1.03748,0.34122,1.00000,1.00000,0.14000,0.65771,0.02800,0.41716,0.00000,0.00000,0.00000,1.02000,-1.00000,0.00000,1.00000,0.00000,0.00000,17.00000,0.00000,1.08027,0.18000,1.00000,1.00000
49.40000,0.00000,0.65255,1.36624,9.08942,0.00000,0.18000,0.00000,0.08410,47.71323,0.00360,0.00173,1.02509,0.00531,1.02952,0.00297,0.23613,0.99242,0.31641,1.00000,1.00000,0.14000,0.64745,0.02800,0.42609,0.00000,0.00000,0.00000,1.02000,-1.00000,0.00000,1.00000,0.00000,0.00000,17.00000,0.00000,1.07476,0.18000,1.00000,1.00000
49.43333,0.00000,0.60455,1.35781,9.12214,0.00000,0.18000,0.00000,0.08960,47.57695,-0.00273,-0.00227,1.01826,0.00387,1.02149,0.00249,0.17190,0.95929,0.29835,1.00000,1.00000,0.14000,0.63998,0.02800,0.43260,0.00000,0.00000,0.00000,1.02000,-1.00000,0.00000,1.00000,0.00000,0.00000,17.00000,0.00000,1.07074,0.18000,1.00000,1.00000
49.46667,0.00000,0.55556,1.34772,9.14394,0.00000,0.18000,0.00000,0.08967,47.49402,0.00044,0.00149,1.01330,0.00282,1.01564,0.00214,0.12514,0.93492,0.28520,1.00000,1.00000,0.14000,0.63455,0.02800,0.43733,0.00000,0.00000,0.00000,1.02000,-1.00000,0.00000,1.00000,0.00000,0.00000,17.00000,0.00000,1.06782,0.18000,1.00000,1.00000
49.50000,0.00000,0.50592,1.33644,9.15761,0.00000,0.18000,0.00000,0.08634,47.45005,0.00118,-0.00026,1.00968,0.00205,1.01139,0.00194,0.09110,0.91697,0.27562,1.00000,1.00000,0.14426,0.63059,0.02800,0.44078,0.00000,0.00000,0.00000,1.02000,-1.00000,0.00000,1.00000,0.00000,0.00000,17.00000,0.00000,1.06569,0.18000,1.00000,1.00000
49.53333,0.00000,0.45585,1.32430,9.16523,0.00000,0.18000,0.00000,0.08424,47.43454,-0.00115,-0.00093,1.00705,0.00149,1.00829,0.00172,0.06632,0.90370,0.26865,1.00000,1.00000,0.14164,0.62771,0.02800,0.44328,0.00000,0.00000,0.00000,1.02000,-1.00000,0.00000,1.00000,0.00000,0.00000,17.00000,0.00000,1.06415,0.18000,1.00000,1.00000
49.56667,0.00000,0.40553,1.31154,9.16833,0.00000,0.18000,0.00000,0.08451,47.43983,-0.00016,0.00141,1.00513,0.00109,1.00604,0.00156,0.04828,0.89386,0.26358,1.00000,1.00000,0.14000,0.62561,0.02800,0.44511,0.00000,0.00000,0.00000,1.02000,-1.00000,0.00000,1.00000,0.00000,0.00000,17.00000,0.00000,1.06302,0.18000,1.00000,1.00000
49.60000,0.00000,0.35507,1.29835,9.16804,0.00000,0.18000,0.00000,0.08525,47.46032,0.00119,-0.00109,1.00373,0.00079,1.00439,0.00148,0.03515,0.88652,0.25989,1.00000,1.00000,0.14086,0.62409,0.02800,0.44644,0.00000,0.00000,0.00000,1.02000,-1.00000,0.00000,1.00000,0.00000,0.00000,17.00000,0.00000,1.06220,0.18000,1.00000,1.00000
49.63333,0.00000,0.30455,1.28485,9.16521,0.00000,0.18000,0.00000,0.08495,47.49194,-0.00091,0.00023,1.00272,0.00058,1.00320,0.00157,0.02559,0.88099,0.25720,1.00000,1.00000,0.15323,0.62297,0.02800,0.44741,0.00000,0.00000,0.00000,1.02000,-1.00000,0.00000,1.00000,0.00000,0.00000,17.00000,0.00000,1.06160,0.18000,1.00000,1.00000
49.66667,0.00000,0.25403,1.27113,9.16043,0.00000,0.18000,0.00000,0.08388,47.53170,-0.00023,0.00055,1.00198,0.00042,1.00233,0.00139,0.01863,0.87680,0.25524,1.00000,1.00000,0.14364,0.62217,0.02800,0.44811,0.00000,0.00000,0.00000,1.02000,-1.00000,0.00000,1.00000,0.00000,0.00000,17.00000,0.00000,1.06116,0.18000,1.00000,1.00000
49.70000,0.00000,0.20354,1.25727,9.15415,0.00000,0.18000,0.00000,0.08297,47.57746,0.00115,-0.00092,1.00144,0.00031,1.00170,0.00130,0.01356,0.87357,0.25381,1.00000,1.00000,0.14000,0.62158,0.02800,0.44863,0.00000,0.00000,0.00000,1.02000,-1.00000,0.00000,1.00000,0.00000,0.00000,17.00000,0.00000,1.06085,0.18000,1.00000,1.00000
49.73333,0.00000,0.15311,1.24332,9.14671,0.00000,0.18000,0.00000,0.08254,47.62762,-0.00118,0.00079,1.00105,0.00022,1.00123,0.00128,0.00987,0.87104,0.25278,1.00000,1.00000,0.14029,0.62115,0.02800,0.44900,0.00000,0.00000,0.00000,1.02000,-1.00000,0.00000,1.00000,0.00000,0.00000,17.00000,0.00000,1.06062,0.18000,1.00000,1.00000
49.76667,0.00000,0.10281,1.22991,9.14284,0.00000,0.18000,0.00000,0.08218,47.65864,0.00033,-0.00020,1.00000,0.00000,1.00000,0.00120,0.00000,0.86537,0.25000,1.00000,1.00000,0.14000,0.62000,0.02800,0.45000,0.00000,0.00000,0.00000,1.02000,-1.00000,0.00000,1.00000,0.00000,0.00000,17.00000,0.00000,1.06000,0.18000,1.00000,1.00000
49.80000,0.00000,0.05252,1.21569,9.13247,0.00000,0.18000,0.00000,0.08162,47.72054,0.00044,-0.00042,1.00000,0.00000,1.00000,0.00126,0.00000,0.86472,0.25000,1.00000,1.00000,0.14455,0.62000,0.02800,0.45000,0.00000,0.00000,0.00000,1.02000,-1.00000,0.00000,1.00000,0.00000,0.00000,17.00000,0.00000,1.06000,0.18000,1.00000,1.00000
49.83333,0.00000,0.00236,1.20151,9.12180,0.00000,0.18000,0.00000,0.08106,47.78259,-0.00042,0.00077,1.00000,0.00000,1.00000,0.00120,0.00000,0.86407,0.25000,1.00000,1.00000,0.14000,0.62000,0.02800,0.45000,0.00000,0.00000,0.00000,1.02000,-1.00000,0.00000,1.00000,0.00000,0.00000,17.00000,0.00000,1.06000,0.18000,1.00000,1.00000
49.86667,0.00000,-2.99260,1.66490,7.67564,0.00000,0.18000,0.00000,0.07071,52.05025,-0.00119,-0.00257,1.05107,0.01081,1.06008,0.00480,0.48062,1.06910,0.38517,1.00000,1.00000,0.14000,0.67587,0.02800,0.40134,0.00000,0.00000,0.00000,1.02000,-1.00000,0.00000,1.00000,0.00000,0.00000,17.00000,0.00000,1.09004,0.18000,1.00000,1.00000
49.90000,0.00000,-3.05800,1.66581,7.71786,0.00000,0.18000,0.00000,0.07278,51.69045,0.00208,0.00043,1.03718,0.00787,1.04374,0.00382,0.34989,1.00599,0.34841,1.00000,1.00000,0.14000,0.66067,0.02800,0.41457,0.00000,0.00000,0.00000,1.02000,-1.00000,0.00000,1.00000,0.00000,0.00000,17.00000,0.00000,1.08187,0.18000,1.00000,1.00000
49.93333,0.00000,-3.11686,1.66276,7.74196,0.00000,0.18000,0.00000,0.08110,51.44572,-0.00157,0.00057,1.02706,0.00573,1.03184,0.00311,0.25472,0.95954,0.32164,1.00000,1.00000,0.14000,0.64961,0.02800,0.42421,0.00000,0.00000,0.00000,1.02000,-1.00000,0.00000,1.00000,0.00000,0.00000,17.00000,0.00000,1.07592,0.18000,1.00000,1.00000
49.96667,0.00000,-3.17071,1.65678,7.75250,0.00000,0.18000,0.00000,0.08343,51.28509,0.00027,-0.00092,1.01970,0.00417,1.02318,0.00259,0.18543,0.92539,0.30215,1.00000,1.00000,0.14000,0.64156,0.02800,0.43122,0.00000,0.00000,0.00000,1.02000,-1.00000,0.00000,1.00000,0.00000,0.00000,17.00000,0.00000,1.07159,0.18000,1.00000,1.00000
50.00000,0.00000,-3.22072,1.64866,7.75296,0.00000,0.18000,0.00000,0.07955,51.18590,0.00070,0.00078,1.01434,0.00304,1.01687,0.00227,0.13499,0.90026,0.28797,1.00000,1.00000,0.14400,0.63569,0.02800,0.43633,0.00000,0.00000,0.00000,1.02000,-1.00000,0.00000,1.00000,0.00000,0.00000,17.00000,0.00000,1.06844,0.18000,1.00000,1.00000
50.03333,0.00000,-3.26781,1.63897,7.74594,0.00000,0.18000,0.00000,0.07586,51.13158,-0.00131,-0.00044,1.01044,0.00221,1.01228,0.00200,0.09828,0.88175,0.27764,1.00000,1.00000,0.14437,0.63142,0.02800,0.44005,0.00000,0.00000,0.00000,1.02000,-1.00000,0.00000,1.00000,0.00000,0.00000,17.00000,0.00000,1.06614,0.18000,1.00000,1.00000
50.06667,0.00000,-3.31267,1.62815,7.73339,0.00000,0.18000,0.00000,0.07557,51.11006,0.00010,-0.00056,1.00760,0.00161,1.00894,0.00174,0.07154,0.86809,0.27012,1.00000,1.00000,0.14000,0.62832,0.02800,0.44276,0.00000,0.00000,0.00000,1.02000,-1.00000,0.00000,1.00000,0.00000,0.00000,17.00000,0.00000,1.06447,0.18000,1.00000,1.00000
50.10000,0.00000,-3.35582,1.61652,7.71673,0.00000,0.18000,0.00000,0.07681,51.11248,0.00095,0.00105,1.00553,0.00117,1.00651,0.00162,0.05208,0.85796,0.26465,1.00000,1.00000,0.14234,0.62605,0.02800,0.44473,0.00000,0.00000,0.00000,1.02000,-1.00000,0.00000,1.00000,0.00000,0.00000,17.00000,0.00000,1.06326,0.18000,1.00000,1.00000
50.13333,0.00000,-3.39765,1.60430,7.69702,0.00000,0.18000,0.00000,0.07701,51.13241,-0.00085,-0.00094,1.00403,0.00085,1.00474,0.00153,0.03792,0.85041,0.26066,1.00000,1.00000,0.14367,0.62441,0.02800,0.44616,0.00000,0.00000,0.00000,1.02000,-1.00000,0.00000,1.00000,0.00000,0.00000,17.00000,0.00000,1.06237,0.18000,1.00000,1.00000
50.16667,0.00000,-3.43844,1.59166,7.67504,0.00000,0.18000,0.00000,0.07590,51.16516,-0.00024,0.00034,1.00293,0.00062,1.00345,0.00141,0.02760,0.84474,0.25776,1.00000,1.00000,0.14000,0.62321,0.02800,0.44721,0.00000,0.00000,0.00000,1.02000,-1.00000,0.00000,1.00000,0.00000,0.00000,17.00000,0.00000,1.06173,0.18000,1.00000,1.00000
50.20000,0.00000,-3.47841,1.57873,7.65133,0.00000,0.18000,0.00000,0.07473,51.20730,0.00130,0.00039,1.00214,0.00045,1.00251,0.00150,0.02010,0.84044,0.25565,1.00000,1.00000,0.15097,0.62234,0.02800,0.44797,0.00000,0.00000,0.00000,1.02000,-1.00000,0.00000,1.00000,0.00000,0.00000,17.00000,0.00000,1.06126,0.18000,1.00000,1.00000
50.23333,0.00000,-3.51772,1.56560,7.62633,0.00000,0.18000,0.00000,0.07423,51.25633,-0.00145,-0.00089,1.00155,0.00033,1.00183,0.00131,0.01463,0.83713,0.25411,1.00000,1.00000,0.14000,0.62170,0.02800,0.44852,0.00000,0.00000,0.00000,1.02000,-1.00000,0.00000,1.00000,0.00000,0.00000,17.00000,0.00000,1.06091,0.18000,1.00000,1.00000
50.26667,0.00000,-3.55649,1.55233,7.60032,0.00000,0.18000,0.00000,0.07412,51.31042,0.00052,0.00086,1.00113,0.00024,1.00133,0.00128,0.01065,0.83456,0.25300,1.00000,1.00000,0.14000,0.62124,0.02800,0.44892,0.00000,0.00000,0.00000,1.02000,-1.00000,0.00000,1.00000,0.00000,0.00000,17.00000,0.00000,1.06067,0.18000,1.00000,1.00000
50.30000,0.00000,-3.59671,1.53978,7.57757,0.00000,0.18000,0.00000,0.07366,51.34246,0.00045,-0.00032,1.00000,0.00000,1.00000,0.00120,0.00000,0.82874,0.25000,1.00000,1.00000,0.14000,0.62000,0.02800,0.45000,0.00000,0.00000,0.00000,1.02000,-1.00000,0.00000,1.00000,0.00000,0.00000,17.00000,0.00000,1.06000,0.18000,1.00000,1.00000
50.33333,0.00000,-3.63412,1.52613,7.54905,0.00000,0.18000,0.00000,0.07323,51.41007,-0.00053,-0.00031,1.00000,0.00000,1.00000,0.00130,0.00000,0.82810,0.25000,1.00000,1.00000,0.14725,0.62000,0.02800,0.45000,0.00000,0.00000,0.00000,1.02000,-1.00000,0.00000,1.00000,0.00000,0.00000,17.00000,0.00000,1.06000,0.18000,1.00000,1.00000
50.36667,0.00000,-3.51031,1.44618,7.19054,0.00000,0.18000,0.00000,0.06338,53.69410,-0.00157,0.00475,1.07088,0.01501,1.08339,0.00620,0.66712,1.14391,0.43763,1.00000,1.00000,0.14000,0.69755,0.02800,0.38245,0.00000,0.00000,0.00000,1.02000,-1.00000,0.00000,1.00000,0.00000,0.00000,17.00000,0.00000,1.10169,0.18000,1.00000,1.00000
50.40000,0.00000,-3.58847,1.45048,7.24936,0.00000,0.18000,0.00000,0.06072,53.16284,0.00379,-0.00258,1.05160,0.01093,1.06071,0.00484,0.48566,1.05850,0.38659,1.00000,1.00000,0.14000,0.67646,0.02800,0.40083,0.00000,0.00000,0.00000,1.02000,-1.00000,0.00000,1.00000,0.00000,0.00000,17.00000,0.00000,1.09035,0.18000,1.00000,1.00000
50.43333,0.00000,-3.65618,1.45010,7.28521,0.00000,0.18000,0.00000,0.07144,52.79342,-0.00247,0.00071,1.03757,0.00796,1.04419,0.00385,0.35356,0.99552,0.34944,1.00000,1.00000,0.14000,0.66110,0.02800,0.41420,0.00000,0.00000,0.00000,1.02000,-1.00000,0.00000,1.00000,0.00000,0.00000,17.00000,0.00000,1.08210,0.18000,1.00000,1.00000
50.46667,0.00000,-3.71584,1.44622,7.30373,0.00000,0.18000,0.00000,0.07765,52.54239,0.00037,0.00041,1.02735,0.00579,1.03217,0.00313,0.25739,0.94916,0.32239,1.00000,1.00000,0.14000,0.64992,0.02800,0.42394,0.00000,0.00000,0.00000,1.02000,-1.00000,0.00000,1.00000,0.00000,0.00000,17.00000,0.00000,1.07609,0.18000,1.00000,1.00000
50.50000,0.00000,-3.76936,1.43976,7.30930,0.00000,0.18000,0.00000,0.07463,52.37789,0.00085,-0.00080,1.01991,0.00422,1.02342,0.00261,0.18738,0.91506,0.30270,1.00000,1.00000,0.14000,0.64178,0.02800,0.43103,0.00000,0.00000,0.00000,1.02000,-1.00000,0.00000,1.00000,0.00000,0.00000,17.00000,0.00000,1.07171,0.18000,1.00000,1.00000
50.53333,0.00000,-3.81821,1.43141,7.30525,0.00000,0.18000,0.00000,0.06957,52.27663,-0.00116,0.00090,1.01449,0.00307,1.01705,0.00386,0.13641,0.88997,0.28837,1.00000,1.00000,0.26155,0.63586,0.02800,0.43619,0.00000,0.00000,0.00000,1.02000,-1.00000,0.00000,1.00000,0.00000,0.00000,17.00000,0.00000,1.06853,0.18000,1.00000,1.00000
50.56667,0.00000,-3.86353,1.42168,7.29407,0.00000,0.18000,0.00000,0.06846,52.22155,0.00039,-0.00054,1.01055,0.00223,1.01241,0.00194,0.09931,0.87149,0.27793,1.00000,1.00000,0.14000,0.63154,0.02800,0.43995,0.00000,0.00000,0.00000,1.02000,-1.00000,0.00000,1.00000,0.00000,0.00000,17.00000,0.00000,1.06621,0.18000,1.00000,1.00000
50.60000,0.00000,-3.90615,1.41095,7.27761,0.00000,0.18000,0.00000,0.07035,52.20021,0.00089,-0.00036,1.00768,0.00163,1.00904,0.00174,0.07229,0.85784,0.27033,1.00000,1.00000,0.14000,0.62840,0.02800,0.44268,0.00000,0.00000,0.00000,1.02000,-1.00000,0.00000,1.00000,0.00000,0.00000,17.00000,0.00000,1.06452,0.18000,1.00000,1.00000
50.63333,0.00000,-3.94673,1.39951,7.25725,0.00000,0.18000,0.00000,0.07164,52.20353,-0.00089,0.00092,1.00559,0.00118,1.00658,0.00162,0.05263,0.84772,0.26480,1.00000,1.00000,0.14221,0.62612,0.02800,0.44467,0.00000,0.00000,0.00000,1.02000,-1.00000,0.00000,1.00000,0.00000,0.00000,17.00000,0.00000,1.06329,0.18000,1.00000,1.00000
50.66667,0.00000,-3.98572,1.38757,7.23399,0.00000,0.18000,0.00000,0.07107,52.22488,-0.00022,-0.00087,1.00407,0.00086,1.00479,0.00149,0.03831,0.84018,0.26078,1.00000,1.00000,0.14000,0.62445,0.02800,0.44612,0.00000,0.00000,0.00000,1.02000,-1.00000,0.00000,1.00000,0.00000,0.00000,17.00000,0.00000,1.06239,0.18000,1.00000,1.00000
50.70000,0.00000,-4.02350,1.37525,7.20857,0.00000,0.18000,0.00000,0.06996,52.25943,0.00127,0.00038,1.00296,0.00063,1.00349,0.00142,0.02789,0.83451,0.25784,1.00000,1.00000,0.14065,0.62324,0.02800,0.44718,0.00000,0.00000,0.00000,1.02000,-1.00000,0.00000,1.00000,0.00000,0.00000,17.00000,0.00000,1.06174,0.18000,1.00000,1.00000
50.73333,0.00000,-4.06031,1.36269,7.18154,0.00000,0.18000,0.00000,0.06960,52.30364,-0.00135,0.00022,1.00216,0.00046,1.00254,0.00135,0.02031,0.83021,0.25571,1.00000,1.00000,0.14000,0.62236,0.02800,0.44794,0.00000,0.00000,0.00000,1.02000,-1.00000,0.00000,1.00000,0.00000,0.00000,17.00000,0.00000,1.06127,0.18000,1.00000,1.00000
50.76667,0.00000,-4.09635,1.34995,7.15328,0.00000,0.18000,0.00000,0.06993,52.35495,0.00055,-0.00065,1.00157,0.00033,1.00185,0.00131,0.01478,0.82691,0.25416,1.00000,1.00000,0.14000,0.62172,0.02800,0.44850,0.00000,0.00000,0.00000,1.02000,-1.00000,0.00000,1.00000,0.00000,0.00000,17.00000,0.00000,1.06092,0.18000,1.00000,1.00000
50.80000,0.00000,-4.13176,1.33709,7.12409,0.00000,0.18000,0.00000,0.07022,52.41149,0.00040,0.00070,1.00114,0.00024,1.00135,0.00128,0.01076,0.82433,0.25303,1.00000,1.00000,0.14000,0.62125,0.02800,0.44891,0.00000,0.00000,0.00000,1.02000,-1.00000,0.00000,1.00000,0.00000,0.00000,17.00000,0.00000,1.06067,0.18000,1.00000,1.00000
50.83333,0.00000,-4.16889,1.32487,7.09799,0.00000,0.18000,0.00000,0.07000,52.44532,-0.00053,-0.00031,1.00000,0.00000,1.00000,0.00120,0.00000,0.81851,0.25000,1.00000,1.00000,0.14000,0.62000,0.02800,0.45000,0.00000,0.00000,0.00000,1.02000,-1.00000,0.00000,1.00000,0.00000,0.00000,17.00000,0.00000,1.06000,0.18000,1.00000,1.00000
50.86667,0.00000,-4.20274,1.31169,7.06644,0.00000,0.18000,0.00000,0.07003,52.51578,-0.00009,-0.00017,1.00000,0.00000,1.00000,0.00120,0.00000,0.81787,0.25000,1.00000,1.00000,0.14000,0.62000,0.02800,0.45000,0.00000,0.00000,0.00000,1.02000,-1.00000,0.00000,1.00000,0.00000,0.00000,17.00000,0.00000,1.06000,0.18000,1.00000,1.00000
50.90000,0.00000,-10.68817,6.56387,6.15955,0.00000,-0.32000,0.00000,-0.08343,52.66146,0.00546,0.00349,1.05769,0.57132,1.06787,0.00542,0.54293,1.63108,0.40270,1.00000,1.00000,0.15102,0.68312,0.02800,0.39503,0.00000,0.00000,0.00000,1.02000,-1.00000,0.00000,1.00000,0.00000,0.00000,17.00000,0.00000,1.09393,0.18000,1.00000,1.00000
50.93333,0.00000,-10.79159,6.63700,6.15613,0.00000,-0.32000,0.00000,-0.07386,52.25172,-0.00519,-0.00329,1.04200,0.38663,1.04941,0.00416,0.39525,1.52537,0.36116,1.00000,1.00000,0.14000,0.66595,0.02800,0.40998,0.00000,0.00000,0.00000,1.02000,-1.00000,0.00000,1.00000,0.00000,0.00000,17.00000,0.00000,1.08470,0.18000,1.00000,1.00000
50.96667,0.00000,-10.86721,6.69332,6.13613,0.00000,-0.32000,0.00000,-0.06447,51.97794,0.00094,0.00135,1.03057,0.26167,1.03597,0.00336,0.28774,1.44744,0.33093,1.00000,1.00000,0.14000,0.65345,0.02800,0.42087,0.00000,0.00000,0.00000,1.02000,-1.00000,0.00000,1.00000,0.00000,0.00000,17.00000,0.00000,1.07798,0.18000,1.00000,1.00000
51.00000,0.00000,-10.92190,6.73698,6.10386,0.00000,-0.32000,0.00000,-0.06487,51.80351,0.00238,0.00054,1.02226,0.17712,1.02618,0.00277,0.20947,1.39006,0.30891,1.00000,1.00000,0.14000,0.64435,0.02800,0.42879,0.00000,0.00000,0.00000,1.02000,-1.00000,0.00000,1.00000,0.00000,0.00000,17.00000,0.00000,1.07309,0.18000,1.00000,1.00000
51.03333,0.00000,-10.96091,6.77120,6.06261,0.00000,-0.32000,0.00000,-0.06987,51.70166,-0.00264,-0.00148,1.01620,0.11991,1.01906,0.00242,0.15250,1.34778,0.29289,1.00000,1.00000,0.14593,0.63773,0.02800,0.43456,0.00000,0.00000,0.00000,1.02000,-1.00000,0.00000,1.00000,0.00000,0.00000,17.00000,0.00000,1.06953,0.18000,1.00000,1.00000
51.06667,0.00000,-10.98824,6.79839,6.01481,0.00000,-0.32000,0.00000,-0.07185,51.65287,0.00080,0.00131,1.01180,0.08119,1.01388,0.00215,0.11102,1.31657,0.28122,1.00000,1.00000,0.14840,0.63291,0.02800,0.43876,0.00000,0.00000,0.00000,1.02000,-1.00000,0.00000,1.00000,0.00000,0.00000,17.00000,0.00000,1.06694,0.18000,1.00000,1.00000
51.10000,0.00000,-11.00688,6.82037,5.96230,0.00000,-0.32000,0.00000,-0.06992,51.64287,0.00075,-0.00056,1.00859,0.05498,1.01010,0.00181,0.08082,1.29348,0.27273,1.00000,1.00000,0.14000,0.62940,0.02800,0.44182,0.00000,0.00000,0.00000,1.02000,-1.00000,0.00000,1.00000,0.00000,0.00000,17.00000,0.00000,1.06505,0.18000,1.00000,1.00000
51.13333,0.00000,-11.01905,6.83851,5.90640,0.00000,-0.32000,0.00000,-0.06767,51.66127,-0.00088,-0.00023,1.00625,0.03724,1.00735,0.00168,0.05884,1.27631,0.26655,1.00000,1.00000,0.14322,0.62684,0.02800,0.44404,0.00000,0.00000,0.00000,1.02000,-1.00000,0.00000,1.00000,0.00000,0.00000,17.00000,0.00000,1.06368,0.18000,1.00000,1.00000
51.16667,0.00000,-11.02637,6.85379,5.84810,0.00000,-0.32000,0.00000,-0.06731,51.70046,-0.00018,0.00072,1.00455,0.02523,1.00535,0.00152,0.04283,1.26345,0.26205,1.00000,1.00000,0.14000,0.62498,0.02800,0.44566,0.00000,0.00000,0.00000,1.02000,-1.00000,0.00000,1.00000,0.00000,0.00000,17.00000,0.00000,1.06268,0.18000,1.00000,1.00000
51.20000,0.00000,-11.03008,6.86695,5.78809,0.00000,-0.32000,0.00000,-0.06800,51.75493,0.00129,-0.00076,1.00331,0.01710,1.00390,0.00143,0.03118,1.25375,0.25877,1.00000,1.00000,0.14000,0.62362,0.02800,0.44684,0.00000,0.00000,0.00000,1.02000,-1.00000,0.00000,1.00000,0.00000,0.00000,17.00000,0.00000,1.06195,0.18000,1.00000,1.00000
51.23333,0.00000,-11.03103,6.87855,5.72691,0.00000,-0.32000,0.00000,-0.06817,51.82062,-0.00147,0.00039,1.00241,0.01159,1.00284,0.00137,0.02270,1.24634,0.25638,1.00000,1.00000,0.14000,0.62264,0.02800,0.44770,0.00000,0.00000,0.00000,1.02000,-1.00000,0.00000,1.00000,0.00000,0.00000,17.00000,0.00000,1.06142,0.18000,1.00000,1.00000
51.26667,0.00000,-11.02990,6.88897,5.66492,0.00000,-0.32000,0.00000,-0.06750,51.89460,0.00062,0.00015,1.00176,0.00785,1.00207,0.00132,0.01653,1.24060,0.25465,1.00000,1.00000,0.14000,0.62192,0.02800,0.44833,0.00000,0.00000,0.00000,1.02000,-1.00000,0.00000,1.00000,0.00000,0.00000,17.00000,0.00000,1.06103,0.18000,1.00000,1.00000
51.30000,0.00000,-11.02715,6.89851,5.60241,0.00000,-0.32000,0.00000,-0.06669,51.97472,0.00038,-0.00055,1.00128,0.00533,1.00150,0.00131,0.01203,1.23608,0.25338,1.00000,1.00000,0.14153,0.62140,0.02800,0.44878,0.00000,0.00000,0.00000,1.02000,-1.00000,0.00000,1.00000,0.00000,0.00000,17.00000,0.00000,1.06075,0.18000,1.00000,1.00000
51.33333,0.00000,-11.02313,6.90737,5.53955,0.00000,-0.32000,0.00000,-0.06621,52.05941,-0.00064,0.00060,1.00093,0.00361,1.00109,0.00129,0.00876,1.23244,0.25246,1.00000,1.00000,0.14172,0.62102,0.02800,0.44911,0.00000,0.00000,0.00000,1.02000,-1.00000,0.00000,1.00000,0.00000,0.00000,17.00000,0.00000,1.06055,0.18000,1.00000,1.00000
51.36667,0.00000,-11.02292,6.91876,5.47890,0.00000,-0.32000,0.00000,-0.06598,52.12518,0.00004,-0.00030,1.00000,0.00231,1.00000,0.00120,0.00000,1.22486,0.25000,1.00000,1.00000,0.14000,0.62000,0.02800,0.45000,0.00000,0.00000,0.00000,1.02000,-1.00000,0.00000,1.00000,0.00000,0.00000,17.00000,0.00000,1.06000,0.18000,1.00000,1.00000
51.40000,0.00000,-11.01573,6.92589,5.41509,0.00000,-0.32000,0.00000,-0.06552,52.22195,0.00075,-0.00013,1.00000,0.00000,1.00000,0.00120,0.00000,1.22359,0.25000,1.00000,1.00000,0.14000,0.62000,0.02800,0.45000,0.00000,0.00000,0.00000,1.02000,-1.00000,0.00000,1.00000,0.00000,0.00000,17.00000,0.00000,1.06000,0.18000,1.00000,1.00000
51.43333,0.00000,-10.63109,6.69542,5.16812,0.00000,-0.32000,0.00000,-0.07403,54.13185,-0.00543,0.00291,1.05482,0.01161,1.06450,0.00507,0.51597,1.58578,0.39512,1.00000,1.00000,0.14000,0.67998,0.02800,0.39776,0.00000,0.00000,0.00000,1.02000,-1.00000,0.00000,1.00000,0.00000,0.00000,17.00000,0.00000,1.09225,0.18000,1.00000,1.00000
51.46667,0.00000,-10.72342,6.76516,5.15487,0.00000,-0.32000,0.00000,-0.06036,53.73902,0.00097,-0.00260,1.03991,0.00845,1.04695,0.00404,0.37562,1.48669,0.35564,1.00000,1.00000,0.14187,0.66367,0.02800,0.41197,0.00000,0.00000,0.00000,1.02000,-1.00000,0.00000,1.00000,0.00000,0.00000,17.00000,0.00000,1.08348,0.18000,1.00000,1.00000
51.50000,0.00000,-10.78931,6.81852,5.12829,0.00000,-0.32000,0.00000,-0.05724,53.47909,0.00263,0.00112,1.02905,0.00615,1.03418,0.00327,0.27345,1.41366,0.32691,1.00000,1.00000,0.14112,0.65179,0.02800,0.42231,0.00000,0.00000,0.00000,1.02000,-1.00000,0.00000,1.00000,0.00000,0.00000,17.00000,0.00000,1.07709,0.18000,1.00000,1.00000
51.53333,0.00000,-10.83533,6.85957,5.09191,0.00000,-0.32000,0.00000,-0.06245,53.31627,-0.00291,0.00033,1.02115,0.00448,1.02488,0.00270,0.19907,1.35987,0.30599,1.00000,1.00000,0.14026,0.64314,0.02800,0.42984,0.00000,0.00000,0.00000,1.02000,-1.00000,0.00000,1.00000,0.00000,0.00000,17.00000,0.00000,1.07244,0.18000,1.00000,1.00000
51.56667,0.00000,-10.86649,6.89144,5.04837,0.00000,-0.32000,0.00000,-0.06605,53.22442,0.00117,-0.00111,1.01540,0.00326,1.01812,0.00230,0.14492,1.32022,0.29076,1.00000,1.00000,0.14088,0.63685,0.02800,0.43533,0.00000,0.00000,0.00000,1.02000,-1.00000,0.00000,1.00000,0.00000,0.00000,17.00000,0.00000,1.06906,0.18000,1.00000,1.00000
51.60000,0.00000,-10.88660,6.91649,4.99966,0.00000,-0.32000,0.00000,-0.06447,53.18446,0.00063,0.00110,1.01121,0.00237,1.01319,0.00205,0.10550,1.29094,0.27967,1.00000,1.00000,0.14406,0.63226,0.02800,0.43932,0.00000,0.00000,0.00000,1.02000,-1.00000,0.00000,1.00000,0.00000,0.00000,17.00000,0.00000,1.06659,0.18000,1.00000,1.00000
51.63333,0.00000,-10.89849,6.93649,4.94724,0.00000,-0.32000,0.00000,-0.06122,53.18245,-0.00088,-0.00050,1.00816,0.00173,1.00960,0.00178,0.07681,1.26924,0.27160,1.00000,1.00000,0.14052,0.62893,0.02800,0.44222,0.00000,0.00000,0.00000,1.02000,-1.00000,0.00000,1.00000,0.00000,0.00000,17.00000,0.00000,1.06480,0.18000,1.00000,1.00000
51.66667,0.00000,-10.90428,6.95276,4.89219,0.00000,-0.32000,0.00000,-0.05991,53.20822,-0.00010,-0.00016,1.00594,0.00126,1.00699,0.00162,0.05591,1.25309,0.26573,1.00000,1.00000,0.14000,0.62650,0.02800,0.44434,0.00000,0.00000,0.00000,1.02000,-1.00000,0.00000,1.00000,0.00000,0.00000,17.00000,0.00000,1.06349,0.18000,1.00000,1.00000
51.70000,0.00000,-10.90550,6.96626,4.83528,0.00000,-0.32000,0.00000,-0.06042,53.25437,0.00124,0.00061,1.00432,0.00092,1.00509,0.00154,0.04071,1.24097,0.26145,1.00000,1.00000,0.14270,0.62473,0.02800,0.44588,0.00000,0.00000,0.00000,1.02000,-1.00000,0.00000,1.00000,0.00000,0.00000,17.00000,0.00000,1.06254,0.18000,1.00000,1.00000
51.73333,0.00000,-10.90331,6.97772,4.77708,0.00000,-0.32000,0.00000,-0.06076,53.31548,-0.00150,-0.00068,1.00315,0.00067,1.00370,0.00142,0.02963,1.23180,0.25833,1.00000,1.00000,0.14000,0.62344,0.02800,0.44700,0.00000,0.00000,0.00000,1.02000,-1.00000,0.00000,1.00000,0.00000,0.00000,17.00000,0.00000,1.06185,0.18000,1.00000,1.00000
51.76667,0.00000,-10.89854,6.98765,4.71801,0.00000,-0.32000,0.00000,-0.06007,53.38761,0.00067,0.00035,1.00229,0.00049,1.00270,0.00140,0.02157,1.22478,0.25607,1.00000,1.00000,0.14268,0.62251,0.02800,0.44782,0.00000,0.00000,0.00000,1.02000,-1.00000,0.00000,1.00000,0.00000,0.00000,17.00000,0.00000,1.06135,0.18000,1.00000,1.00000
51.80000,0.00000,-10.89181,6.99645,4.65837,0.00000,-0.32000,0.00000,-0.05896,53.46787,0.00037,0.00012,1.00167,0.00035,1.00196,0.00132,0.01571,1.21931,0.25442,1.00000,1.00000,0.14049,0.62183,0.02800,0.44841,0.00000,0.00000,0.00000,1.02000,-1.00000,0.00000,1.00000,0.00000,0.00000,17.00000,0.00000,1.06098,0.18000,1.00000,1.00000
51.83333,0.00000,-10.88355,7.00439,4.59836,0.00000,-0.32000,0.00000,-0.05820,53.55417,-0.00074,-0.00050,1.00121,0.00026,1.00143,0.00129,0.01143,1.21499,0.25322,1.00000,1.00000,0.14000,0.62133,0.02800,0.44884,0.00000,0.00000,0.00000,1.02000,-1.00000,0.00000,1.00000,0.00000,0.00000,17.00000,0.00000,1.06071,0.18000,1.00000,1.00000
51.86667,0.00000,-10.87411,7.01168,4.53816,0.00000,-0.32000,0.00000,-0.05784,53.64499,0.00020,0.00058,1.00088,0.00019,1.00104,0.00126,0.00832,1.21149,0.25234,1.00000,1.00000,0.14000,0.62097,0.02800,0.44916,0.00000,0.00000,0.00000,1.02000,-1.00000,0.00000,1.00000,0.00000,0.00000,17.00000,0.00000,1.06052,0.18000,1.00000,1.00000
51.90000,0.00000,-10.86825,7.02139,4.47973,0.00000,-0.32000,0.00000,-0.05738,53.71734,0.00061,-0.00030,1.00000,0.00000,1.00000,0.00122,0.00000,1.20430,0.25000,1.00000,1.00000,0.14122,0.62000,0.02800,0.45000,0.00000,0.00000,0.00000,1.02000,-1.00000,0.00000,1.00000,0.00000,0.00000,17.00000,0.00000,1.06000,0.18000,1.00000,1.00000
51.93333,0.00000,-10.85584,7.02700,4.41891,0.00000,-0.32000,0.00000,-0.05683,53.82005,-0.00084,-0.00011,1.00000,0.00000,1.00000,0.00122,0.00000,1.20301,0.25000,1.00000,1.00000,0.14179,0.62000,0.02800,0.45000,0.00000,0.00000,0.00000,1.02000,-1.00000,0.00000,1.00000,0.00000,0.00000,17.00000,0.00000,1.06000,0.18000,1.00000,1.00000
51.96667,0.00000,-10.17217,7.13372,0.15929,0.00000,-0.32000,0.00000,-0.05479,59.04897,0.00124,0.00280,1.05766,0.01221,1.06784,0.00530,0.54271,1.52891,0.40264,1.00000,1.00000,0.14216,0.68309,0.02800,0.39505,0.00000,0.00000,0.00000,1.02000,-1.00000,0.00000,1.00000,0.00000,0.00000,17.00000,0.00000,1.09392,0.18000,1.00000,1.00000
52.00000,0.00000,-10.24127,7.20696,0.11536,0.00000,-0.32000,0.00000,-0.04615,58.59901,0.00344,-0.00247,1.04198,0.00889,1.04939,0.00417,0.39509,1.42975,0.36112,1.00000,1.00000,0.14052,0.66593,0.02800,0.41000,0.00000,0.00000,0.00000,1.02000,-1.00000,0.00000,1.00000,0.00000,0.00000,17.00000,0.00000,1.08469,0.18000,1.00000,1.00000
52.03333,0.00000,-10.28366,7.26187,0.07064,0.00000,-0.32000,0.00000,-0.05144,58.30050,-0.00399,0.00107,1.03056,0.00647,1.03595,0.00341,0.28763,1.35665,0.33089,1.00000,1.00000,0.14395,0.65344,0.02800,0.42088,0.00000,0.00000,0.00000,1.02000,-1.00000,0.00000,1.00000,0.00000,0.00000,17.00000,0.00000,1.07798,0.18000,1.00000,1.00000
52.06667,0.00000,-10.30602,7.30299,0.02550,0.00000,-0.32000,0.00000,-0.05804,58.11269,0.00183,0.00032,1.02225,0.00471,1.02617,0.00277,0.20939,1.30279,0.30889,1.00000,1.00000,0.14000,0.64434,0.02800,0.42880,0.00000,0.00000,0.00000,1.02000,-1.00000,0.00000,1.00000,0.00000,0.00000,17.00000,0.00000,1.07309,0.18000,1.00000,1.00000
52.10000,0.00000,-10.31348,7.33383,-0.01981,0.00000,-0.32000,0.00000,-0.05791,58.00580,0.00054,-0.00109,1.01620,0.00343,1.01905,0.00234,0.15244,1.26310,0.29287,1.00000,1.00000,0.14000,0.63772,0.02800,0.43457,0.00000,0.00000,0.00000,1.02000,-1.00000,0.00000,1.00000,0.00000,0.00000,17.00000,0.00000,1.06953,0.18000,1.00000,1.00000
52.13333,0.00000,-10.30991,7.35704,-0.06511,0.00000,-0.32000,0.00000,-0.05387,57.95808,-0.00110,0.00109,1.01179,0.00250,1.01387,0.00206,0.11097,1.23379,0.28121,1.00000,1.00000,0.14234,0.63290,0.02800,0.43876,0.00000,0.00000,0.00000,1.02000,-1.00000,0.00000,1.00000,0.00000,0.00000,17.00000,0.00000,1.06694,0.18000,1.00000,1.00000
52.16667,0.00000,-10.29820,7.37460,-0.11030,0.00000,-0.32000,0.00000,-0.05151,57.95364,-0.00000,-0.00053,1.00858,0.00182,1.01010,0.00184,0.08079,1.21207,0.27272,1.00000,1.00000,0.14252,0.62939,0.02800,0.44182,0.00000,0.00000,0.00000,1.02000,-1.00000,0.00000,1.00000,0.00000,0.00000,17.00000,0.00000,1.06505,0.18000,1.00000,1.00000
52.20000,0.00000,-10.28048,7.38799,-0.15530,0.00000,-0.32000,0.00000,-0.05208,57.98090,0.00132,-0.00017,1.00625,0.00132,1.00735,0.00164,0.05881,1.19591,0.26654,1.00000,1.00000,0.14000,0.62684,0.02800,0.44405,0.00000,0.00000,0.00000,1.02000,-1.00000,0.00000,1.00000,0.00000,0.00000,17.00000,0.00000,1.06368,0.18000,1.00000,1.00000
52.23333,0.00000,-10.25832,7.39830,-0.20006,0.00000,-0.32000,0.00000,-0.05317,58.03140,-0.00166,0.00064,1.00455,0.00096,1.00535,0.00152,0.04282,1.18379,0.26204,1.00000,1.00000,0.14000,0.62498,0.02800,0.44566,0.00000,0.00000,0.00000,1.02000,-1.00000,0.00000,1.00000,0.00000,0.00000,17.00000,0.00000,1.06268,0.18000,1.00000,1.00000
52.26667,0.00000,-10.23290,7.40634,-0.24455,0.00000,-0.32000,0.00000,-0.05300,58.09896,0.00078,-0.00070,1.00331,0.00070,1.00390,0.00143,0.03117,1.17463,0.25877,1.00000,1.00000,0.14000,0.62362,0.02800,0.44684,0.00000,0.00000,0.00000,1.02000,-1.00000,0.00000,1.00000,0.00000,0.00000,17.00000,0.00000,1.06195,0.18000,1.00000,1.00000
52.30000,0.00000,-10.20504,7.41268,-0.28877,0.00000,-0.32000,0.00000,-0.05196,58.17910,0.00040,0.00036,1.00241,0.00051,1.00284,0.00138,0.02269,1.16761,0.25638,1.00000,1.00000,0.14094,0.62264,0.02800,0.44770,0.00000,0.00000,0.00000,1.02000,-1.00000,0.00000,1.00000,0.00000,0.00000,17.00000,0.00000,1.06142,0.18000,1.00000,1.00000
52.33333,0.00000,-10.17537,7.41778,-0.33269,0.00000,-0.32000,0.00000,-0.05120,58.26853,-0.00101,0.00014,1.00176,0.00037,1.00206,0.00132,0.01652,1.16216,0.25465,1.00000,1.00000,0.14000,0.62192,0.02800,0.44833,0.00000,0.00000,0.00000,1.02000,-1.00000,0.00000,1.00000,0.00000,0.00000,17.00000,0.00000,1.06103,0.18000,1.00000,1.00000
52.36667,0.00000,-10.14433,7.42193,-0.37631,0.00000,-0.32000,0.00000,-0.05107,58.36485,0.00043,-0.00060,1.00128,0.00027,1.00150,0.00129,0.01203,1.15785,0.25338,1.00000,1.00000,0.14000,0.62140,0.02800,0.44878,0.00000,0.00000,0.00000,1.02000,-1.00000,0.00000,1.00000,0.00000,0.00000,17.00000,0.00000,1.06075,0.18000,1.00000,1.00000
52.40000,0.00000,-10.11227,7.42537,-0.41963,0.00000,-0.32000,0.00000,-0.05111,58.46632,0.00059,0.00067,1.00093,0.00020,1.00109,0.00127,0.00875,1.15437,0.25246,1.00000,1.00000,0.14000,0.62102,0.02800,0.44911,0.00000,0.00000,0.00000,1.02000,-1.00000,0.00000,1.00000,0.00000,0.00000,17.00000,0.00000,1.06055,0.18000,1.00000,1.00000
52.43333,0.00000,-10.08383,7.43153,-0.46285,0.00000,-0.32000,0.00000,-0.05078,58.54672,-0.00089,-0.00035,1.00000,0.00000,1.00000,0.00120,0.00000,1.14719,0.25000,1.00000,1.00000,0.14000,0.62000,0.02800,0.45000,0.00000,0.00000,0.00000,1.02000,-1.00000,0.00000,1.00000,0.00000,0.00000,17.00000,0.00000,1.06000,0.18000,1.00000,1.00000
52.46667,0.00000,-10.04914,7.43314,-0.50552,0.00000,-0.32000,0.00000,-0.05058,58.66176,0.00022,-0.00012,1.00000,0.00000,1.00000,0.00128,0.00000,1.14592,0.25000,1.00000,1.00000,0.14572,0.62000,0.02800,0.45000,0.00000,0.00000,0.00000,1.02000,-1.00000,0.00000,1.00000,0.00000,0.00000,17.00000,0.00000,1.06000,0.18000,1.00000,1.00000
52.50000,0.00000,-9.61954,7.14158,-0.52630,0.00000,-0.32000,0.00000,-0.03788,61.11814,0.00540,0.00333,1.06342,0.01343,1.07461,0.00569,0.59690,1.53729,0.41788,1.00000,1.00000,0.14104,0.68939,0.02800,0.38956,0.00000,0.00000,0.00000,1.02000,-1.00000,0.00000,1.00000,0.00000,0.00000,17.00000,0.00000,1.09731,0.18000,1.00000,1.00000
52.53333,0.00000,-9.68982,7.22038,-0.57287,0.00000,-0.32000,0.00000,-0.04167,60.60132,-0.00608,-0.00280,1.04617,0.00978,1.05432,0.00446,0.43454,1.43055,0.37221,1.00000,1.00000,0.14000,0.67052,0.02800,0.40600,0.00000,0.00000,0.00000,1.02000,-1.00000,0.00000,1.00000,0.00000,0.00000,17.00000,0.00000,1.08716,0.18000,1.00000,1.00000
52.56667,0.00000,-9.73248,7.27911,-0.61832,0.00000,-0.32000,0.00000,-0.05264,60.25584,0.00291,0.00124,1.03361,0.00712,1.03954,0.00357,0.31634,1.35181,0.33897,1.00000,1.00000,0.14000,0.65678,0.02800,0.41797,0.00000,0.00000,0.00000,1.02000,-1.00000,0.00000,1.00000,0.00000,0.00000,17.00000,0.00000,1.07977,0.18000,1.00000,1.00000
52.60000,0.00000,-9.75440,7.32274,-0.66277,0.00000,-0.32000,0.00000,-0.05582,60.03562,0.00045,0.00034,1.02447,0.00518,1.02879,0.00293,0.23030,1.29379,0.31477,1.00000,1.00000,0.14000,0.64677,0.02800,0.42668,0.00000,0.00000,0.00000,1.02000,-1.00000,0.00000,1.00000,0.00000,0.00000,17.00000,0.00000,1.07439,0.18000,1.00000,1.00000
52.63333,0.00000,-9.76088,7.35507,-0.70632,0.00000,-0.32000,0.00000,-0.05147,59.90698,-0.00143,-0.00122,1.01781,0.00377,1.02096,0.00246,0.16766,1.25103,0.29715,1.00000,1.00000,0.14000,0.63949,0.02800,0.43302,0.00000,0.00000,0.00000,1.02000,-1.00000,0.00000,1.00000,0.00000,0.00000,17.00000,0.00000,1.07048,0.18000,1.00000,1.00000
52.66667,0.00000,-9.75593,7.37901,-0.74907,0.00000,-0.32000,0.00000,-0.04765,59.84531,0.00019,0.00122,1.01297,0.00275,1.01526,0.00212,0.12205,1.21947,0.28433,1.00000,1.00000,0.14034,0.63419,0.02800,0.43764,0.00000,0.00000,0.00000,1.02000,-1.00000,0.00000,1.00000,0.00000,0.00000,17.00000,0.00000,1.06763,0.18000,1.00000,1.00000
52.70000,0.00000,-9.74253,7.39674,-0.79112,0.00000,-0.32000,0.00000,-0.04811,59.83264,0.00140,-0.00058,1.00944,0.00200,1.01111,0.00188,0.08885,1.19610,0.27499,1.00000,1.00000,0.14112,0.63033,0.02800,0.44100,0.00000,0.00000,0.00000,1.02000,-1.00000,0.00000,1.00000,0.00000,0.00000,17.00000,0.00000,1.06555,0.18000,1.00000,1.00000
52.73333,0.00000,-9.72292,7.40988,-0.83256,0.00000,-0.32000,0.00000,-0.05039,59.85584,-0.00179,-0.00017,1.00687,0.00146,1.00809,0.00172,0.06469,1.17873,0.26819,1.00000,1.00000,0.14278,0.62752,0.02800,0.44345,0.00000,0.00000,0.00000,1.02000,-1.00000,0.00000,1.00000,0.00000,0.00000,17.00000,0.00000,1.06404,0.18000,1.00000,1.00000
52.76667,0.00000,-9.69873,7.41963,-0.87344,0.00000,-0.32000,0.00000,-0.05131,59.90535,0.00086,0.00067,1.00500,0.00106,1.00589,0.00155,0.04709,1.16572,0.26324,1.00000,1.00000,0.14000,0.62547,0.02800,0.44523,0.00000,0.00000,0.00000,1.02000,-1.00000,0.00000,1.00000,0.00000,0.00000,17.00000,0.00000,1.06294,0.18000,1.00000,1.00000
52.80000,0.00000,-9.67117,7.42688,-0.91382,0.00000,-0.32000,0.00000,-0.05064,59.97417,0.00046,-0.00073,1.00364,0.00077,1.00429,0.00146,0.03428,1.15590,0.25964,1.00000,1.00000,0.14047,0.62399,0.02800,0.44653,0.00000,0.00000,0.00000,1.02000,-1.00000,0.00000,1.00000,0.00000,0.00000,17.00000,0.00000,1.06214,0.18000,1.00000,1.00000
52.83333,0.00000,-9.64112,7.43228,-0.95375,0.00000,-0.32000,0.00000,-0.04996,60.05722,-0.00103,0.00039,1.00265,0.00056,1.00312,0.00139,0.02496,1.14841,0.25702,1.00000,1.00000,0.14000,0.62290,0.02800,0.44747,0.00000,0.00000,0.00000,1.02000,-1.00000,0.00000,1.00000,0.00000,0.00000,17.00000,0.00000,1.06156,0.18000,1.00000,1.00000
52.86667,0.00000,-9.60922,7.43631,-0.99325,0.00000,-0.32000,0.00000,-0.05015,60.15076,0.00053,0.00012,1.00193,0.00041,1.00227,0.00140,0.01817,1.14260,0.25511,1.00000,1.00000,0.14468,0.62211,0.02800,0.44816,0.00000,0.00000,0.00000,1.02000,-1.00000,0.00000,1.00000,0.00000,0.00000,17.00000,0.00000,1.06114,0.18000,1.00000,1.00000
52.90000,0.00000,-9.57595,7.43931,-1.03237,0.00000,-0.32000,0.00000,-0.05080,60.25211,0.00035,-0.00051,1.00141,0.00030,1.00165,0.00130,0.01323,1.13803,0.25372,1.00000,1.00000,0.14000,0.62154,0.02800,0.44866,0.00000,0.00000,0.00000,1.02000,-1.00000,0.00000,1.00000,0.00000,0.00000,17.00000,0.00000,1.06083,0.18000,1.00000,1.00000
52.93333,0.00000,-9.54796,7.44646,-1.07182,0.00000,-0.32000,0.00000,-0.05100,60.32051,-0.00070,0.00058,1.00000,0.00000,1.00000,0.00120,0.00000,1.12797,0.25000,1.00000,1.00000,0.14000,0.62000,0.02800,0.45000,0.00000,0.00000,0.00000,1.02000,-1.00000,0.00000,1.00000,0.00000,0.00000,17.00000,0.00000,1.06000,0.18000,1.00000,1.00000
52.96667,0.00000,-9.51113,7.44677,-1.11003,0.00000,-0.32000,0.00000,-0.05126,60.44253,0.00021,-0.00035,1.00000,0.00000,1.00000,0.00121,0.00000,1.12668,0.25000,1.00000,1.00000,0.14039,0.62000,0.02800,0.45000,0.00000,0.00000,0.00000,1.02000,-1.00000,0.00000,1.00000,0.00000,0.00000,17.00000,0.00000,1.06000,0.18000,1.00000,1.00000
53.00000,0.00000,-9.47417,7.44698,-1.14794,0.00000,-0.32000,0.00000,-0.05155,60.56504,0.00078,-0.00011,1.00000,0.00000,1.00000,0.00127,0.00000,1.12539,0.25000,1.00000,1.00000,0.14536,0.62000,0.02800,0.45000,0.00000,0.00000,0.00000,1.02000,-1.00000,0.00000,1.00000,0.00000,0.00000,17.00000,0.00000,1.06000,0.18000,1.00000,1.00000
53.03333,0.00000,-5.00982,-1.04998,-8.74071,0.00000,0.15000,0.00000,0.07044,53.27953,-0.00779,0.00312,1.05489,0.01162,1.06458,0.00511,0.51663,1.20515,0.39530,1.00000,1.00000,0.14289,0.68006,0.02800,0.39769,0.00000,0.00000,0.00000,1.02000,-1.00000,0.00000,1.00000,0.00000,0.00000,17.00000,0.00000,1.09229,0.18000,1.00000,1.00000
53.06667,0.00000,-5.00575,-1.04417,-8.83458,0.00000,0.15000,0.00000,0.05806,52.88653,0.00425,-0.00312,1.03996,0.00846,1.04701,0.00404,0.37610,1.12993,0.35578,1.00000,1.00000,0.14125,0.66372,0.02800,0.41192,0.00000,0.00000,0.00000,1.02000,-1.00000,0.00000,1.00000,0.00000,0.00000,17.00000,0.00000,1.08351,0.18000,1.00000,1.00000
53.10000,0.00000,-4.98871,-1.03562,-8.90688,0.00000,0.15000,0.00000,0.05103,52.62210,0.00033,0.00146,1.02909,0.00616,1.03423,0.00325,0.27380,1.07452,0.32701,1.00000,1.00000,0.14000,0.65183,0.02800,0.42228,0.00000,0.00000,0.00000,1.02000,-1.00000,0.00000,1.00000,0.00000,0.00000,17.00000,0.00000,1.07711,0.18000,1.00000,1.00000
53.13333,0.00000,-4.96204,-1.02506,-8.96292,0.00000,0.15000,0.00000,0.05381,52.45164,-0.00189,0.00033,1.02118,0.00448,1.02492,0.00269,0.19933,1.03373,0.30606,1.00000,1.00000,0.14000,0.64317,0.02800,0.42982,0.00000,0.00000,0.00000,1.02000,-1.00000,0.00000,1.00000,0.00000,0.00000,17.00000,0.00000,1.07246,0.18000,1.00000,1.00000
53.16667,0.00000,-4.92830,-1.01304,-9.00678,0.00000,0.15000,0.00000,0.05845,52.34985,0.00049,-0.00132,1.01542,0.00326,1.01814,0.00229,0.14511,1.00370,0.29081,1.00000,1.00000,0.14000,0.63687,0.02800,0.43531,0.00000,0.00000,0.00000,1.02000,-1.00000,0.00000,1.00000,0.00000,0.00000,17.00000,0.00000,1.06907,0.18000,1.00000,1.00000
53.20000,0.00000,-4.88939,-0.99996,-9.04154,0.00000,0.15000,0.00000,0.05877,52.29824,0.00123,0.00115,1.01122,0.00238,1.01320,0.00199,0.10564,0.98155,0.27971,1.00000,1.00000,0.14000,0.63228,0.02800,0.43930,0.00000,0.00000,0.00000,1.02000,-1.00000,0.00000,1.00000,0.00000,0.00000,17.00000,0.00000,1.06660,0.18000,1.00000,1.00000
53.23333,0.00000,-4.84672,-0.98614,-9.06950,0.00000,0.15000,0.00000,0.05600,52.28330,-0.00117,-0.00040,1.00817,0.00173,1.00961,0.00178,0.07690,0.96517,0.27163,1.00000,1.00000,0.14000,0.62894,0.02800,0.44221,0.00000,0.00000,0.00000,1.02000,-1.00000,0.00000,1.00000,0.00000,0.00000,17.00000,0.00000,1.06481,0.18000,1.00000,1.00000
53.26667,0.00000,-4.80131,-0.97179,-9.09239,0.00000,0.15000,0.00000,0.05401,52.29518,0.00046,-0.00007,1.00595,0.00126,1.00700,0.00162,0.05599,0.95301,0.26575,1.00000,1.00000,0.14000,0.62651,0.02800,0.44433,0.00000,0.00000,0.00000,1.02000,-1.00000,0.00000,1.00000,0.00000,0.00000,17.00000,0.00000,1.06350,0.18000,1.00000,1.00000
53.30000,0.00000,-4.75392,-0.95706,-9.11147,0.00000,0.15000,0.00000,0.05402,52.32670,0.00024,0.00033,1.00433,0.00092,1.00509,0.00151,0.04076,0.94392,0.26146,1.00000,1.00000,0.14000,0.62474,0.02800,0.44587,0.00000,0.00000,0.00000,1.02000,-1.00000,0.00000,1.00000,0.00000,0.00000,17.00000,0.00000,1.06255,0.18000,1.00000,1.00000
53.33333,0.00000,-4.70512,-0.94209,-9.12768,0.00000,0.15000,0.00000,0.05455,52.37260,-0.00055,-0.00037,1.00315,0.00067,1.00371,0.00142,0.02967,0.93707,0.25835,1.00000,1.00000,0.14000,0.62345,0.02800,0.44700,0.00000,0.00000,0.00000,1.02000,-1.00000,0.00000,1.00000,0.00000,0.00000,17.00000,0.00000,1.06185,0.18000,1.00000,1.00000
53.36667,0.00000,-4.65528,-0.92694,-9.14170,0.00000,0.15000,0.00000,0.05427,52.42908,0.00054,0.00034,1.00230,0.00049,1.00270,0.00326,0.02160,0.93185,0.25608,1.00000,1.00000,0.28102,0.62251,0.02800,0.44781,0.00000,0.00000,0.00000,1.02000,-1.00000,0.00000,1.00000,0.00000,0.00000,17.00000,0.00000,1.06135,0.18000,1.00000,1.00000
53.40000,0.00000,-4.60472,-0.91169,-9.15405,0.00000,0.15000,0.00000,0.05331,52.49333,0.00021,0.00009,1.00167,0.00035,1.00197,0.00132,0.01573,0.92783,0.25442,1.00000,1.00000,0.14000,0.62183,0.02800,0.44841,0.00000,0.00000,0.00000,1.02000,-1.00000,0.00000,1.00000,0.00000,0.00000,17.00000,0.00000,1.06098,0.18000,1.00000,1.00000
53.43333,0.00000,-4.55363,-0.89637,-9.16508,0.00000,0.15000,0.00000,0.05243,52.56332,-0.00069,-0.00055,1.00122,0.00026,1.00143,0.00129,0.01145,0.92466,0.25322,1.00000,1.00000,0.14000,0.62133,0.02800,0.44884,0.00000,0.00000,0.00000,1.02000,-1.00000,0.00000,1.00000,0.00000,0.00000,17.00000,0.00000,1.06072,0.18000,1.00000,1.00000
53.46667,0.00000,-4.50475,-0.88152,-9.18033,0.00000,0.15000,0.00000,0.05211,52.60866,0.00021,0.00063,1.00000,0.00000,1.00000,0.00121,0.00000,0.91764,0.25000,1.00000,1.00000,0.14060,0.62000,0.02800,0.45000,0.00000,0.00000,0.00000,1.02000,-1.00000,0.00000,1.00000,0.00000,0.00000,17.00000,0.00000,1.06000,0.18000,1.00000,1.00000
53.50000,0.00000,-4.45231,-0.86601,-9.18804,0.00000,0.15000,0.00000,0.05156,52.69393,0.00068,-0.00040,1.00000,0.00000,1.00000,0.00120,0.00000,0.91679,0.25000,1.00000,1.00000,0.14000,0.62000,0.02800,0.45000,0.00000,0.00000,0.00000,1.02000,-1.00000,0.00000,1.00000,0.00000,0.00000,17.00000,0.00000,1.06000,0.18000,1.00000,1.00000
53.53333,0.00000,-4.39989,-0.85055,-9.19545,0.00000,0.15000,0.00000,0.05099,52.77948,-0.00120,-0.00007,1.00000,0.00000,1.00000,0.00120,0.00000,0.91594,0.25000,1.00000,1.00000,0.14013,0.62000,0.02800,0.45000,0.00000,0.00000,0.00000,1.02000,-1.00000,0.00000,1.00000,0.00000,0.00000,17.00000,0.00000,1.06000,0.18000,1.00000,1.00000
53.56667,0.00000,-4.23110,-0.81278,-8.95614,0.00000,0.15000,0.00000,0.05412,54.25792,0.00412,0.00245,1.04252,0.00900,1.05002,0.00420,0.40017,1.12700,0.36255,1.00000,1.00000,0.14000,0.66652,0.02800,0.40948,0.00000,0.00000,0.00000,1.02000,-1.00000,0.00000,1.00000,0.00000,0.00000,17.00000,0.00000,1.08501,0.18000,1.00000,1.00000
53.60000,0.00000,-4.21080,-0.80367,-9.02848,0.00000,0.15000,0.00000,0.04437,53.96719,0.00012,-0.00251,1.03095,0.00655,1.03642,0.00338,0.29132,1.06897,0.33193,1.00000,1.00000,0.14000,0.65387,0.02800,0.42050,0.00000,0.00000,0.00000,1.02000,-1.00000,0.00000,1.00000,0.00000,0.00000,17.00000,0.00000,1.07821,0.18000,1.00000,1.00000
53.63333,0.00000,-4.18183,-0.79288,-9.08333,0.00000,0.15000,0.00000,0.04469,53.77860,-0.00181,0.00133,1.02253,0.00477,1.02651,0.00279,0.21208,1.02624,0.30965,1.00000,1.00000,0.14000,0.64465,0.02800,0.42853,0.00000,0.00000,0.00000,1.02000,-1.00000,0.00000,1.00000,0.00000,0.00000,17.00000,0.00000,1.07326,0.18000,1.00000,1.00000
53.66667,0.00000,-4.14649,-0.78087,-9.12506,0.00000,0.15000,0.00000,0.04942,53.66467,0.00074,0.00013,1.01640,0.00347,1.01930,0.00236,0.15439,0.99478,0.29342,1.00000,1.00000,0.14000,0.63795,0.02800,0.43437,0.00000,0.00000,0.00000,1.02000,-1.00000,0.00000,1.00000,0.00000,0.00000,17.00000,0.00000,1.06965,0.18000,1.00000,1.00000
53.70000,0.00000,-4.10650,-0.76800,-9.15699,0.00000,0.15000,0.00000,0.05095,53.60529,0.00106,-0.00106,1.01194,0.00253,1.01405,0.00214,0.11240,0.97159,0.28161,1.00000,1.00000,0.14746,0.63307,0.02800,0.43862,0.00000,0.00000,0.00000,1.02000,-1.00000,0.00000,1.00000,0.00000,0.00000,17.00000,0.00000,1.06702,0.18000,1.00000,1.00000
53.73333,0.00000,-4.06315,-0.75450,-9.18163,0.00000,0.15000,0.00000,0.04859,53.58579,-0.00190,0.00134,1.00869,0.00184,1.01023,0.00181,0.08183,0.95444,0.27301,1.00000,1.00000,0.14000,0.62951,0.02800,0.44172,0.00000,0.00000,0.00000,1.02000,-1.00000,0.00000,1.00000,0.00000,0.00000,17.00000,0.00000,1.06511,0.18000,1.00000,1.00000
53.76667,0.00000,-4.01736,-0.74057,-9.20081,0.00000,0.15000,0.00000,0.04607,53.59546,0.00105,-0.00085,1.00633,0.00134,1.00745,0.00165,0.05957,0.94171,0.26675,1.00000,1.00000,0.14000,0.62692,0.02800,0.44397,0.00000,0.00000,0.00000,1.02000,-1.00000,0.00000,1.00000,0.00000,0.00000,17.00000,0.00000,1.06372,0.18000,1.00000,1.00000
53.80000,0.00000,-3.96982,-0.72634,-9.21592,0.00000,0.15000,0.00000,0.04554,53.62648,0.00062,-0.00006,1.00461,0.00098,1.00542,0.00153,0.04337,0.93221,0.26220,1.00000,1.00000,0.14000,0.62504,0.02800,0.44561,0.00000,0.00000,0.00000,1.02000,-1.00000,0.00000,1.00000,0.00000,0.00000,17.00000,0.00000,1.06271,0.18000,1.00000,1.00000
53.83333,0.00000,-3.92103,-0.71191,-9.22796,0.00000,0.15000,0.00000,0.04606,53.67316,-0.00150,0.00078,1.00335,0.00071,1.00395,0.00144,0.03157,0.92505,0.25888,1.00000,1.00000,0.14000,0.62367,0.02800,0.44680,0.00000,0.00000,0.00000,1.02000,-1.00000,0.00000,1.00000,0.00000,0.00000,17.00000,0.00000,1.06197,0.18000,1.00000,1.00000
53.86667,0.00000,-3.87135,-0.69735,-9.23767,0.00000,0.15000,0.00000,0.04605,53.73132,0.00105,-0.00100,1.00244,0.00052,1.00287,0.00137,0.02298,0.91961,0.25646,1.00000,1.00000,0.14000,0.62267,0.02800,0.44767,0.00000,0.00000,0.00000,1.02000,-1.00000,0.00000,1.00000,0.00000,0.00000,17.00000,0.00000,1.06144,0.18000,1.00000,1.00000
53.90000,0.00000,-3.82105,-0.68271,-9.24561,0.00000,0.15000,0.00000,0.04524,53.79794,0.00008,0.00060,1.00178,0.00038,1.00209,0.00263,0.01673,0.91542,0.25471,1.00000,1.00000,0.23685,0.62195,0.02800,0.44831,0.00000,0.00000,0.00000,1.02000,-1.00000,0.00000,1.00000,0.00000,0.00000,17.00000,0.00000,1.06105,0.18000,1.00000,1.00000
53.93333,0.00000,-3.77031,-0.66803,-9.25216,0.00000,0.15000,0.00000,0.04434,53.87080,-0.00056,0.00001,1.00129,0.00027,1.00152,0.00129,0.01218,0.91213,0.25343,1.00000,1.00000,0.14000,0.62142,0.02800,0.44877,0.00000,0.00000,0.00000,1.02000,-1.00000,0.00000,1.00000,0.00000,0.00000,17.00000,0.00000,1.06076,0.18000,1.00000,1.00000
53.96667,0.00000,-3.71927,-0.65333,-9.25762,0.00000,0.15000,0.00000,0.04384,53.94829,0.00022,-0.00048,1.00094,0.00020,1.00111,0.00127,0.00887,0.90951,0.25249,1.00000,1.00000,0.14000,0.62103,0.02800,0.44910,0.00000,0.00000,0.00000,1.02000,-1.00000,0.00000,1.00000,0.00000,0.00000,17.00000,0.00000,1.06055,0.18000,1.00000,1.00000
54.00000,0.00000,-3.66966,-0.63891,-9.26631,0.00000,0.15000,0.00000,0.04361,54.00630,0.00046,0.00052,1.00000,0.00000,1.00000,0.00120,0.00000,0.90394,0.25000,1.00000,1.00000,0.14000,0.62000,0.02800,0.45000,0.00000,0.00000,0.00000,1.02000,-1.00000,0.00000,1.00000,0.00000,0.00000,17.00000,0.00000,1.06000,0.18000,1.00000,1.00000
54.03333,0.00000,-3.61784,-0.62414,-9.26906,0.00000,0.15000,0.00000,0.04318,54.09607,-0.00060,-0.00026,1.00000,0.00000,1.00000,0.00120,0.00000,0.90308,0.25000,1.00000,1.00000,0.14000,0.62000,0.02800,0.45000,0.00000,0.00000,0.00000,1.02000,-1.00000,0.00000,1.00000,0.00000,0.00000,17.00000,0.00000,1.06000,0.18000,1.00000,1.00000
54.06667,0.00000,-3.56607,-0.60941,-9.27149,0.00000,0.15000,0.00000,0.04278,54.18613,0.00054,0.00001,1.00000,0.00000,1.00000,0.00208,0.00000,0.90221,0.25000,1.00000,1.00000,0.20562,0.62000,0.02800,0.45000,0.00000,0.00000,0.00000,1.02000,-1.00000,0.00000,1.00000,0.00000,0.00000,17.00000,0.00000,1.06000,0.18000,1.00000,1.00000
54.10000,0.00000,-3.42717,-0.57998,-9.04357,0.00000,0.15000,0.00000,0.03792,55.59561,0.00000,0.00213,1.03931,0.00833,1.04625,0.00398,0.37002,1.09457,0.35407,1.00000,1.00000,0.14000,0.66301,0.02800,0.41254,0.00000,0.00000,0.00000,1.02000,-1.00000,0.00000,1.00000,0.00000,0.00000,17.00000,0.00000,1.08313,0.18000,1.00000,1.00000
54.13333,0.00000,-3.39974,-0.56955,-9.10680,0.00000,0.15000,0.00000,0.03540,55.32934,-0.00216,-0.00257,1.02862,0.00606,1.03367,0.00322,0.26937,1.04152,0.32576,1.00000,1.00000,0.14000,0.65131,0.02800,0.42273,0.00000,0.00000,0.00000,1.02000,-1.00000,0.00000,1.00000,0.00000,0.00000,17.00000,0.00000,1.07684,0.18000,1.00000,1.00000
54.16667,0.00000,-3.36573,-0.55799,-9.15357,0.00000,0.15000,0.00000,0.04088,55.15985,0.00115,0.00155,1.02084,0.00441,1.02451,0.00267,0.19610,1.00247,0.30515,1.00000,1.00000,0.14000,0.64280,0.02800,0.43014,0.00000,0.00000,0.00000,1.02000,-1.00000,0.00000,1.00000,0.00000,0.00000,17.00000,0.00000,1.07226,0.18000,1.00000,1.00000
54.20000,0.00000,-3.32693,-0.54562,-9.18802,0.00000,0.15000,0.00000,0.04453,55.06111,0.00084,-0.00009,1.01517,0.00321,1.01785,0.00227,0.14276,0.97370,0.29015,1.00000,1.00000,0.14000,0.63660,0.02800,0.43555,0.00000,0.00000,0.00000,1.02000,-1.00000,0.00000,1.00000,0.00000,0.00000,17.00000,0.00000,1.06892,0.18000,1.00000,1.00000
54.23333,0.00000,-3.28464,-0.53267,-9.21329,0.00000,0.15000,0.00000,0.04307,55.01408,-0.00168,-0.00096,1.01104,0.00234,1.01299,0.00198,0.10393,0.95247,0.27923,1.00000,1.00000,0.14000,0.63208,0.02800,0.43948,0.00000,0.00000,0.00000,1.02000,-1.00000,0.00000,1.00000,0.00000,0.00000,17.00000,0.00000,1.06650,0.18000,1.00000,1.00000
54.26667,0.00000,-3.23986,-0.51933,-9.23172,0.00000,0.15000,0.00000,0.04017,55.00486,0.00091,0.00129,1.00804,0.00170,1.00946,0.00177,0.07566,0.93676,0.27128,1.00000,1.00000,0.14000,0.62880,0.02800,0.44234,0.00000,0.00000,0.00000,1.02000,-1.00000,0.00000,1.00000,0.00000,0.00000,17.00000,0.00000,1.06473,0.18000,1.00000,1.00000
54.30000,0.00000,-3.19329,-0.50571,-9.24504,0.00000,0.15000,0.00000,0.03929,55.02331,0.00057,-0.00089,1.00585,0.00124,1.00688,0.00161,0.05508,0.92508,0.26549,1.00000,1.00000,0.14000,0.62640,0.02800,0.44442,0.00000,0.00000,0.00000,1.02000,-1.00000,0.00000,1.00000,0.00000,0.00000,17.00000,0.00000,1.06344,0.18000,1.00000,1.00000
54.33333,0.00000,-3.14545,-0.49192,-9.25456,0.00000,0.15000,0.00000,0.04019,55.06201,-0.00147,0.00010,1.00426,0.00090,1.00501,0.00150,0.04010,0.91633,0.26128,1.00000,1.00000,0.14000,0.62466,0.02800,0.44594,0.00000,0.00000,0.00000,1.02000,-1.00000,0.00000,1.00000,0.00000,0.00000,17.00000,0.00000,1.06251,0.18000,1.00000,1.00000
54.36667,0.00000,-3.09671,-0.47801,-9.26120,0.00000,0.15000,0.00000,0.04091,55.11558,0.00086,0.00050,1.00310,0.00066,1.00365,0.00142,0.02919,0.90973,0.25821,1.00000,1.00000,0.14000,0.62339,0.02800,0.44704,0.00000,0.00000,0.00000,1.02000,-1.00000,0.00000,1.00000,0.00000,0.00000,17.00000,0.00000,1.06182,0.18000,1.00000,1.00000
54.40000,0.00000,-3.04736,-0.46403,-9.26566,0.00000,0.15000,0.00000,0.04063,55.18006,-0.00003,-0.00046,1.00226,0.00048,1.00266,0.00136,0.02125,0.90469,0.25598,1.00000,1.00000,0.14000,0.62247,0.02800,0.44785,0.00000,0.00000,0.00000,1.02000,-1.00000,0.00000,1.00000,0.00000,0.00000,17.00000,0.00000,1.06133,0.18000,1.00000,1.00000
54.43333,0.00000,-2.99758,-0.45001,-9.26846,0.00000,0.15000,0.00000,0.03999,55.25260,-0.00056,0.00067,1.00164,0.00035,1.00193,0.00177,0.01547,0.90078,0.25435,1.00000,1.00000,0.17357,0.62180,0.02800,0.44843,0.00000,0.00000,0.00000,1.02000,-1.00000,0.00000,1.00000,0.00000,0.00000,17.00000,0.00000,1.06097,0.18000,1.00000,1.00000
54.46667,0.00000,-2.94752,-0.43599,-9.26997,0.00000,0.15000,0.00000,0.03975,55.33108,0.00036,-0.00014,1.00120,0.00025,1.00141,0.00128,0.01126,0.89770,0.25317,1.00000,1.00000,0.14000,0.62131,0.02800,0.44886,0.00000,0.00000,0.00000,1.02000,-1.00000,0.00000,1.00000,0.00000,0.00000,17.00000,0.00000,1.06070,0.18000,1.00000,1.00000
54.50000,0.00000,-2.89729,-0.42197,-9.27044,0.00000,0.15000,0.00000,0.03992,55.41400,0.00071,-0.00062,1.00087,0.00018,1.00102,0.00126,0.00820,0.89522,0.25231,1.00000,1.00000,0.14000,0.62095,0.02800,0.44917,0.00000,0.00000,0.00000,1.02000,-1.00000,0.00000,1.00000,0.00000,0.00000,17.00000,0.00000,1.06051,0.18000,1.00000,1.00000
54.53333,0.00000,-2.84811,-0.40813,-9.27390,0.00000,0.15000,0.00000,0.04000,55.47848,-0.00138,0.00095,1.00000,0.00000,1.00000,0.00120,0.00000,0.89006,0.25000,1.00000,1.00000,0.14000,0.62000,0.02800,0.45000,0.00000,0.00000,0.00000,1.02000,-1.00000,0.00000,1.00000,0.00000,0.00000,17.00000,0.00000,1.06000,0.18000,1.00000,1.00000
54.56667,0.00000,-2.79739,-0.39410,-9.27184,0.00000,0.15000,0.00000,0.04004,55.57310,0.00106,-0.00078,1.00000,0.00000,1.00000,0.00120,0.00000,0.88919,0.25000,1.00000,1.00000,0.14000,0.62000,0.02800,0.45000,0.00000,0.00000,0.00000,1.02000,-1.00000,0.00000,1.00000,0.00000,0.00000,17.00000,0.00000,1.06000,0.18000,1.00000,1.00000
54.60000,0.00000,-2.74675,-0.38012,-9.26948,0.00000,0.15000,0.00000,0.04010,55.66804,-0.00002,0.00016,1.00000,0.00000,1.00000,0.00120,0.00000,0.88832,0.25000,1.00000,1.00000,0.14031,0.62000,0.02800,0.45000,0.00000,0.00000,0.00000,1.02000,-1.00000,0.00000,1.00000,0.00000,0.00000,17.00000,0.00000,1.06000,0.18000,1.00000,1.00000
54.63333,0.00000,-2.60487,-0.35378,-8.95290,0.00000,0.15000,0.00000,0.02766,57.62535,-0.00331,0.00230,1.05419,0.01148,1.06375,0.00503,0.51002,1.14835,0.39344,1.00000,1.00000,0.14000,0.67929,0.02800,0.39836,0.00000,0.00000,0.00000,1.02000,-1.00000,0.00000,1.00000,0.00000,0.00000,17.00000,0.00000,1.09188,0.18000,1.00000,1.00000
54.66667,0.00000,-2.57988,-0.34353,-9.03330,0.00000,0.15000,0.00000,0.03572,57.21742,0.00136,-0.00206,1.03945,0.00835,1.04641,0.00398,0.37129,1.07726,0.35443,1.00000,1.00000,0.14000,0.66316,0.02800,0.41241,0.00000,0.00000,0.00000,1.02000,-1.00000,0.00000,1.00000,0.00000,0.00000,17.00000,0.00000,1.08321,0.18000,1.00000,1.00000
54.70000,0.00000,-2.54802,-0.33228,-9.09170,0.00000,0.15000,0.00000,0.04491,56.94579,0.00038,0.00124,1.02872,0.00608,1.03379,0.00323,0.27030,1.02488,0.32602,1.00000,1.00000,0.14000,0.65142,0.02800,0.42263,0.00000,0.00000,0.00000,1.02000,-1.00000,0.00000,1.00000,0.00000,0.00000,17.00000,0.00000,1.07689,0.18000,1.00000,1.00000
54.73333,0.00000,-2.51111,-0.32033,-9.13356,0.00000,0.15000,0.00000,0.04525,56.77381,-0.00104,-0.00025,1.02091,0.00443,1.02460,0.00268,0.19678,0.98632,0.30534,1.00000,1.00000,0.14000,0.64288,0.02800,0.43008,0.00000,0.00000,0.00000,1.02000,-1.00000,0.00000,1.00000,0.00000,0.00000,17.00000,0.00000,1.07230,0.18000,1.00000,1.00000
54.76667,0.00000,-2.47056,-0.30789,-9.16307,0.00000,0.15000,0.00000,0.04075,56.67468,0.00079,-0.00069,1.01522,0.00322,1.01791,0.00449,0.14325,0.95790,0.29029,1.00000,1.00000,0.30432,0.63665,0.02800,0.43550,0.00000,0.00000,0.00000,1.02000,-1.00000,0.00000,1.00000,0.00000,0.00000,17.00000,0.00000,1.06895,0.18000,1.00000,1.00000
54.80000,0.00000,-2.42740,-0.29510,-9.18337,0.00000,0.15000,0.00000,0.03865,56.62882,0.00070,0.00155,1.01108,0.00235,1.01304,0.00203,0.10429,0.93693,0.27933,1.00000,1.00000,0.14385,0.63212,0.02800,0.43944,0.00000,0.00000,0.00000,1.02000,-1.00000,0.00000,1.00000,0.00000,0.00000,17.00000,0.00000,1.06652,0.18000,1.00000,1.00000
54.83333,0.00000,-2.38237,-0.28209,-9.19682,0.00000,0.15000,0.00000,0.04029,56.62192,-0.00184,-0.00126,1.00807,0.00171,1.00949,0.00178,0.07592,0.92140,0.27135,1.00000,1.00000,0.14109,0.62883,0.02800,0.44231,0.00000,0.00000,0.00000,1.02000,-1.00000,0.00000,1.00000,0.00000,0.00000,17.00000,0.00000,1.06475,0.18000,1.00000,1.00000
54.86667,0.00000,-2.33603,-0.26894,-9.20517,0.00000,0.15000,0.00000,0.04250,56.64352,0.00141,0.00034,1.00587,0.00124,1.00691,0.00161,0.05527,0.90984,0.26554,1.00000,1.00000,0.14000,0.62643,0.02800,0.44440,0.00000,0.00000,0.00000,1.02000,-1.00000,0.00000,1.00000,0.00000,0.00000,17.00000,0.00000,1.06345,0.18000,1.00000,1.00000
54.90000,0.00000,-2.28877,-0.25570,-9.20971,0.00000,0.15000,0.00000,0.04303,56.68600,-0.00021,0.00057,1.00428,0.00091,1.00503,0.00150,0.04024,0.90119,0.26132,1.00000,1.00000,0.14000,0.62468,0.02800,0.44593,0.00000,0.00000,0.00000,1.02000,-1.00000,0.00000,1.00000,0.00000,0.00000,17.00000,0.00000,1.06251,0.18000,1.00000,1.00000
54.93333,0.00000,-2.24090,-0.24240,-9.21138,0.00000,0.15000,0.00000,0.04247,56.74381,-0.00061,-0.00106,1.00311,0.00066,1.00366,0.00143,0.02929,0.89465,0.25824,1.00000,1.00000,0.14075,0.62341,0.02800,0.44703,0.00000,0.00000,0.00000,1.02000,-1.00000,0.00000,1.00000,0.00000,0.00000,17.00000,0.00000,1.06183,0.18000,1.00000,1.00000
54.96667,0.00000,-2.19260,-0.22909,-9.21090,0.00000,0.15000,0.00000,0.04231,56.81289,0.00041,0.00096,1.00227,0.00048,1.00267,0.00136,0.02132,0.88965,0.25600,1.00000,1.00000,0.14000,0.62248,0.02800,0.44784,0.00000,0.00000,0.00000,1.02000,-1.00000,0.00000,1.00000,0.00000,0.00000,17.00000,0.00000,1.06133,0.18000,1.00000,1.00000
55.00000,0.00000,-2.14404,-0.21578,-9.20876,0.00000,0.15000,0.00000,0.04293,56.89027,0.00055,-0.00032,1.00165,0.00035,1.00194,0.00132,0.01552,0.88577,0.25437,1.00000,1.00000,0.14000,0.62180,0.02800,0.44843,0.00000,0.00000,0.00000,1.02000,-1.00000,0.00000,1.00000,0.00000,0.00000,17.00000,0.00000,1.06097,0.18000,1.00000,1.00000
55.03333,0.00000,-2.09532,-0.20248,-9.20534,0.00000,0.15000,0.00000,0.04376,56.97380,-0.00121,-0.00044,1.00120,0.00025,1.00141,0.00128,0.01130,0.88271,0.25318,1.00000,1.00000,0.14000,0.62131,0.02800,0.44886,0.00000,0.00000,0.00000,1.02000,-1.00000,0.00000,1.00000,0.00000,0.00000,17.00000,0.00000,1.06071,0.18000,1.00000,1.00000
55.06667,0.00000,-2.04768,-0.18932,-9.20612,0.00000,0.15000,0.00000,0.04407,57.03119,0.00092,0.00087,1.00000,0.00000,1.00000,0.00120,0.00000,0.87601,0.25000,1.00000,1.00000,0.14000,0.62000,0.02800,0.45000,0.00000,0.00000,0.00000,1.02000,-1.00000,0.00000,1.00000,0.00000,0.00000,17.00000,0.00000,1.06000,0.18000,1.00000,1.00000
55.10000,0.00000,-1.99852,-0.17604,-9.19946,0.00000,0.15000,0.00000,0.04454,57.13105,-0.00003,-0.00086,1.00000,0.00000,1.00000,0.00126,0.00000,0.87512,0.25000,1.00000,1.00000,0.14421,0.62000,0.02800,0.45000,0.00000,0.00000,0.00000,1.02000,-1.00000,0.00000,1.00000,0.00000,0.00000,17.00000,0.00000,1.06000,0.18000,1.00000,1.00000
55.13333,1.00000,0.00000,0.00000,-20.00000,0.00000,0.00000,0.00000,-0.01647,48.00000,-0.00458,0.00205,1.05663,0.49390,1.06663,0.00536,0.53300,1.33313,0.39991,1.00000,1.00000,0.15196,0.85795,0.02800,0.35203,1.04963,0.00000,0.00000,1.02000,-1.00000,0.00000,1.00000,0.00000,0.00000,17.00000,0.00000,1.09331,0.18000,1.00000,1.00000
55.16667,1.00000,0.00000,0.00000,-20.00000,0.00000,0.00000,0.00000,-0.01188,48.00000,0.00362,0.00199,1.04123,0.33430,1.04850,0.00411,0.38802,1.24251,0.35913,1.00000,1.00000,0.14000,0.83675,0.02800,0.36508,1.04570,0.00000,0.00000,1.02000,-1.00000,0.00000,1.00000,0.00000,0.00000,17.00000,0.00000,1.08425,0.18000,1.00000,1.00000
55.20000,1.00000,0.00000,0.00000,-20.00000,0.00000,0.00000,0.00000,-0.00145,48.00000,0.00028,-0.00367,1.03001,0.22631,1.03531,0.00332,0.28248,1.17655,0.32945,1.00000,1.00000,0.14000,0.82131,0.02800,0.37458,1.04176,0.00000,0.00000,1.02000,-1.00000,0.00000,1.00000,0.00000,0.00000,17.00000,0.00000,1.07765,0.18000,1.00000,1.00000
55.23333,1.00000,0.00000,0.00000,-20.00000,0.00000,0.00000,0.00000,0.00170,48.00000,-0.00235,0.00297,1.02185,0.15323,1.02571,0.00274,0.20564,1.12853,0.30784,1.00000,1.00000,0.14000,0.81008,0.02800,0.38149,1.03783,0.00000,0.00000,1.02000,-1.00000,0.00000,1.00000,0.00000,0.00000,17.00000,0.00000,1.07285,0.18000,1.00000,1.00000
55.26667,1.00000,0.00000,0.00000,-20.00000,0.00000,0.00000,0.00000,-0.00176,48.00000,0.00139,-0.00105,1.01591,0.10376,1.01871,0.00236,0.14971,1.09357,0.29211,1.00000,1.00000,0.14299,0.80189,0.02800,0.38653,1.03389,0.00000,0.00000,1.02000,-1.00000,0.00000,1.00000,0.00000,0.00000,17.00000,0.00000,1.06936,0.18000,1.00000,1.00000
55.30000,1.00000,0.00000,0.00000,-20.00000,0.00000,0.00000,0.00000,-0.00453,48.00000,0.00080,-0.00073,1.01158,0.07028,1.01362,0.00202,0.10899,1.06812,0.28065,1.00000,1.00000,0.14000,0.79594,0.02800,0.39019,1.02996,0.00000,0.00000,1.02000,-1.00000,0.00000,1.00000,0.00000,0.00000,17.00000,0.00000,1.06681,0.18000,1.00000,1.00000
55.33333,1.00000,0.00000,0.00000,-20.00000,0.00000,0.00000,0.00000,-0.00345,48.00000,-0.00196,0.00152,1.00843,0.04761,1.00992,0.00180,0.07934,1.04959,0.27231,1.00000,1.00000,0.14000,0.79160,0.02800,0.39286,1.02603,0.00000,0.00000,1.02000,-1.00000,0.00000,1.00000,0.00000,0.00000,17.00000,0.00000,1.06496,0.18000,1.00000,1.00000
55.36667,1.00000,0.00000,0.00000,-20.00000,0.00000,0.00000,0.00000,-0.00089,48.00000,0.00164,-0.00142,1.00614,0.03226,1.00722,0.00165,0.05776,1.03610,0.26625,1.00000,1.00000,0.14120,0.78845,0.02800,0.39480,1.02209,0.00000,0.00000,1.02000,-1.00000,0.00000,1.00000,0.00000,0.00000,17.00000,0.00000,1.06361,0.18000,1.00000,1.00000
55.40000,1.00000,0.00000,0.00000,-20.00000,0.00000,0.00000,0.00000,0.00037,48.00000,-0.00036,0.00062,1.00447,0.02186,1.00526,0.00152,0.04205,1.02628,0.26183,1.00000,1.00000,0.14000,0.78615,0.02800,0.39622,1.01816,0.00000,0.00000,1.02000,-1.00000,0.00000,1.00000,0.00000,0.00000,17.00000,0.00000,1.06263,0.18000,1.00000,1.00000
55.43333,1.00000,0.00000,0.00000,-20.00000,0.00000,0.00000,0.00000,0.00021,48.00000,-0.00063,0.00040,1.00325,0.01482,1.00383,0.00145,0.03061,1.01913,0.25861,1.00000,1.00000,0.14122,0.78448,0.02800,0.39724,1.01422,0.00000,0.00000,1.02000,-1.00000,0.00000,1.00000,0.00000,0.00000,17.00000,0.00000,1.06191,0.18000,1.00000,1.00000
55.46667,1.00000,0.00000,0.00000,-20.00000,0.00000,0.00000,0.00000,0.00005,48.00000,0.00050,-0.00107,1.00237,0.01005,1.00279,0.00139,0.02229,1.01393,0.25627,1.00000,1.00000,0.14198,0.78326,0.02800,0.39799,1.01029,0.00000,0.00000,1.02000,-1.00000,0.00000,1.00000,0.00000,0.00000,17.00000,0.00000,1.06139,0.18000,1.00000,1.00000
55.50000,1.00000,0.00000,0.00000,-20.00000,0.00000,0.00000,0.00000,0.00066,48.00000,0.00041,0.00108,1.00172,0.00681,1.00203,0.00132,0.01622,1.01014,0.25456,1.00000,1.00000,0.14000,0.78237,0.02800,0.39854,1.00635,0.00000,0.00000,1.02000,-1.00000,0.00000,1.00000,0.00000,0.00000,17.00000,0.00000,1.06101,0.18000,1.00000,1.00000
55.53333,1.00000,0.00000,0.00000,-20.00000,0.00000,0.00000,0.00000,0.00162,48.00000,-0.00111,-0.00052,1.00125,0.00462,1.00148,0.00130,0.01181,1.00738,0.25332,1.00000,1.00000,0.14120,0.78173,0.02800,0.39894,1.00242,0.00000,0.00000,1.02000,-1.00000,0.00000,1.00000,0.00000,0.00000,17.00000,0.00000,1.06074,0.18000,1.00000,1.00000
55.56667,1.00000,0.00000,0.00000,-20.00000,0.00000,0.00000,0.00000,0.00235,48.00000,0.00095,-0.00027,1.00091,0.00314,1.00107,0.00128,0.00860,1.00537,0.25242,1.00000,1.00000,0.14148,0.78126,0.02800,0.39923,0.99849,0.00000,0.00000,1.02000,-1.00000,0.00000,1.00000,0.00000,0.00000,17.00000,0.00000,1.06054,0.18000,1.00000,1.00000
55.60000,1.00000,0.00000,0.00000,-20.00000,0.00000,0.00000,0.00000,0.00269,48.00000,-0.00002,0.00085,1.00000,0.00199,1.00000,0.00120,0.00000,1.00000,0.25000,1.00000,1.00000,0.14000,0.78000,0.02800,0.40000,0.99455,0.00000,0.00000,1.02000,-1.00000,0.00000,1.00000,0.00000,0.00000,17.00000,0.00000,1.06000,0.18000,1.00000,1.00000
55.63333,1.00000,0.00000,0.00000,-20.00000,0.00000,0.00000,0.00000,0.00323,48.00000,-0.00077,-0.00096,1.00000,0.00000,1.00000,0.00120,0.00000,1.00000,0.25000,1.00000,1.00000,0.14000,0.78000,0.02800,0.40000,0.99062,0.00000,0.00000,1.02000,-1.00000,0.00000,1.00000,0.00000,0.00000,17.00000,0.00000,1.06000,0.18000,1.00000,1.00000
55.66667,1.00000,0.00000,0.00000,-20.00000,0.00000,0.00000,0.00000,-0.00959,48.00000,0.00500,0.00338,1.06047,0.01281,1.07114,0.00552,0.56913,1.35571,0.41007,1.00000,1.00000,0.14346,0.86324,0.02800,0.34878,0.98668,0.00000,0.00000,1.02000,-1.00000,0.00000,1.00000,0.00000,0.00000,17.00000,0.00000,1.09557,0.18000,1.00000,1.00000
55.70000,1.00000,0.00000,0.00000,-20.00000,0.00000,0.00000,0.00000,0.00444,48.00000,-0.00041,0.00101,1.04402,0.00932,1.05179,0.00431,0.41433,1.25895,0.36653,1.00000,1.00000,0.14000,0.84060,0.02800,0.36271,0.98275,0.00000,0.00000,1.02000,-1.00000,0.00000,1.00000,0.00000,0.00000,17.00000,0.00000,1.08590,0.18000,1.00000,1.00000
55.73333,1.00000,0.00000,0.00000,-20.00000,0.00000,0.00000,0.00000,0.01194,48.00000,-0.00237,-0.00340,1.03205,0.00679,1.03770,0.00349,0.30163,1.18852,0.33483,1.00000,1.00000,0.14203,0.82411,0.02800,0.37285,0.97882,0.00000,0.00000,1.02000,-1.00000,0.00000,1.00000,0.00000,0.00000,17.00000,0.00000,1.07885,0.18000,1.00000,1.00000
55.76667,1.00000,0.00000,0.00000,-20.00000,0.00000,0.00000,0.00000,0.00864,48.00000,0.00156,0.00323,1.02333,0.00494,1.02745,0.00286,0.21958,1.13724,0.31176,1.00000,1.00000,0.14109,0.81211,0.02800,0.38024,0.97488,0.00000,0.00000,1.02000,-1.00000,0.00000,1.00000,0.00000,0.00000,17.00000,0.00000,1.07372,0.18000,1.00000,1.00000
55.80000,1.00000,0.00000,0.00000,-20.00000,0.00000,0.00000,0.00000,0.00358,48.00000,0.00087,-0.00152,1.01698,0.00360,1.01998,0.00240,0.15986,1.09991,0.29496,1.00000,1.00000,0.14000,0.80338,0.02800,0.38561,0.97095,0.00000,0.00000,1.02000,-1.00000,0.00000,1.00000,0.00000,0.00000,17.00000,0.00000,1.06999,0.18000,1.00000,1.00000
55.83333,1.00000,0.00000,0.00000,-20.00000,0.00000,0.00000,0.00000,0.00337,48.00000,-0.00244,-0.00034,1.01236,0.00262,1.01455,0.00232,0.11637,1.07273,0.28273,1.00000,1.00000,0.15851,0.79702,0.02800,0.38953,0.96701,0.00000,0.00000,1.02000,-1.00000,0.00000,1.00000,0.00000,0.00000,17.00000,0.00000,1.06727,0.18000,1.00000,1.00000
55.86667,1.00000,0.00000,0.00000,-20.00000,0.00000,0.00000,0.00000,0.00642,48.00000,0.00223,0.00168,1.00900,0.00191,1.01059,0.00184,0.08472,1.05295,0.27383,1.00000,1.00000,0.14000,0.79239,0.02800,0.39238,0.96308,0.00000,0.00000,1.02000,-1.00000,0.00000,1.00000,0.00000,0.00000,17.00000,0.00000,1.06530,0.18000,1.00000,1.00000
55.90000,1.00000,0.00000,0.00000,-20.00000,0.00000,0.00000,0.00000,0.00844,48.00000,-0.00059,-0.00192,1.00655,0.00139,1.00771,0.00166,0.06168,1.03855,0.26735,1.00000,1.00000,0.14000,0.78902,0.02800,0.39445,0.95914,0.00000,0.00000,1.02000,-1.00000,0.00000,1.00000,0.00000,0.00000,17.00000,0.00000,1.06385,0.18000,1.00000,1.00000
55.93333,1.00000,0.00000,0.00000,-20.00000,0.00000,0.00000,0.00000,0.00823,48.00000,-0.00076,0.00108,1.00477,0.00101,1.00561,0.00154,0.04490,1.02806,0.26263,1.00000,1.00000,0.14000,0.78657,0.02800,0.39596,0.95521,0.00000,0.00000,1.02000,-1.00000,0.00000,1.00000,0.00000,0.00000,17.00000,0.00000,1.06281,0.18000,1.00000,1.00000
55.96667,1.00000,0.00000,0.00000,-20.00000,0.00000,0.00000,0.00000,0.00744,48.00000,0.00072,0.00015,1.00347,0.00074,1.00409,0.00145,0.03269,1.02043,0.25919,1.00000,1.00000,0.14000,0.78478,0.02800,0.39706,0.95128,0.00000,0.00000,1.02000,-1.00000,0.00000,1.00000,0.00000,0.00000,17.00000,0.00000,1.06204,0.18000,1.00000,1.00000
56.00000,1.00000,0.00000,0.00000,-20.00000,0.00000,0.00000,0.00000,0.00756,48.00000,0.00031,-0.00106,1.00253,0.00054,1.00297,0.00138,0.02380,1.01487,0.25669,1.00000,1.00000,0.14000,0.78348,0.02800,0.39786,0.94734,0.00000,0.00000,1.02000,-1.00000,0.00000,1.00000,0.00000,0.00000,17.00000,0.00000,1.06149,0.18000,1.00000,1.00000
56.03333,1.00000,0.00000,0.00000,-20.00000,0.00000,0.00000,0.00000,0.00837,48.00000,-0.00091,0.00104,1.00184,0.00039,1.00217,0.00133,0.01732,1.01083,0.25487,1.00000,1.00000,0.14000,0.78253,0.02800,0.39844,0.94341,0.00000,0.00000,1.02000,-1.00000,0.00000,1.00000,0.00000,0.00000,17.00000,0.00000,1.06108,0.18000,1.00000,1.00000
56.06667,1.00000,0.00000,0.00000,-20.00000,0.00000,0.00000,0.00000,0.00902,48.00000,0.00055,-0.00045,1.00134,0.00028,1.00158,0.00129,0.01261,1.00788,0.25355,1.00000,1.00000,0.14000,0.78184,0.02800,0.39886,0.93947,0.00000,0.00000,1.02000,-1.00000,0.00000,1.00000,0.00000,0.00000,17.00000,0.00000,1.06079,0.18000,1.00000,1.00000
56.10000,1.00000,0.00000,0.00000,-20.00000,0.00000,0.00000,0.00000,0.00919,48.00000,-0.00001,-0.00002,1.00098,0.00021,1.00115,0.00127,0.00918,1.00574,0.25258,1.00000,1.00000,0.14000,0.78134,0.02800,0.39917,0.93554,0.00000,0.00000,1.02000,-1.00000,0.00000,1.00000,0.00000,0.00000,17.00000,0.00000,1.06057,0.18000,1.00000,1.00000
56.13333,1.00000,0.00000,0.00000,-20.00000,0.00000,0.00000,0.00000,0.00924,48.00000,-0.00039,0.00037,1.00000,0.00000,1.00000,0.00120,0.00000,1.00000,0.25000,1.00000,1.00000,0.14000,0.78000,0.02800,0.40000,0.93161,0.00000,0.00000,1.02000,-1.00000,0.00000,1.00000,0.00000,0.00000,17.00000,0.00000,1.06000,0.18000,1.00000,1.00000
56.16667,1.00000,0.00000,0.00000,-20.00000,0.00000,0.00000,0.00000,0.00944,48.00000,0.00042,-0.00049,1.00000,0.00000,1.00000,0.00120,0.00000,1.00000,0.25000,1.00000,1.00000,0.14000,0.78000,0.02800,0.40000,0.92767,0.00000,0.00000,1.02000,-1.00000,0.00000,1.00000,0.00000,0.00000,17.00000,0.00000,1.06000,0.18000,1.00000,1.00000
56.20000,1.00000,0.00000,0.00000,-20.00000,0.00000,0.00000,0.00000,0.00532,48.00000,-0.00109,0.00364,1.05560,0.01177,1.06541,0.00558,0.52325,1.32703,0.39716,1.00000,1.00000,0.17414,0.85652,0.02800,0.35291,0.92374,0.00000,0.00000,1.02000,-1.00000,0.00000,1.00000,0.00000,0.00000,17.00000,0.00000,1.09270,0.18000,1.00000,1.00000
56.23333,1.00000,0.00000,0.00000,-20.00000,0.00000,0.00000,0.00000,0.01721,48.00000,-0.00217,-0.00007,1.04047,0.00857,1.04762,0.00406,0.38092,1.23808,0.35713,1.00000,1.00000,0.14000,0.83571,0.02800,0.36572,0.91980,0.00000,0.00000,1.02000,-1.00000,0.00000,1.00000,0.00000,0.00000,17.00000,0.00000,1.08381,0.18000,1.00000,1.00000
56.26667,1.00000,0.00000,0.00000,-20.00000,0.00000,0.00000,0.00000,0.01573,48.00000,0.00168,-0.00263,1.02946,0.00624,1.03466,0.00328,0.27731,1.17332,0.32799,1.00000,1.00000,0.14005,0.82056,0.02800,0.37504,0.91587,0.00000,0.00000,1.02000,-1.00000,0.00000,1.00000,0.00000,0.00000,17.00000,0.00000,1.07733,0.18000,1.00000,1.00000
56.30000,1.00000,0.00000,0.00000,-20.00000,0.00000,0.00000,0.00000,0.00882,48.00000,0.00084,0.00311,1.02145,0.00454,1.02524,0.00271,0.20188,1.12618,0.30678,1.00000,1.00000,0.14000,0.80952,0.02800,0.38183,0.91193,0.00000,0.00000,1.02000,-1.00000,0.00000,1.00000,0.00000,0.00000,17.00000,0.00000,1.07262,0.18000,1.00000,1.00000
56.33333,1.00000,0.00000,0.00000,-20.00000,0.00000,0.00000,0.00000,0.00634,48.00000,-0.00251,-0.00189,1.01562,0.00331,1.01837,0.00230,0.14697,1.09185,0.29133,1.00000,1.00000,0.14000,0.80149,0.02800,0.38677,0.90800,0.00000,0.00000,1.02000,-1.00000,0.00000,1.00000,0.00000,0.00000,17.00000,0.00000,1.06919,0.18000,1.00000,1.00000
56.36667,1.00000,0.00000,0.00000,-20.00000,0.00000,0.00000,0.00000,0.00883,48.00000,0.00225,0.00016,1.01137,0.00241,1.01337,0.00200,0.10699,1.06687,0.28009,1.00000,1.00000,0.14000,0.79565,0.02800,0.39037,0.90407,0.00000,0.00000,1.02000,-1.00000,0.00000,1.00000,0.00000,0.00000,17.00000,0.00000,1.06669,0.18000,1.00000,1.00000
56.40000,1.00000,0.00000,0.00000,-20.00000,0.00000,0.00000,0.00000,0.01135,48.00000,-0.00063,0.00122,1.00828,0.00175,1.00974,0.00178,0.07789,1.04868,0.27191,1.00000,1.00000,0.14000,0.79139,0.02800,0.39299,0.90013,0.00000,0.00000,1.02000,-1.00000,0.00000,1.00000,0.00000,0.00000,17.00000,0.00000,1.06487,0.18000,1.00000,1.00000
56.43333,1.00000,0.00000,0.00000,-20.00000,0.00000,0.00000,0.00000,0.01121,48.00000,-0.00070,-0.00168,1.00602,0.00128,1.00709,0.00163,0.05670,1.03544,0.26595,1.00000,1.00000,0.14000,0.78829,0.02800,0.39490,0.89620,0.00000,0.00000,1.02000,-1.00000,0.00000,1.00000,0.00000,0.00000,17.00000,0.00000,1.06354,0.18000,1.00000,1.00000
56.46667,1.00000,0.00000,0.00000,-20.00000,0.00000,0.00000,0.00000,0.00974,48.00000,0.00080,0.00121,1.00439,0.00093,1.00516,0.00151,0.04128,1.02580,0.26161,1.00000,1.00000,0.14000,0.78604,0.02800,0.39628,0.89226,0.00000,0.00000,1.02000,-1.00000,0.00000,1.00000,0.00000,0.00000,17.00000,0.00000,1.06258,0.18000,1.00000,1.00000
56.50000,1.00000,0.00000,0.00000,-20.00000,0.00000,0.00000,0.00000,0.00900,48.00000,0.00011,-0.00018,1.00319,0.00068,1.00376,0.00145,0.03005,1.01878,0.25845,1.00000,1.00000,0.14156,0.78440,0.02800,0.39730,0.88833,0.00000,0.00000,1.02000,-1.00000,0.00000,1.00000,0.00000,0.00000,17.00000,0.00000,1.06188,0.18000,1.00000,1.00000
56.53333,1.00000,0.00000,0.00000,-20.00000,0.00000,0.00000,0.00000,0.00929,48.00000,-0.00097,-0.00080,1.00232,0.00049,1.00273,0.00136,0.02188,1.01367,0.25615,1.00000,1.00000,0.14000,0.78320,0.02800,0.39803,0.88440,0.00000,0.00000,1.02000,-1.00000,0.00000,1.00000,0.00000,0.00000,17.00000,0.00000,1.06137,0.18000,1.00000,1.00000
56.56667,1.00000,0.00000,0.00000,-20.00000,0.00000,0.00000,0.00000,0.00966,48.00000,0.00105,0.00143,1.00169,0.00036,1.00199,0.00132,0.01593,1.00995,0.25448,1.00000,1.00000,0.14000,0.78233,0.02800,0.39857,0.88046,0.00000,0.00000,1.02000,-1.00000,0.00000,1.00000,0.00000,0.00000,17.00000,0.00000,1.06100,0.18000,1.00000,1.00000
56.60000,1.00000,0.00000,0.00000,-20.00000,0.00000,0.00000,0.00000,0.00948,48.00000,-0.00002,-0.00120,1.00123,0.00026,1.00145,0.00129,0.01159,1.00725,0.25326,1.00000,1.00000,0.14000,0.78170,0.02800,0.39896,0.87653,0.00000,0.00000,1.02000,-1.00000,0.00000,1.00000,0.00000,0.00000,17.00000,0.00000,1.06072,0.18000,1.00000,1.00000
56.63333,1.00000,0.00000,0.00000,-20.00000,0.00000,0.00000,0.00000,0.00897,48.00000,-0.00110,0.00026,1.00090,0.00019,1.00106,0.00126,0.00844,1.00528,0.25237,1.00000,1.00000,0.14000,0.78123,0.02800,0.39924,0.87259,0.00000,0.00000,1.02000,-1.00000,0.00000,1.00000,0.00000,0.00000,17.00000,0.00000,1.06053,0.18000,1.00000,1.00000
56.66667,1.00000,0.00000,0.00000,-20.00000,0.00000,0.00000,0.00000,0.00870,48.00000,0.00119,0.00073,1.00000,0.00000,1.00000,0.00120,0.00000,1.00000,0.25000,1.00000,1.00000,0.14000,0.78000,0.02800,0.40000,0.86866,0.00000,0.00000,1.02000,-1.00000,0.00000,1.00000,0.00000,0.00000,17.00000,0.00000,1.06000,0.18000,1.00000,1.00000
56.70000,1.00000,0.00000,0.00000,-20.00000,0.00000,0.00000,0.00000,0.00841,48.00000,-0.00041,-0.00128,1.00000,0.00000,1.00000,0.00120,0.00000,1.00000,0.25000,1.00000,1.00000,0.14000,0.78000,0.02800,0.40000,0.86472,0.00000,0.00000,1.02000,-1.00000,0.00000,1.00000,0.00000,0.00000,17.00000,0.00000,1.06000,0.18000,1.00000,1.00000
56.73333,1.00000,0.00000,0.00000,-20.00000,0.00000,0.00000,0.00000,0.01703,48.00000,-0.00303,0.00727,1.07271,0.01540,1.08554,0.00668,0.68432,1.42770,0.44246,1.00000,1.00000,0.16545,0.88008,0.02800,0.33841,0.86079,0.00000,0.00000,1.02000,-1.00000,0.00000,1.00000,0.00000,0.00000,17.00000,0.00000,1.10277,0.18000,1.00000,1.00000
56.76667,1.00000,0.00000,0.00000,-20.00000,0.00000,0.00000,0.00000,0.01992,48.00000,0.00243,-0.00139,1.05293,0.01121,1.06227,0.00494,0.49818,1.31136,0.39011,1.00000,1.00000,0.14000,0.85286,0.02800,0.35516,0.85686,0.00000,0.00000,1.02000,-1.00000,0.00000,1.00000,0.00000,0.00000,17.00000,0.00000,1.09114,0.18000,1.00000,1.00000
56.80000,1.00000,0.00000,0.00000,-20.00000,0.00000,0.00000,0.00000,0.00851,48.00000,0.00089,-0.00220,1.03853,0.00816,1.04533,0.00392,0.36267,1.22667,0.35200,1.00000,1.00000,0.14000,0.83304,0.02800,0.36736,0.85292,0.00000,0.00000,1.02000,-1.00000,0.00000,1.00000,0.00000,0.00000,17.00000,0.00000,1.08267,0.18000,1.00000,1.00000
56.83333,1.00000,0.00000,0.00000,-20.00000,0.00000,0.00000,0.00000,0.00107,48.00000,-0.00248,0.00264,1.02805,0.00594,1.03300,0.00318,0.26402,1.16501,0.32426,1.00000,1.00000,0.14000,0.81861,0.02800,0.37624,0.84899,0.00000,0.00000,1.02000,-1.00000,0.00000,1.00000,0.00000,0.00000,17.00000,0.00000,1.07650,0.18000,1.00000,1.00000
56.86667,1.00000,0.00000,0.00000,-20.00000,0.00000,0.00000,0.00000,0.00312,48.00000,0.00150,-0.00134,1.02042,0.00432,1.02403,0.00264,0.19221,1.12013,0.30406,1.00000,1.00000,0.14000,0.80811,0.02800,0.38270,0.84505,0.00000,0.00000,1.02000,-1.00000,0.00000,1.00000,0.00000,0.00000,17.00000,0.00000,1.07201,0.18000,1.00000,1.00000
56.90000,1.00000,0.00000,0.00000,-20.00000,0.00000,0.00000,0.00000,0.00759,48.00000,-0.00067,0.00058,1.01487,0.00315,1.01749,0.00411,0.13993,1.08745,0.28935,1.00000,1.00000,0.27858,0.80046,0.02800,0.38741,0.84112,0.00000,0.00000,1.02000,-1.00000,0.00000,1.00000,0.00000,0.00000,17.00000,0.00000,1.06875,0.18000,1.00000,1.00000
56.93333,1.00000,0.00000,0.00000,-20.00000,0.00000,0.00000,0.00000,0.00820,48.00000,-0.00088,0.00098,1.01082,0.00229,1.01273,0.00196,0.10187,1.06367,0.27865,1.00000,1.00000,0.14000,0.79490,0.02800,0.39083,0.83719,0.00000,0.00000,1.02000,-1.00000,0.00000,1.00000,0.00000,0.00000,17.00000,0.00000,1.06637,0.18000,1.00000,1.00000
56.96667,1.00000,0.00000,0.00000,-20.00000,0.00000,0.00000,0.00000,0.00564,48.00000,0.00109,-0.00178,1.00788,0.00167,1.00927,0.00176,0.07416,1.04635,0.27086,1.00000,1.00000,0.14000,0.79085,0.02800,0.39333,0.83325,0.00000,0.00000,1.02000,-1.00000,0.00000,1.00000,0.00000,0.00000,17.00000,0.00000,1.06463,0.18000,1.00000,1.00000
57.00000,1.00000,0.00000,0.00000,-20.00000,0.00000,0.00000,0.00000,0.00357,48.00000,-0.00009,0.00154,1.00574,0.00121,1.00675,0.00160,0.05399,1.03374,0.26518,1.00000,1.00000,0.14000,0.78790,0.02800,0.39514,0.82932,0.00000,0.00000,1.02000,-1.00000,0.00000,1.00000,0.00000,0.00000,17.00000,0.00000,1.06337,0.18000,1.00000,1.00000
57.03333,1.00000,0.00000,0.00000,-20.00000,0.00000,0.00000,0.00000,0.00341,48.00000,-0.00091,-0.00055,1.00418,0.00088,1.00491,0.00149,0.03930,1.02456,0.26105,1.00000,1.00000,0.14000,0.78575,0.02800,0.39646,0.82538,0.00000,0.00000,1.02000,-1.00000,0.00000,1.00000,0.00000,0.00000,17.00000,0.00000,1.06246,0.18000,1.00000,1.00000
57.06667,1.00000,0.00000,0.00000,-20.00000,0.00000,0.00000,0.00000,0.00389,48.00000,0.00092,-0.00057,1.00304,0.00064,1.00358,0.00141,0.02861,1.01788,0.25805,1.00000,1.00000,0.14000,0.78418,0.02800,0.39742,0.82145,0.00000,0.00000,1.02000,-1.00000,0.00000,1.00000,0.00000,0.00000,17.00000,0.00000,1.06179,0.18000,1.00000,1.00000
57.10000,1.00000,0.00000,0.00000,-20.00000,0.00000,0.00000,0.00000,0.00366,48.00000,-0.00001,0.00128,1.00221,0.00047,1.00260,0.00136,0.02083,1.01302,0.25586,1.00000,1.00000,0.14000,0.78305,0.02800,0.39813,0.81751,0.00000,0.00000,1.02000,-1.00000,0.00000,1.00000,0.00000,0.00000,17.00000,0.00000,1.06130,0.18000,1.00000,1.00000
57.13333,1.00000,0.00000,0.00000,-20.00000,0.00000,0.00000,0.00000,0.00273,48.00000,-0.00102,-0.00126,1.00161,0.00034,1.00190,0.00131,0.01516,1.00948,0.25426,1.00000,1.00000,0.14000,0.78222,0.02800,0.39864,0.81358,0.00000,0.00000,1.02000,-1.00000,0.00000,1.00000,0.00000,0.00000,17.00000,0.00000,1.06095,0.18000,1.00000,1.00000
57.16667,1.00000,0.00000,0.00000,-20.00000,0.00000,0.00000,0.00000,0.00183,48.00000,0.00116,0.00050,1.00117,0.00025,1.00138,0.00128,0.01104,1.00690,0.25310,1.00000,1.00000,0.14000,0.78161,0.02800,0.39901,0.80965,0.00000,0.00000,1.02000,-1.00000,0.00000,1.00000,0.00000,0.00000,17.00000,0.00000,1.06069,0.18000,1.00000,1.00000
57.20000,1.00000,0.00000,0.00000,-20.00000,0.00000,0.00000,0.00000,0.00149,48.00000,-0.00031,0.00026,1.00000,0.00000,1.00000,0.00120,0.00000,1.00000,0.25000,1.00000,1.00000,0.14000,0.78000,0.02800,0.40000,0.80571,0.00000,0.00000,1.02000,-1.00000,0.00000,1.00000,0.00000,0.00000,17.00000,0.00000,1.06000,0.18000,1.00000,1.00000
57.23333,1.00000,0.00000,0.00000,-20.00000,0.00000,0.00000,0.00000,0.00093,48.00000,-0.00015,-0.00050,1.00000,0.00000,1.00000,0.00120,0.00000,1.00000,0.25000,1.00000,1.00000,0.14000,0.78000,0.02800,0.40000,0.80178,0.00000,0.00000,1.02000,-1.00000,0.00000,1.00000,0.00000,0.00000,17.00000,0.00000,1.06000,0.18000,1.00000,1.00000
57.26667,0.00000,12.45484,15.90894,-7.14588,0.00000,0.00000,0.00000,0.07949,55.29662,0.00225,0.00510,1.03918,0.00830,1.04609,0.00397,0.36874,1.47655,0.35371,1.00000,1.00000,0.14000,0.66287,0.02800,0.41267,0.00000,0.00000,0.00000,1.02000,-1.00000,0.00000,1.00000,0.00000,0.00000,17.00000,0.00000,1.08305,0.18000,1.00000,1.00000
57.30000,0.00000,12.57808,15.95050,-7.13417,0.00000,0.00000,0.00000,0.07286,55.04544,0.00062,-0.00222,1.02852,0.00604,1.03356,0.00321,0.26844,1.40133,0.32550,1.00000,1.00000,0.14000,0.65121,0.02800,0.42282,0.00000,0.00000,0.00000,1.02000,-1.00000,0.00000,1.00000,0.00000,0.00000,17.00000,0.00000,1.07678,0.18000,1.00000,1.00000
57.33333,0.00000,12.67901,15.96309,-7.10879,0.00000,0.00000,0.00000,0.06587,54.89378,-0.00316,-0.00112,1.02076,0.00440,1.02443,0.00267,0.19542,1.34657,0.30496,1.00000,1.00000,0.14000,0.64272,0.02800,0.43021,0.00000,0.00000,0.00000,1.02000,-1.00000,0.00000,1.00000,0.00000,0.00000,17.00000,0.00000,1.07221,0.18000,1.00000,1.00000
57.36667,0.00000,12.76317,15.95427,-7.07327,0.00000,0.00000,0.00000,0.06542,54.81487,0.00295,0.00276,1.01512,0.00320,1.01778,0.00227,0.14227,1.30670,0.29001,1.00000,1.00000,0.14000,0.63654,0.02800,0.43560,0.00000,0.00000,0.00000,1.02000,-1.00000,0.00000,1.00000,0.00000,0.00000,17.00000,0.00000,1.06889,0.18000,1.00000,1.00000
57.40000,0.00000,12.83478,15.92971,-7.03023,0.00000,0.00000,0.00000,0.06832,54.78917,-0.00091,-0.00254,1.01100,0.00233,1.01295,0.00198,0.10357,1.27768,0.27913,1.00000,1.00000,0.14000,0.63204,0.02800,0.43951,0.00000,0.00000,0.00000,1.02000,-1.00000,0.00000,1.00000,0.00000,0.00000,17.00000,0.00000,1.06647,0.18000,1.00000,1.00000
57.43333,0.00000,12.89697,15.89363,-6.98163,0.00000,0.00000,0.00000,0.06938,54.80245,-0.00087,0.00109,1.00801,0.00170,1.00942,0.00182,0.07540,1.25655,0.27121,1.00000,1.00000,0.14416,0.62877,0.02800,0.44237,0.00000,0.00000,0.00000,1.02000,-1.00000,0.00000,1.00000,0.00000,0.00000,17.00000,0.00000,1.06471,0.18000,1.00000,1.00000
57.46667,0.00000,12.95211,15.84914,-6.92890,0.00000,0.00000,0.00000,0.06777,54.84429,0.00115,0.00041,1.00583,0.00124,1.00686,0.00169,0.05489,1.24117,0.26544,1.00000,1.00000,0.14606,0.62638,0.02800,0.44444,0.00000,0.00000,0.00000,1.02000,-1.00000,0.00000,1.00000,0.00000,0.00000,17.00000,0.00000,1.06343,0.18000,1.00000,1.00000
57.50000,0.00000,13.00193,15.79856,-6.87309,0.00000,0.00000,0.00000,0.06587,54.90711,-0.00029,-0.00137,1.00425,0.00090,1.00499,0.00150,0.03996,1.22997,0.26124,1.00000,1.00000,0.14000,0.62465,0.02800,0.44595,0.00000,0.00000,0.00000,1.02000,-1.00000,0.00000,1.00000,0.00000,0.00000,17.00000,0.00000,1.06250,0.18000,1.00000,1.00000
57.53333,0.00000,13.04771,15.74354,-6.81497,0.00000,0.00000,0.00000,0.06525,54.98538,-0.00072,0.00151,1.00309,0.00065,1.00364,0.00142,0.02909,1.22182,0.25818,1.00000,1.00000,0.14000,0.62338,0.02800,0.44705,0.00000,0.00000,0.00000,1.02000,-1.00000,0.00000,1.00000,0.00000,0.00000,17.00000,0.00000,1.06182,0.18000,1.00000,1.00000
57.56667,0.00000,13.09040,15.68533,-6.75510,0.00000,0.00000,0.00000,0.06542,55.07506,0.00084,-0.00081,1.00225,0.00048,1.00265,0.00139,0.02118,1.21588,0.25596,1.00000,1.00000,0.14255,0.62246,0.02800,0.44786,0.00000,0.00000,0.00000,1.02000,-1.00000,0.00000,1.00000,0.00000,0.00000,17.00000,0.00000,1.06132,0.18000,1.00000,1.00000
57.60000,0.00000,13.13068,15.62481,-6.69389,0.00000,0.00000,0.00000,0.06530,55.17321,-0.00002,-0.00023,1.00164,0.00035,1.00193,0.00139,0.01542,1.21156,0.25434,1.00000,1.00000,0.14541,0.62179,0.02800,0.44844,0.00000,0.00000,0.00000,1.02000,-1.00000,0.00000,1.00000,0.00000,0.00000,17.00000,0.00000,1.06096,0.18000,1.00000,1.00000
57.63333,0.00000,13.16907,15.56263,-6.63164,0.00000,0.00000,0.00000,0.06464,55.27768,-0.00097,0.00107,1.00119,0.00025,1.00140,0.00128,0.01122,1.20842,0.25316,1.00000,1.00000,0.14000,0.62130,0.02800,0.44886,0.00000,0.00000,0.00000,1.02000,-1.00000,0.00000,1.00000,0.00000,0.00000,17.00000,0.00000,1.06070,0.18000,1.00000,1.00000
57.66667,0.00000,13.20594,15.49927,-6.56856,0.00000,0.00000,0.00000,0.06389,55.38690,0.00120,-0.00123,1.00087,0.00018,1.00102,0.00126,0.00817,1.20613,0.25230,1.00000,1.00000,0.14000,0.62095,0.02800,0.44917,0.00000,0.00000,0.00000,1.02000,-1.00000,0.00000,1.00000,0.00000,0.00000,17.00000,0.00000,1.06051,0.18000,1.00000,1.00000
57.70000,0.00000,13.24696,15.44138,-6.50747,0.00000,0.00000,0.00000,0.06355,55.47727,-0.00054,0.00069,1.00000,0.00000,1.00000,0.00125,0.00000,1.20000,0.25000,1.00000,1.00000,0.14385,0.62000,0.02800,0.45000,0.00000,0.00000,0.00000,1.02000,-1.00000,0.00000,1.00000,0.00000,0.00000,17.00000,0.00000,1.06000,0.18000,1.00000,1.00000
57.73333,0.00000,13.28005,15.37486,-6.44242,0.00000,0.00000,0.00000,0.06313,55.59896,-0.00026,0.00013,1.00000,0.00000,1.00000,0.00120,0.00000,1.20000,0.25000,1.00000,1.00000,0.14000,0.62000,0.02800,0.45000,0.00000,0.00000,0.00000,1.02000,-1.00000,0.00000,1.00000,0.00000,0.00000,17.00000,0.00000,1.06000,0.18000,1.00000,1.00000
57.76667,0.00000,13.31262,15.30840,-6.37710,0.00000,0.00000,0.00000,0.06273,55.72118,0.00051,-0.00091,1.00000,0.00000,1.00000,0.00120,0.00000,1.20000,0.25000,1.00000,1.00000,0.14000,0.62000,0.02800,0.45000,0.00000,0.00000,0.00000,1.02000,-1.00000,0.00000,1.00000,0.00000,0.00000,17.00000,0.00000,1.06000,0.18000,1.00000,1.00000
57.80000,0.00000,12.94346,14.78376,-6.12178,0.00000,0.00000,0.00000,0.07063,57.55706,0.00027,0.00614,1.04790,0.01014,1.05636,0.00458,0.45086,1.53815,0.37681,1.00000,1.00000,0.14000,0.67241,0.02800,0.40435,0.00000,0.00000,0.00000,1.02000,-1.00000,0.00000,1.00000,0.00000,0.00000,17.00000,0.00000,1.08818,0.18000,1.00000,1.00000
57.83333,0.00000,13.08102,14.84081,-6.10788,0.00000,0.00000,0.00000,0.05874,57.21724,-0.00363,-0.00334,1.03487,0.00739,1.04103,0.00368,0.32823,1.44617,0.34231,1.00000,1.00000,0.14122,0.65816,0.02800,0.41677,0.00000,0.00000,0.00000,1.02000,-1.00000,0.00000,1.00000,0.00000,0.00000,17.00000,0.00000,1.08051,0.18000,1.00000,1.00000
57.86667,0.00000,13.19051,14.86525,-6.07975,0.00000,0.00000,0.00000,0.05571,57.00313,0.00357,-0.00021,1.02539,0.00538,1.02987,0.00301,0.23895,1.37921,0.31720,1.00000,1.00000,0.14156,0.64778,0.02800,0.42581,0.00000,0.00000,0.00000,1.02000,-1.00000,0.00000,1.00000,0.00000,0.00000,17.00000,0.00000,1.07493,0.18000,1.00000,1.00000
57.90000,0.00000,13.27887,14.86550,-6.04106,0.00000,0.00000,0.00000,0.06023,56.88092,-0.00110,0.00234,1.01848,0.00391,1.02174,0.00255,0.17395,1.33046,0.29892,1.00000,1.00000,0.14343,0.64022,0.02800,0.43239,0.00000,0.00000,0.00000,1.02000,-1.00000,0.00000,1.00000,0.00000,0.00000,17.00000,0.00000,1.07087,0.18000,1.00000,1.00000
57.93333,0.00000,13.35138,14.84791,-5.99456,0.00000,0.00000,0.00000,0.06371,56.82593,-0.00110,-0.00261,1.01346,0.00285,1.01583,0.00216,0.12664,1.29498,0.28562,1.00000,1.00000,0.14078,0.63472,0.02800,0.43718,0.00000,0.00000,0.00000,1.02000,-1.00000,0.00000,1.00000,0.00000,0.00000,17.00000,0.00000,1.06791,0.18000,1.00000,1.00000
57.96667,0.00000,13.41204,14.81724,-5.94229,0.00000,0.00000,0.00000,0.06272,56.82014,0.00170,0.00168,1.00980,0.00207,1.01152,0.00211,0.09219,1.26914,0.27593,1.00000,1.00000,0.15656,0.63072,0.02800,0.44067,0.00000,0.00000,0.00000,1.02000,-1.00000,0.00000,1.00000,0.00000,0.00000,17.00000,0.00000,1.06576,0.18000,1.00000,1.00000
58.00000,0.00000,13.46381,14.77702,-5.88576,0.00000,0.00000,0.00000,0.06016,56.85041,-0.00070,-0.00002,1.00713,0.00151,1.00839,0.00170,0.06711,1.25034,0.26888,1.00000,1.00000,0.14000,0.62780,0.02800,0.44320,0.00000,0.00000,0.00000,1.02000,-1.00000,0.00000,1.00000,0.00000,0.00000,17.00000,0.00000,1.06419,0.18000,1.00000,1.00000
58.03333,0.00000,13.50891,14.72985,-5.82610,0.00000,0.00000,0.00000,0.05924,56.90713,-0.00074,-0.00145,1.00519,0.00110,1.00611,0.00157,0.04886,1.23664,0.26374,1.00000,1.00000,0.14000,0.62568,0.02800,0.44505,0.00000,0.00000,0.00000,1.02000,-1.00000,0.00000,1.00000,0.00000,0.00000,17.00000,0.00000,1.06305,0.18000,1.00000,1.00000
58.06667,0.00000,13.54897,14.67763,-5.76410,0.00000,0.00000,0.00000,0.05997,56.98332,0.00100,0.00187,1.00378,0.00080,1.00445,0.00147,0.03557,1.22668,0.26000,1.00000,1.00000,0.14000,0.62413,0.02800,0.44640,0.00000,0.00000,0.00000,1.02000,-1.00000,0.00000,1.00000,0.00000,0.00000,17.00000,0.00000,1.06222,0.18000,1.00000,1.00000
58.10000,0.00000,13.58520,14.62177,-5.70036,0.00000,0.00000,0.00000,0.06067,57.07386,-0.00004,-0.00127,1.00275,0.00058,1.00324,0.00142,0.02589,1.21942,0.25728,1.00000,1.00000,0.14213,0.62301,0.02800,0.44738,0.00000,0.00000,0.00000,1.02000,-1.00000,0.00000,1.00000,0.00000,0.00000,17.00000,0.00000,1.06162,0.18000,1.00000,1.00000
58.13333,0.00000,13.61848,14.56328,-5.63530,0.00000,0.00000,0.00000,0.06050,57.17503,-0.00106,0.00010,1.00200,0.00042,1.00236,0.00134,0.01885,1.21414,0.25530,1.00000,1.00000,0.14000,0.62219,0.02800,0.44809,0.00000,0.00000,0.00000,1.02000,-1.00000,0.00000,1.00000,0.00000,0.00000,17.00000,0.00000,1.06118,0.18000,1.00000,1.00000
58.16667,0.00000,13.64945,14.50289,-5.56924,0.00000,0.00000,0.00000,0.05997,57.28412,0.00137,0.00090,1.00146,0.00031,1.00172,0.00133,0.01372,1.21029,0.25386,1.00000,1.00000,0.14237,0.62160,0.02800,0.44861,0.00000,0.00000,0.00000,1.02000,-1.00000,0.00000,1.00000,0.00000,0.00000,17.00000,0.00000,1.06086,0.18000,1.00000,1.00000
58.20000,0.00000,13.67860,14.44116,-5.50240,0.00000,0.00000,0.00000,0.05976,57.39914,-0.00075,-0.00140,1.00106,0.00022,1.00125,0.00127,0.00999,1.20749,0.25281,1.00000,1.00000,0.14000,0.62116,0.02800,0.44899,0.00000,0.00000,0.00000,1.02000,-1.00000,0.00000,1.00000,0.00000,0.00000,17.00000,0.00000,1.06062,0.18000,1.00000,1.00000
58.23333,0.00000,13.71311,14.38567,-5.43767,0.00000,0.00000,0.00000,0.06001,57.49021,-0.00022,0.00097,1.00000,0.00000,1.00000,0.00120,0.00000,1.20000,0.25000,1.00000,1.00000,0.14000,0.62000,0.02800,0.45000,0.00000,0.00000,0.00000,1.02000,-1.00000,0.00000,1.00000,0.00000,0.00000,17.00000,0.00000,1.06000,0.18000,1.00000,1.00000
58.26667,0.00000,13.73769,14.32033,-5.36897,0.00000,0.00000,0.00000,0.06004,57.62086,0.00059,-0.00016,1.00000,0.00000,1.00000,0.00125,0.00000,1.20000,0.25000,1.00000,1.00000,0.14382,0.62000,0.02800,0.45000,0.00000,0.00000,0.00000,1.02000,-1.00000,0.00000,1.00000,0.00000,0.00000,17.00000,0.00000,1.06000,0.18000,1.00000,1.00000
58.30000,0.00000,13.76172,14.25507,-5.30008,0.00000,0.00000,0.00000,0.06011,57.75210,-0.00006,-0.00077,1.00000,0.00000,1.00000,0.00127,0.00000,1.20000,0.25000,1.00000,1.00000,0.14504,0.62000,0.02800,0.45000,0.00000,0.00000,0.00000,1.02000,-1.00000,0.00000,1.00000,0.00000,0.00000,17.00000,0.00000,1.06000,0.18000,1.00000,1.00000
58.33333,0.00000,13.34842,13.74029,-5.06527,0.00000,0.00000,0.00000,0.05951,59.75691,-0.00419,0.00673,1.05057,0.01071,1.05949,0.00481,0.47595,1.55696,0.38386,1.00000,1.00000,0.14304,0.67533,0.02800,0.40181,0.00000,0.00000,0.00000,1.02000,-1.00000,0.00000,1.00000,0.00000,0.00000,17.00000,0.00000,1.08975,0.18000,1.00000,1.00000
58.36667,0.00000,13.48686,13.79616,-5.04166,0.00000,0.00000,0.00000,0.05202,59.38313,0.00439,-0.00432,1.03681,0.00780,1.04331,0.00385,0.34649,1.45986,0.34745,1.00000,1.00000,0.14380,0.66028,0.02800,0.41492,0.00000,0.00000,0.00000,1.02000,-1.00000,0.00000,1.00000,0.00000,0.00000,17.00000,0.00000,1.08166,0.18000,1.00000,1.00000
58.40000,0.00000,13.59477,13.82012,-5.00554,0.00000,0.00000,0.00000,0.05686,59.14673,-0.00137,0.00076,1.02680,0.00568,1.03153,0.00309,0.25224,1.38918,0.32094,1.00000,1.00000,0.14000,0.64932,0.02800,0.42446,0.00000,0.00000,0.00000,1.02000,-1.00000,0.00000,1.00000,0.00000,0.00000,17.00000,0.00000,1.07577,0.18000,1.00000,1.00000
58.43333,0.00000,13.67966,13.82037,-4.96013,0.00000,0.00000,0.00000,0.06336,59.01079,-0.00145,0.00182,1.01951,0.00413,1.02295,0.00259,0.18363,1.33772,0.30165,1.00000,1.00000,0.14086,0.64135,0.02800,0.43141,0.00000,0.00000,0.00000,1.02000,-1.00000,0.00000,1.00000,0.00000,0.00000,17.00000,0.00000,1.07148,0.18000,1.00000,1.00000
58.46667,0.00000,13.74729,13.80314,-4.90789,0.00000,0.00000,0.00000,0.06414,58.94832,0.00215,-0.00269,1.01420,0.00301,1.01671,0.00223,0.13368,1.30026,0.28760,1.00000,1.00000,0.14195,0.63554,0.02800,0.43646,0.00000,0.00000,0.00000,1.02000,-1.00000,0.00000,1.00000,0.00000,0.00000,17.00000,0.00000,1.06836,0.18000,1.00000,1.00000
58.50000,0.00000,13.80203,13.77308,-4.85063,0.00000,0.00000,0.00000,0.06132,58.93964,-0.00097,0.00199,1.01034,0.00219,1.01216,0.00193,0.09732,1.27299,0.27737,1.00000,1.00000,0.14000,0.63131,0.02800,0.44015,0.00000,0.00000,0.00000,1.02000,-1.00000,0.00000,1.00000,0.00000,0.00000,17.00000,0.00000,1.06608,0.18000,1.00000,1.00000
58.53333,0.00000,13.84710,13.73366,-4.78969,0.00000,0.00000,0.00000,0.05982,58.97039,-0.00050,-0.00050,1.00753,0.00159,1.00886,0.00173,0.07085,1.25314,0.26993,1.00000,1.00000,0.14018,0.62824,0.02800,0.44283,0.00000,0.00000,0.00000,1.02000,-1.00000,0.00000,1.00000,0.00000,0.00000,17.00000,0.00000,1.06443,0.18000,1.00000,1.00000
58.56667,0.00000,13.88494,13.68742,-4.72604,0.00000,0.00000,0.00000,0.06090,59.03008,0.00088,-0.00089,1.00548,0.00116,1.00645,0.00159,0.05158,1.23868,0.26451,1.00000,1.00000,0.14000,0.62600,0.02800,0.44478,0.00000,0.00000,0.00000,1.02000,-1.00000,0.00000,1.00000,0.00000,0.00000,17.00000,0.00000,1.06322,0.18000,1.00000,1.00000
58.60000,0.00000,13.91731,13.63624,-4.66041,0.00000,0.00000,0.00000,0.06255,59.11106,-0.00007,0.00156,1.00399,0.00084,1.00469,0.00148,0.03755,1.22816,0.26056,1.00000,1.00000,0.14000,0.62436,0.02800,0.44620,0.00000,0.00000,0.00000,1.02000,-1.00000,0.00000,1.00000,0.00000,0.00000,17.00000,0.00000,1.06235,0.18000,1.00000,1.00000
58.63333,0.00000,13.94554,13.58150,-4.59331,0.00000,0.00000,0.00000,0.06313,59.20775,-0.00108,-0.00138,1.00290,0.00062,1.00342,0.00148,0.02733,1.22050,0.25769,1.00000,1.00000,0.14556,0.62318,0.02800,0.44723,0.00000,0.00000,0.00000,1.02000,-1.00000,0.00000,1.00000,0.00000,0.00000,17.00000,0.00000,1.06171,0.18000,1.00000,1.00000
58.66667,0.00000,13.97059,13.52418,-4.52512,0.00000,0.00000,0.00000,0.06293,59.31608,0.00156,0.00047,1.00211,0.00045,1.00249,0.00153,0.01990,1.21492,0.25560,1.00000,1.00000,0.15368,0.62231,0.02800,0.44799,0.00000,0.00000,0.00000,1.02000,-1.00000,0.00000,1.00000,0.00000,0.00000,17.00000,0.00000,1.06124,0.18000,1.00000,1.00000
58.70000,0.00000,13.99316,13.46502,-4.45611,0.00000,0.00000,0.00000,0.06293,59.43308,-0.00094,0.00072,1.00154,0.00033,1.00181,0.00131,0.01449,1.21087,0.25407,1.00000,1.00000,0.14000,0.62168,0.02800,0.44853,0.00000,0.00000,0.00000,1.02000,-1.00000,0.00000,1.00000,0.00000,0.00000,17.00000,0.00000,1.06091,0.18000,1.00000,1.00000
58.73333,0.00000,14.01378,13.40454,-4.38649,0.00000,0.00000,0.00000,0.06348,59.55658,-0.00024,-0.00149,1.00112,0.00024,1.00132,0.00128,0.01055,1.20791,0.25297,1.00000,1.00000,0.14000,0.62123,0.02800,0.44893,0.00000,0.00000,0.00000,1.02000,-1.00000,0.00000,1.00000,0.00000,0.00000,17.00000,0.00000,1.06066,0.18000,1.00000,1.00000
58.76667,0.00000,14.04021,13.35019,-4.31866,0.00000,0.00000,0.00000,0.06413,59.65388,0.00072,0.00130,1.00000,0.00000,1.00000,0.00120,0.00000,1.20000,0.25000,1.00000,1.00000,0.14000,0.62000,0.02800,0.45000,0.00000,0.00000,0.00000,1.02000,-1.00000,0.00000,1.00000,0.00000,0.00000,17.00000,0.00000,1.06000,0.18000,1.00000,1.00000
58.80000,0.00000,14.05593,13.28620,-4.24754,0.00000,0.00000,0.00000,0.06460,59.79450,-0.00021,-0.00050,1.00000,0.00000,1.00000,0.00127,0.00000,1.20000,0.25000,1.00000,1.00000,0.14530,0.62000,0.02800,0.45000,0.00000,0.00000,0.00000,1.02000,-1.00000,0.00000,1.00000,0.00000,0.00000,17.00000,0.00000,1.06000,0.18000,1.00000,1.00000
58.83333,0.00000,14.07108,13.22230,-4.17631,0.00000,0.00000,0.00000,0.06508,59.93578,-0.00066,-0.00050,1.00000,0.00000,1.00000,0.00120,0.00000,1.20000,0.25000,1.00000,1.00000,0.14000,0.62000,0.02800,0.45000,0.00000,0.00000,0.00000,1.02000,-1.00000,0.00000,1.00000,0.00000,0.00000,17.00000,0.00000,1.06000,0.18000,1.00000,1.00000
58.86667,0.00000,13.56335,12.67056,-3.95276,0.00000,0.00000,0.00000,0.05425,62.36338,0.00462,0.00546,1.05952,0.01260,1.07002,0.00540,0.56014,1.62011,0.40754,1.00000,1.00000,0.14000,0.68512,0.02800,0.39329,0.00000,0.00000,0.00000,1.02000,-1.00000,0.00000,1.00000,0.00000,0.00000,17.00000,0.00000,1.09501,0.18000,1.00000,1.00000
58.90000,0.00000,13.71520,12.73768,-3.92355,0.00000,0.00000,0.00000,0.05771,61.88845,-0.00107,-0.00305,1.04333,0.00918,1.05097,0.00426,0.40778,1.50584,0.36469,1.00000,1.00000,0.14000,0.66740,0.02800,0.40871,0.00000,0.00000,0.00000,1.02000,-1.00000,0.00000,1.00000,0.00000,0.00000,17.00000,0.00000,1.08549,0.18000,1.00000,1.00000
58.93333,0.00000,13.83089,12.77052,-3.88277,0.00000,0.00000,0.00000,0.06859,61.58099,-0.00102,0.00094,1.03154,0.00668,1.03711,0.00343,0.29686,1.42265,0.33349,1.00000,1.00000,0.14000,0.65451,0.02800,0.41994,0.00000,0.00000,0.00000,1.02000,-1.00000,0.00000,1.00000,0.00000,0.00000,17.00000,0.00000,1.07855,0.18000,1.00000,1.00000
58.96667,0.00000,13.91926,12.77778,-3.83344,0.00000,0.00000,0.00000,0.07255,61.39598,0.00148,0.00058,1.02296,0.00486,1.02701,0.00282,0.21612,1.36209,0.31078,1.00000,1.00000,0.14000,0.64512,0.02800,0.42812,0.00000,0.00000,0.00000,1.02000,-1.00000,0.00000,1.00000,0.00000,0.00000,17.00000,0.00000,1.07351,0.18000,1.00000,1.00000
59.00000,0.00000,13.98712,12.76610,-3.77783,0.00000,0.00000,0.00000,0.06927,61.30054,-0.00073,-0.00124,1.01672,0.00354,1.01967,0.00238,0.15733,1.31800,0.29425,1.00000,1.00000,0.14000,0.63829,0.02800,0.43407,0.00000,0.00000,0.00000,1.02000,-1.00000,0.00000,1.00000,0.00000,0.00000,17.00000,0.00000,1.06983,0.18000,1.00000,1.00000
59.03333,0.00000,14.03963,12.74052,-3.71764,0.00000,0.00000,0.00000,0.06616,61.27067,-0.00033,0.00210,1.01217,0.00258,1.01432,0.00208,0.11454,1.28590,0.28221,1.00000,1.00000,0.14172,0.63331,0.02800,0.43840,0.00000,0.00000,0.00000,1.02000,-1.00000,0.00000,1.00000,0.00000,0.00000,17.00000,0.00000,1.06716,0.18000,1.00000,1.00000
59.06667,0.00000,14.08068,12.70476,-3.65411,0.00000,0.00000,0.00000,0.06699,61.28885,0.00100,-0.00100,1.00886,0.00188,1.01042,0.00183,0.08338,1.26254,0.27345,1.00000,1.00000,0.14000,0.62969,0.02800,0.44156,0.00000,0.00000,0.00000,1.02000,-1.00000,0.00000,1.00000,0.00000,0.00000,17.00000,0.00000,1.06521,0.18000,1.00000,1.00000
59.10000,0.00000,14.11314,12.66159,-3.58815,0.00000,0.00000,0.00000,0.06962,61.34228,-0.00014,-0.00050,1.00645,0.00137,1.00759,0.00166,0.06070,1.24553,0.26707,1.00000,1.00000,0.14000,0.62706,0.02800,0.44385,0.00000,0.00000,0.00000,1.02000,-1.00000,0.00000,1.00000,0.00000,0.00000,17.00000,0.00000,1.06379,0.18000,1.00000,1.00000
59.13333,0.00000,14.13916,12.61305,-3.52044,0.00000,0.00000,0.00000,0.07104,61.42163,-0.00101,0.00135,1.00470,0.00099,1.00552,0.00155,0.04419,1.23314,0.26243,1.00000,1.00000,0.14164,0.62514,0.02800,0.44553,0.00000,0.00000,0.00000,1.02000,-1.00000,0.00000,1.00000,0.00000,0.00000,17.00000,0.00000,1.06276,0.18000,1.00000,1.00000
59.16667,0.00000,14.16031,12.56062,-3.45145,0.00000,0.00000,0.00000,0.07093,61.52010,0.00149,-0.00144,1.00342,0.00072,1.00402,0.00144,0.03217,1.22413,0.25905,1.00000,1.00000,0.14000,0.62374,0.02800,0.44674,0.00000,0.00000,0.00000,1.02000,-1.00000,0.00000,1.00000,0.00000,0.00000,17.00000,0.00000,1.06201,0.18000,1.00000,1.00000
59.20000,0.00000,14.17775,12.50540,-3.38152,0.00000,0.00000,0.00000,0.07071,61.63270,-0.00092,0.00078,1.00249,0.00053,1.00293,0.00138,0.02342,1.21757,0.25659,1.00000,1.00000,0.14000,0.62272,0.02800,0.44763,0.00000,0.00000,0.00000,1.02000,-1.00000,0.00000,1.00000,0.00000,0.00000,17.00000,0.00000,1.06146,0.18000,1.00000,1.00000
59.23333,0.00000,14.19232,12.44817,-3.31093,0.00000,0.00000,0.00000,0.07125,61.75583,-0.00020,0.00031,1.00181,0.00038,1.00213,0.00133,0.01705,1.21279,0.25480,1.00000,1.00000,0.14000,0.62198,0.02800,0.44827,0.00000,0.00000,0.00000,1.02000,-1.00000,0.00000,1.00000,0.00000,0.00000,17.00000,0.00000,1.06107,0.18000,1.00000,1.00000
59.26667,0.00000,14.20465,12.38951,-3.23984,0.00000,0.00000,0.00000,0.07222,61.88683,0.00074,-0.00110,1.00132,0.00028,1.00155,0.00129,0.01241,1.20931,0.25349,1.00000,1.00000,0.14000,0.62144,0.02800,0.44874,0.00000,0.00000,0.00000,1.02000,-1.00000,0.00000,1.00000,0.00000,0.00000,17.00000,0.00000,1.06078,0.18000,1.00000,1.00000
59.30000,0.00000,14.22402,12.33751,-3.17036,0.00000,0.00000,0.00000,0.07275,61.98574,-0.00031,0.00115,1.00000,0.00000,1.00000,0.00120,0.00000,1.20000,0.25000,1.00000,1.00000,0.14000,0.62000,0.02800,0.45000,0.00000,0.00000,0.00000,1.02000,-1.00000,0.00000,1.00000,0.00000,0.00000,17.00000,0.00000,1.06000,0.18000,1.00000,1.00000
59.33333,0.00000,14.23070,12.27503,-3.09807,0.00000,0.00000,0.00000,0.07329,62.13751,-0.00049,-0.00069,1.00000,0.00000,1.00000,0.00121,0.00000,1.20000,0.25000,1.00000,1.00000,0.14107,0.62000,0.02800,0.45000,0.00000,0.00000,0.00000,1.02000,-1.00000,0.00000,1.00000,0.00000,0.00000,17.00000,0.00000,1.06000,0.18000,1.00000,1.00000
59.36667,0.00000,5.29780,0.86636,6.31401,0.00000,0.26000,0.00000,-0.09384,51.19186,0.00554,-0.00122,1.05825,0.01234,1.06853,0.00551,0.54822,1.09533,0.40419,1.00000,1.00000,0.15474,0.68373,0.02800,0.39449,0.00000,0.00000,0.00000,1.02000,-1.00000,0.00000,1.00000,0.00000,0.00000,17.00000,0.00000,1.09426,0.18000,1.00000,1.00000
59.40000,0.00000,5.30860,0.88742,6.39435,0.00000,0.26000,0.00000,-0.09531,50.78617,-0.00211,0.00529,1.04240,0.00898,1.04989,0.00419,0.39910,1.02405,0.36225,1.00000,1.00000,0.14000,0.66640,0.02800,0.40959,0.00000,0.00000,0.00000,1.02000,-1.00000,0.00000,1.00000,0.00000,0.00000,17.00000,0.00000,1.08494,0.18000,1.00000,1.00000
59.43333,0.00000,5.30502,0.90637,6.45833,0.00000,0.26000,0.00000,-0.08575,50.50867,-0.00245,-0.00515,1.03087,0.00654,1.03632,0.00338,0.29055,0.97155,0.33172,1.00000,1.00000,0.14000,0.65378,0.02800,0.42058,0.00000,0.00000,0.00000,1.02000,-1.00000,0.00000,1.00000,0.00000,0.00000,17.00000,0.00000,1.07816,0.18000,1.00000,1.00000
59.46667,0.00000,5.29074,0.92372,6.50991,0.00000,0.26000,0.00000,-0.07984,50.32491,0.00388,0.00261,1.02247,0.00476,1.02644,0.00279,0.21152,0.93292,0.30949,1.00000,1.00000,0.14000,0.64459,0.02800,0.42858,0.00000,0.00000,0.00000,1.02000,-1.00000,0.00000,1.00000,0.00000,0.00000,17.00000,0.00000,1.07322,0.18000,1.00000,1.00000
59.50000,0.00000,5.26855,0.93983,6.55218,0.00000,0.26000,0.00000,-0.08156,50.20965,-0.00217,0.00034,1.01636,0.00346,1.01925,0.00235,0.15398,0.90450,0.29331,1.00000,1.00000,0.14000,0.63790,0.02800,0.43441,0.00000,0.00000,0.00000,1.02000,-1.00000,0.00000,1.00000,0.00000,0.00000,17.00000,0.00000,1.06962,0.18000,1.00000,1.00000
59.53333,0.00000,5.24054,0.95500,6.58744,0.00000,0.26000,0.00000,-0.08503,50.14444,-0.00019,-0.00215,1.01191,0.00252,1.01401,0.00204,0.11210,0.88357,0.28153,1.00000,1.00000,0.14000,0.63303,0.02800,0.43865,0.00000,0.00000,0.00000,1.02000,-1.00000,0.00000,1.00000,0.00000,0.00000,17.00000,0.00000,1.06701,0.18000,1.00000,1.00000
59.56667,0.00000,5.20827,0.96946,6.61747,0.00000,0.26000,0.00000,-0.08533,50.11579,0.00092,0.00200,1.00867,0.00184,1.01020,0.00181,0.08161,0.86813,0.27295,1.00000,1.00000,0.14000,0.62949,0.02800,0.44174,0.00000,0.00000,0.00000,1.02000,-1.00000,0.00000,1.00000,0.00000,0.00000,17.00000,0.00000,1.06510,0.18000,1.00000,1.00000
59.60000,0.00000,5.17288,0.98337,6.64356,0.00000,0.26000,0.00000,-0.08320,50.11387,-0.00021,-0.00107,1.00631,0.00134,1.00743,0.00165,0.05941,0.85669,0.26671,1.00000,1.00000,0.14000,0.62691,0.02800,0.44398,0.00000,0.00000,0.00000,1.02000,-1.00000,0.00000,1.00000,0.00000,0.00000,17.00000,0.00000,1.06371,0.18000,1.00000,1.00000
59.63333,0.00000,5.13523,0.99688,6.66668,0.00000,0.26000,0.00000,-0.08159,50.13149,-0.00085,-0.00006,1.00460,0.00097,1.00541,0.00152,0.04325,0.84817,0.26216,1.00000,1.00000,0.14000,0.62503,0.02800,0.44562,0.00000,0.00000,0.00000,1.02000,-1.00000,0.00000,1.00000,0.00000,0.00000,17.00000,0.00000,1.06270,0.18000,1.00000,1.00000
59.66667,0.00000,5.09592,1.01006,6.68756,0.00000,0.26000,0.00000,-0.08155,50.16341,0.00086,0.00062,1.00335,0.00071,1.00394,0.00144,0.03149,0.84179,0.25886,1.00000,1.00000,0.14000,0.62366,0.02800,0.44681,0.00000,0.00000,0.00000,1.02000,-1.00000,0.00000,1.00000,0.00000,0.00000,17.00000,0.00000,1.06197,0.18000,1.00000,1.00000
59.70000,0.00000,5.05541,1.02300,6.70670,0.00000,0.26000,0.00000,-0.08202,50.20580,-0.00049,-0.00076,1.00244,0.00052,1.00287,0.00137,0.02292,0.83695,0.25645,1.00000,1.00000,0.14000,0.62266,0.02800,0.44768,0.00000,0.00000,0.00000,1.02000,-1.00000,0.00000,1.00000,0.00000,0.00000,17.00000,0.00000,1.06143,0.18000,1.00000,1.00000
59.73333,0.00000,5.01401,1.03574,6.72451,0.00000,0.26000,0.00000,-0.08192,50.25589,-0.00017,0.00087,1.00177,0.00038,1.00209,0.00136,0.01669,0.83325,0.25469,1.00000,1.00000,0.14276,0.62194,0.02800,0.44831,0.00000,0.00000,0.00000,1.02000,-1.00000,0.00000,1.00000,0.00000,0.00000,17.00000,0.00000,1.06104,0.18000,1.00000,1.00000
59.76667,0.00000,4.97197,1.04833,6.74126,0.00000,0.26000,0.00000,-0.08131,50.31164,0.00080,-0.00002,1.00129,0.00027,1.00152,0.00129,0.01215,0.83038,0.25342,1.00000,1.00000,0.14000,0.62141,0.02800,0.44877,0.00000,0.00000,0.00000,1.02000,-1.00000,0.00000,1.00000,0.00000,0.00000,17.00000,0.00000,1.06076,0.18000,1.00000,1.00000
59.80000,0.00000,4.92946,1.06079,6.75716,0.00000,0.26000,0.00000,-0.08078,50.37156,-0.00047,-0.00083,1.00094,0.00020,1.00111,0.00127,0.00884,0.82810,0.25249,1.00000,1.00000,0.14000,0.62103,0.02800,0.44910,0.00000,0.00000,0.00000,1.02000,-1.00000,0.00000,1.00000,0.00000,0.00000,17.00000,0.00000,1.06055,0.18000,1.00000,1.00000
59.83333,0.00000,4.88877,1.07362,6.77537,0.00000,0.26000,0.00000,-0.08073,50.41358,-0.00033,0.00115,1.00000,0.00000,1.00000,0.00120,0.00000,0.82314,0.25000,1.00000,1.00000,0.14000,0.62000,0.02800,0.45000,0.00000,0.00000,0.00000,1.02000,-1.00000,0.00000,1.00000,0.00000,0.00000,17.00000,0.00000,1.06000,0.18000,1.00000,1.00000
59.86667,0.00000,4.84506,1.08576,6.78918,0.00000,0.26000,0.00000,-0.08053,50.48461,0.00075,-0.00084,1.00000,0.00000,1.00000,0.00120,0.00000,0.82247,0.25000,1.00000,1.00000,0.14000,0.62000,0.02800,0.45000,0.00000,0.00000,0.00000,1.02000,-1.00000,0.00000,1.00000,0.00000,0.00000,17.00000,0.00000,1.06000,0.18000,1.00000,1.00000
59.90000,0.00000,4.63325,1.05943,6.56456,0.00000,0.26000,0.00000,-0.09350,52.27622,-0.00208,0.00050,1.05606,0.01187,1.06596,0.00516,0.52766,1.07160,0.39840,1.00000,1.00000,0.14000,0.68134,0.02800,0.39657,0.00000,0.00000,0.00000,1.02000,-1.00000,0.00000,1.00000,0.00000,0.00000,17.00000,0.00000,1.09298,0.18000,1.00000,1.00000
59.93333,0.00000,4.63517,1.08136,6.64057,0.00000,0.26000,0.00000,-0.08424,51.88233,-0.00247,0.00325,1.04081,0.00864,1.04802,0.00408,0.38413,1.00375,0.35804,1.00000,1.00000,0.14000,0.66466,0.02800,0.41111,0.00000,0.00000,0.00000,1.02000,-1.00000,0.00000,1.00000,0.00000,0.00000,17.00000,0.00000,1.08401,0.18000,1.00000,1.00000
59.96667,0.00000,4.62489,1.10076,6.70008,0.00000,0.26000,0.00000,-0.07510,51.61426,0.00409,-0.00409,1.02971,0.00629,1.03496,0.00330,0.27965,0.95379,0.32865,1.00000,1.00000,0.14000,0.65251,0.02800,0.42169,0.00000,0.00000,0.00000,1.02000,-1.00000,0.00000,1.00000,0.00000,0.00000,17.00000,0.00000,1.07748,0.18000,1.00000,1.00000
60.00000,0.00000,4.60557,1.11824,6.74713,0.00000,0.26000,0.00000,-0.07550,51.43822,-0.00226,0.00239,1.02163,0.00458,1.02545,0.00273,0.20358,0.91702,0.30726,1.00000,1.00000,0.14000,0.64367,0.02800,0.42939,0.00000,0.00000,0.00000,1.02000,-1.00000,0.00000,1.00000,0.00000,0.00000,17.00000,0.00000,1.07272,0.18000,1.00000,1.00000
60.03333,0.00000,4.57957,1.13426,6.78481,0.00000,0.26000,0.00000,-0.08048,51.32942,0.00002,-0.00020,1.01575,0.00333,1.01853,0.00231,0.14821,0.88997,0.29168,1.00000,1.00000,0.14000,0.63723,0.02800,0.43499,0.00000,0.00000,0.00000,1.02000,-1.00000,0.00000,1.00000,0.00000,0.00000,17.00000,0.00000,1.06926,0.18000,1.00000,1.00000
60.06667,0.00000,4.54868,1.14917,6.81549,0.00000,0.26000,0.00000,-0.08264,51.26976,0.00076,-0.00098,1.01146,0.00243,1.01349,0.00402,0.10789,0.87004,0.28034,1.00000,1.00000,0.28960,0.63254,0.02800,0.43908,0.00000,0.00000,0.00000,1.02000,-1.00000,0.00000,1.00000,0.00000,0.00000,17.00000,0.00000,1.06674,0.18000,1.00000,1.00000
60.10000,0.00000,4.51423,1.16324,6.84092,0.00000,0.26000,0.00000,-0.08105,51.24600,-0.00043,0.00218,1.00835,0.00177,1.00982,0.00179,0.07855,0.85532,0.27209,1.00000,1.00000,0.14000,0.62913,0.02800,0.44205,0.00000,0.00000,0.00000,1.02000,-1.00000,0.00000,1.00000,0.00000,0.00000,17.00000,0.00000,1.06491,0.18000,1.00000,1.00000
60.13333,0.00000,4.47718,1.17669,6.86241,0.00000,0.26000,0.00000,-0.07917,51.24850,-0.00111,-0.00170,1.00608,0.00129,1.00715,0.00163,0.05718,0.84441,0.26608,1.00000,1.00000,0.14000,0.62665,0.02800,0.44421,0.00000,0.00000,0.00000,1.02000,-1.00000,0.00000,1.00000,0.00000,0.00000,17.00000,0.00000,1.06357,0.18000,1.00000,1.00000
60.16667,0.00000,4.43825,1.18965,6.88094,0.00000,0.26000,0.00000,-0.07919,51.27019,0.00182,0.00035,1.00442,0.00094,1.00520,0.00151,0.04163,0.83628,0.26171,1.00000,1.00000,0.14000,0.62484,0.02800,0.44579,0.00000,0.00000,0.00000,1.02000,-1.00000,0.00000,1.00000,0.00000,0.00000,17.00000,0.00000,1.06260,0.18000,1.00000,1.00000
60.20000,0.00000,4.39796,1.20225,6.89723,0.00000,0.26000,0.00000,-0.08029,51.30593,-0.00114,0.00092,1.00322,0.00068,1.00379,0.00143,0.03030,0.83017,0.25852,1.00000,1.00000,0.14000,0.62352,0.02800,0.44693,0.00000,0.00000,0.00000,1.02000,-1.00000,0.00000,1.00000,0.00000,0.00000,17.00000,0.00000,1.06189,0.18000,1.00000,1.00000
60.23333,0.00000,4.35668,1.21457,6.91180,0.00000,0.26000,0.00000,-0.08095,51.35198,-0.00021,-0.00142,1.00234,0.00050,1.00276,0.00143,0.02206,0.82554,0.25620,1.00000,1.00000,0.14460,0.62256,0.02800,0.44777,0.00000,0.00000,0.00000,1.02000,-1.00000,0.00000,1.00000,0.00000,0.00000,17.00000,0.00000,1.06138,0.18000,1.00000,1.00000
60.26667,0.00000,4.31469,1.22667,6.92503,0.00000,0.26000,0.00000,-0.08086,51.40559,0.00089,0.00107,1.00171,0.00036,1.00201,0.00132,0.01606,0.82198,0.25452,1.00000,1.00000,0.14000,0.62187,0.02800,0.44837,0.00000,0.00000,0.00000,1.02000,-1.00000,0.00000,1.00000,0.00000,0.00000,17.00000,0.00000,1.06100,0.18000,1.00000,1.00000
60.30000,0.00000,4.27218,1.23860,6.93722,0.00000,0.26000,0.00000,-0.08066,51.46477,-0.00044,-0.00021,1.00124,0.00026,1.00146,0.00129,0.01169,0.81921,0.25329,1.00000,1.00000,0.14000,0.62136,0.02800,0.44882,0.00000,0.00000,0.00000,1.02000,-1.00000,0.00000,1.00000,0.00000,0.00000,17.00000,0.00000,1.06073,0.18000,1.00000,1.00000
60.33333,0.00000,4.22932,1.25038,6.94857,0.00000,0.26000,0.00000,-0.08085,51.52807,-0.00010,-0.00031,1.00090,0.00019,1.00106,0.00126,0.00851,0.81701,0.25239,1.00000,1.00000,0.14000,0.62099,0.02800,0.44914,0.00000,0.00000,0.00000,1.02000,-1.00000,0.00000,1.00000,0.00000,0.00000,17.00000,0.00000,1.06053,0.18000,1.00000,1.00000
60.36667,0.00000,4.18797,1.26259,6.96218,0.00000,0.26000,0.00000,-0.08133,51.57380,0.00033,0.00051,1.00000,0.00000,1.00000,0.00120,0.00000,0.81226,0.25000,1.00000,1.00000,0.14000,0.62000,0.02800,0.45000,0.00000,0.00000,0.00000,1.02000,-1.00000,0.00000,1.00000,0.00000,0.00000,17.00000,0.00000,1.06000,0.18000,1.00000,1.00000
60.40000,0.00000,4.14415,1.27403,6.97146,0.00000,0.26000,0.00000,-0.08163,51.64804,-0.00017,-0.00045,1.00000,0.00000,1.00000,0.00120,0.00000,0.81158,0.25000,1.00000,1.00000,0.14000,0.62000,0.02800,0.45000,0.00000,0.00000,0.00000,1.02000,-1.00000,0.00000,1.00000,0.00000,0.00000,17.00000,0.00000,1.06000,0.18000,1.00000,1.00000
60.43333,0.00000,1.19152,1.68187,7.17393,0.00000,0.26000,0.00000,-0.09162,56.44452,-0.00288,0.00177,1.05840,0.01237,1.06871,0.00567,0.54966,1.03476,0.40459,1.00000,1.00000,0.16592,0.68390,0.02800,0.39435,0.00000,0.00000,0.00000,1.02000,-1.00000,0.00000,1.00000,0.00000,0.00000,17.00000,0.00000,1.09435,0.18000,1.00000,1.00000
60.46667,0.00000,1.16337,1.70817,7.23797,0.00000,0.26000,0.00000,-0.07792,56.00563,0.00565,0.00237,1.04252,0.00900,1.05002,0.00420,0.40015,0.96726,0.36254,1.00000,1.00000,0.14000,0.66652,0.02800,0.40948,0.00000,0.00000,0.00000,1.02000,-1.00000,0.00000,1.00000,0.00000,0.00000,17.00000,0.00000,1.08501,0.18000,1.00000,1.00000
60.50000,0.00000,1.13166,1.73020,7.28305,0.00000,0.26000,0.00000,-0.07544,55.70645,-0.00338,-0.00375,1.03095,0.00655,1.03641,0.00338,0.29131,0.91753,0.33193,1.00000,1.00000,0.14000,0.65386,0.02800,0.42051,0.00000,0.00000,0.00000,1.02000,-1.00000,0.00000,1.00000,0.00000,0.00000,17.00000,0.00000,1.07821,0.18000,1.00000,1.00000
60.53333,0.00000,1.09739,1.74900,7.31386,0.00000,0.26000,0.00000,-0.08190,55.50947,0.00025,0.00290,1.02253,0.00477,1.02651,0.00279,0.21207,0.88094,0.30964,1.00000,1.00000,0.14000,0.64465,0.02800,0.42853,0.00000,0.00000,0.00000,1.02000,-1.00000,0.00000,1.00000,0.00000,0.00000,17.00000,0.00000,1.07325,0.18000,1.00000,1.00000
60.56667,0.00000,1.06131,1.76537,7.33400,0.00000,0.26000,0.00000,-0.08676,55.38722,0.00125,-0.00093,1.01640,0.00347,1.01930,0.00239,0.15439,0.85401,0.29342,1.00000,1.00000,0.14216,0.63795,0.02800,0.43437,0.00000,0.00000,0.00000,1.02000,-1.00000,0.00000,1.00000,0.00000,0.00000,17.00000,0.00000,1.06965,0.18000,1.00000,1.00000
60.60000,0.00000,1.02396,1.77992,7.34620,0.00000,0.26000,0.00000,-0.08612,55.31959,-0.00063,-0.00087,1.01194,0.00253,1.01405,0.00204,0.11239,0.83417,0.28161,1.00000,1.00000,0.14000,0.63307,0.02800,0.43862,0.00000,0.00000,0.00000,1.02000,-1.00000,0.00000,1.00000,0.00000,0.00000,17.00000,0.00000,1.06702,0.18000,1.00000,1.00000
60.63333,0.00000,0.98575,1.79311,7.35249,0.00000,0.26000,0.00000,-0.08371,55.29189,-0.00090,0.00183,1.00869,0.00184,1.01023,0.00183,0.08182,0.81952,0.27301,1.00000,1.00000,0.14088,0.62951,0.02800,0.44172,0.00000,0.00000,0.00000,1.02000,-1.00000,0.00000,1.00000,0.00000,0.00000,17.00000,0.00000,1.06511,0.18000,1.00000,1.00000
60.66667,0.00000,0.94696,1.80528,7.35438,0.00000,0.26000,0.00000,-0.08338,55.29336,0.00164,-0.00157,1.00633,0.00134,1.00745,0.00165,0.05957,0.80866,0.26675,1.00000,1.00000,0.14000,0.62692,0.02800,0.44397,0.00000,0.00000,0.00000,1.02000,-1.00000,0.00000,1.00000,0.00000,0.00000,17.00000,0.00000,1.06372,0.18000,1.00000,1.00000
60.70000,0.00000,0.90780,1.81669,7.35299,0.00000,0.26000,0.00000,-0.08500,55.31618,-0.00102,0.00060,1.00461,0.00098,1.00542,0.00153,0.04336,0.80057,0.26220,1.00000,1.00000,0.14000,0.62504,0.02800,0.44561,0.00000,0.00000,0.00000,1.02000,-1.00000,0.00000,1.00000,0.00000,0.00000,17.00000,0.00000,1.06271,0.18000,1.00000,1.00000
60.73333,0.00000,0.86841,1.82753,7.34915,0.00000,0.26000,0.00000,-0.08648,55.35463,-0.00022,0.00047,1.00335,0.00071,1.00395,0.00144,0.03157,0.79450,0.25888,1.00000,1.00000,0.14000,0.62367,0.02800,0.44680,0.00000,0.00000,0.00000,1.02000,-1.00000,0.00000,1.00000,0.00000,0.00000,17.00000,0.00000,1.06197,0.18000,1.00000,1.00000
60.76667,0.00000,0.82890,1.83794,7.34346,0.00000,0.26000,0.00000,-0.08688,55.40453,0.00105,-0.00117,1.00244,0.00052,1.00287,0.00145,0.02298,0.78989,0.25646,1.00000,1.00000,0.14585,0.62267,0.02800,0.44767,0.00000,0.00000,0.00000,1.02000,-1.00000,0.00000,1.00000,0.00000,0.00000,17.00000,0.00000,1.06144,0.18000,1.00000,1.00000
60.80000,0.00000,0.78935,1.84802,7.33636,0.00000,0.26000,0.00000,-0.08683,55.46285,-0.00092,0.00127,1.00178,0.00038,1.00209,0.00133,0.01673,0.78636,0.25471,1.00000,1.00000,0.14000,0.62194,0.02800,0.44831,0.00000,0.00000,0.00000,1.02000,-1.00000,0.00000,1.00000,0.00000,0.00000,17.00000,0.00000,1.06105,0.18000,1.00000,1.00000
60.83333,0.00000,0.74980,1.85786,7.32816,0.00000,0.26000,0.00000,-0.08717,55.52736,-0.00006,-0.00064,1.00129,0.00027,1.00152,0.00129,0.01218,0.78361,0.25343,1.00000,1.00000,0.14000,0.62142,0.02800,0.44877,0.00000,0.00000,0.00000,1.02000,-1.00000,0.00000,1.00000,0.00000,0.00000,17.00000,0.00000,1.06076,0.18000,1.00000,1.00000
60.86667,0.00000,0.71030,1.86749,7.31912,0.00000,0.26000,0.00000,-0.08792,55.59645,0.00078,-0.00039,1.00094,0.00020,1.00111,0.00127,0.00887,0.78142,0.25249,1.00000,1.00000,0.14000,0.62103,0.02800,0.44910,0.00000,0.00000,0.00000,1.02000,-1.00000,0.00000,1.00000,0.00000,0.00000,17.00000,0.00000,1.06055,0.18000,1.00000,1.00000
60.90000,0.00000,0.67117,1.87781,7.31263,0.00000,0.26000,0.00000,-0.08858,55.64600,-0.00042,0.00107,1.00000,0.00000,1.00000,0.00126,0.00000,0.77671,0.25000,1.00000,1.00000,0.14468,0.62000,0.02800,0.45000,0.00000,0.00000,0.00000,1.02000,-1.00000,0.00000,1.00000,0.00000,0.00000,17.00000,0.00000,1.06000,0.18000,1.00000,1.00000
60.93333,0.00000,0.63174,1.88694,7.30146,0.00000,0.26000,0.00000,-0.08914,55.72725,-0.00055,-0.00109,1.00000,0.00000,1.00000,0.00122,0.00000,0.77604,0.25000,1.00000,1.00000,0.14174,0.62000,0.02800,0.45000,0.00000,0.00000,0.00000,1.02000,-1.00000,0.00000,1.00000,0.00000,0.00000,17.00000,0.00000,1.06000,0.18000,1.00000,1.00000
60.96667,0.00000,0.57005,1.82437,7.01455,0.00000,0.26000,0.00000,-0.08824,57.83547,0.00752,0.00339,1.06070,0.01285,1.07141,0.00548,0.57132,1.03017,0.41068,1.00000,1.00000,0.14000,0.68642,0.02800,0.39215,0.00000,0.00000,0.00000,1.02000,-1.00000,0.00000,1.00000,0.00000,0.00000,17.00000,0.00000,1.09571,0.18000,1.00000,1.00000
61.00000,0.00000,0.53790,1.85212,7.07612,0.00000,0.26000,0.00000,-0.08016,57.36941,-0.00502,0.00124,1.04419,0.00936,1.05199,0.00445,0.41592,0.96106,0.36698,1.00000,1.00000,0.14991,0.66835,0.02800,0.40789,0.00000,0.00000,0.00000,1.02000,-1.00000,0.00000,1.00000,0.00000,0.00000,17.00000,0.00000,1.08599,0.18000,1.00000,1.00000
61.03333,0.00000,0.50376,1.87505,7.11845,0.00000,0.26000,0.00000,-0.08674,57.05129,0.00057,-0.00344,1.03217,0.00681,1.03785,0.00347,0.30279,0.91013,0.33516,1.00000,1.00000,0.14000,0.65520,0.02800,0.41934,0.00000,0.00000,0.00000,1.02000,-1.00000,0.00000,1.00000,0.00000,0.00000,17.00000,0.00000,1.07892,0.18000,1.00000,1.00000
61.06667,0.00000,0.46827,1.89433,7.14628,0.00000,0.26000,0.00000,-0.09479,56.84144,0.00170,0.00318,1.02342,0.00496,1.02755,0.00285,0.22043,0.87264,0.31200,1.00000,1.00000,0.14000,0.64562,0.02800,0.42768,0.00000,0.00000,0.00000,1.02000,-1.00000,0.00000,1.00000,0.00000,0.00000,17.00000,0.00000,1.07378,0.18000,1.00000,1.00000
61.10000,0.00000,0.43185,1.91088,7.16328,0.00000,0.26000,0.00000,-0.09576,56.71076,-0.00104,-0.00146,1.01705,0.00361,1.02006,0.00242,0.16047,0.84506,0.29513,1.00000,1.00000,0.14140,0.63865,0.02800,0.43375,0.00000,0.00000,0.00000,1.02000,-1.00000,0.00000,1.00000,0.00000,0.00000,17.00000,0.00000,1.07003,0.18000,1.00000,1.00000
61.13333,0.00000,0.39483,1.92537,7.17222,0.00000,0.26000,0.00000,-0.09255,56.63797,-0.00077,-0.00040,1.01241,0.00263,1.01460,0.00222,0.11682,0.82473,0.28286,1.00000,1.00000,0.15087,0.63358,0.02800,0.43817,0.00000,0.00000,0.00000,1.02000,-1.00000,0.00000,1.00000,0.00000,0.00000,17.00000,0.00000,1.06730,0.18000,1.00000,1.00000
61.16667,0.00000,0.35745,1.93833,7.17518,0.00000,0.26000,0.00000,-0.09106,56.60748,0.00170,0.00147,1.00904,0.00191,1.01063,0.00184,0.08505,0.80973,0.27392,1.00000,1.00000,0.14000,0.62989,0.02800,0.44139,0.00000,0.00000,0.00000,1.02000,-1.00000,0.00000,1.00000,0.00000,0.00000,17.00000,0.00000,1.06532,0.18000,1.00000,1.00000
61.20000,0.00000,0.31985,1.95015,7.17368,0.00000,0.26000,0.00000,-0.09261,56.60793,-0.00115,-0.00158,1.00658,0.00139,1.00774,0.00166,0.06191,0.79861,0.26741,1.00000,1.00000,0.14000,0.62720,0.02800,0.44373,0.00000,0.00000,0.00000,1.02000,-1.00000,0.00000,1.00000,0.00000,0.00000,17.00000,0.00000,1.06387,0.18000,1.00000,1.00000
61.23333,0.00000,0.28216,1.96112,7.16888,0.00000,0.26000,0.00000,-0.09470,56.63100,-0.00025,0.00086,1.00479,0.00101,1.00563,0.00161,0.04507,0.79032,0.26268,1.00000,1.00000,0.14549,0.62524,0.02800,0.44544,0.00000,0.00000,0.00000,1.02000,-1.00000,0.00000,1.00000,0.00000,0.00000,17.00000,0.00000,1.06282,0.18000,1.00000,1.00000
61.26667,0.00000,0.24445,1.97145,7.16160,0.00000,0.26000,0.00000,-0.09543,56.67064,0.00120,0.00017,1.00349,0.00074,1.00410,0.00147,0.03281,0.78411,0.25923,1.00000,1.00000,0.14153,0.62381,0.02800,0.44668,0.00000,0.00000,0.00000,1.02000,-1.00000,0.00000,1.00000,0.00000,0.00000,17.00000,0.00000,1.06205,0.18000,1.00000,1.00000
61.30000,0.00000,0.20677,1.98130,7.15247,0.00000,0.26000,0.00000,-0.09520,56.72242,-0.00101,-0.00093,1.00254,0.00054,1.00299,0.00138,0.02389,0.77940,0.25672,1.00000,1.00000,0.14000,0.62278,0.02800,0.44758,0.00000,0.00000,0.00000,1.02000,-1.00000,0.00000,1.00000,0.00000,0.00000,17.00000,0.00000,1.06149,0.18000,1.00000,1.00000
61.33333,0.00000,0.16917,1.99079,7.14192,0.00000,0.26000,0.00000,-0.09521,56.78313,0.00011,0.00115,1.00185,0.00039,1.00217,0.00133,0.01739,0.77579,0.25489,1.00000,1.00000,0.14000,0.62202,0.02800,0.44824,0.00000,0.00000,0.00000,1.02000,-1.00000,0.00000,1.00000,0.00000,0.00000,17.00000,0.00000,1.06109,0.18000,1.00000,1.00000
61.36667,0.00000,0.13167,2.00000,7.13029,0.00000,0.26000,0.00000,-0.09583,56.85040,0.00063,-0.00074,1.00135,0.00028,1.00158,0.00131,0.01266,0.77297,0.25356,1.00000,1.00000,0.14112,0.62147,0.02800,0.44872,0.00000,0.00000,0.00000,1.02000,-1.00000,0.00000,1.00000,0.00000,0.00000,17.00000,0.00000,1.06079,0.18000,1.00000,1.00000
61.40000,0.00000,0.09428,2.00900,7.11782,0.00000,0.26000,0.00000,-0.09659,56.92253,-0.00042,-0.00009,1.00098,0.00021,1.00115,0.00127,0.00922,0.77074,0.25259,1.00000,1.00000,0.14000,0.62107,0.02800,0.44907,0.00000,0.00000,0.00000,1.02000,-1.00000,0.00000,1.00000,0.00000,0.00000,17.00000,0.00000,1.06058,0.18000,1.00000,1.00000
61.43333,0.00000,0.05705,2.01876,7.10796,0.00000,0.26000,0.00000,-0.09692,56.97394,-0.00048,0.00076,1.00000,0.00000,1.00000,0.00120,0.00000,0.76592,0.25000,1.00000,1.00000,0.14000,0.62000,0.02800,0.45000,0.00000,0.00000,0.00000,1.02000,-1.00000,0.00000,1.00000,0.00000,0.00000,17.00000,0.00000,1.06000,0.18000,1.00000,1.00000
61.46667,0.00000,0.01992,2.02720,7.09339,0.00000,0.26000,0.00000,-0.09732,57.05897,0.00120,-0.00101,1.00000,0.00000,1.00000,0.00123,0.00000,0.76524,0.25000,1.00000,1.00000,0.14208,0.62000,0.02800,0.45000,0.00000,0.00000,0.00000,1.02000,-1.00000,0.00000,1.00000,0.00000,0.00000,17.00000,0.00000,1.06000,0.18000,1.00000,1.00000
61.50000,0.00000,-10.84421,4.49219,12.86385,0.00000,-0.18000,0.00000,0.04296,56.56853,-0.00651,0.00417,1.05424,0.01149,1.06382,0.00505,0.51053,1.58290,0.39359,1.00000,1.00000,0.14120,0.67935,0.02800,0.39831,0.00000,0.00000,0.00000,1.02000,-1.00000,0.00000,1.00000,0.00000,0.00000,17.00000,0.00000,1.09191,0.18000,1.00000,1.00000
61.53333,0.00000,-11.04851,4.51511,12.97547,0.00000,-0.18000,0.00000,0.03936,55.88595,0.00098,0.00013,1.03949,0.00836,1.04646,0.00399,0.37166,1.47875,0.35453,1.00000,1.00000,0.14000,0.66321,0.02800,0.41237,0.00000,0.00000,0.00000,1.02000,-1.00000,0.00000,1.00000,0.00000,0.00000,17.00000,0.00000,1.08323,0.18000,1.00000,1.00000
61.56667,0.00000,-11.22812,4.52667,13.05510,0.00000,-0.18000,0.00000,0.02956,55.34630,0.00235,-0.00287,1.02875,0.00609,1.03382,0.00323,0.27057,1.40293,0.32610,1.00000,1.00000,0.14000,0.65145,0.02800,0.42260,0.00000,0.00000,0.00000,1.02000,-1.00000,0.00000,1.00000,0.00000,0.00000,17.00000,0.00000,1.07691,0.18000,1.00000,1.00000
61.60000,0.00000,-11.38910,4.52970,13.11060,0.00000,-0.18000,0.00000,0.02642,54.91071,-0.00170,0.00314,1.02093,0.00443,1.02462,0.00289,0.19697,1.34773,0.30540,1.00000,1.00000,0.15544,0.64290,0.02800,0.43006,0.00000,0.00000,0.00000,1.02000,-1.00000,0.00000,1.00000,0.00000,0.00000,17.00000,0.00000,1.07231,0.18000,1.00000,1.00000
61.63333,0.00000,-11.53612,4.52637,13.14799,0.00000,-0.18000,0.00000,0.02980,54.55095,-0.00058,-0.00180,1.01524,0.00323,1.01792,0.00232,0.14340,1.30755,0.29033,1.00000,1.00000,0.14309,0.63667,0.02800,0.43548,0.00000,0.00000,0.00000,1.02000,-1.00000,0.00000,1.00000,0.00000,0.00000,17.00000,0.00000,1.06896,0.18000,1.00000,1.00000
61.66667,0.00000,-11.67276,4.51829,13.17180,0.00000,-0.18000,0.00000,0.03282,54.24650,0.00167,0.00005,1.01109,0.00235,1.01305,0.00198,0.10439,1.27829,0.27936,1.00000,1.00000,0.14000,0.63214,0.02800,0.43943,0.00000,0.00000,0.00000,1.02000,-1.00000,0.00000,1.00000,0.00000,0.00000,17.00000,0.00000,1.06652,0.18000,1.00000,1.00000
61.70000,0.00000,-11.80173,4.50667,13.18542,0.00000,-0.18000,0.00000,0.03225,53.98246,-0.00080,0.00074,1.00807,0.00171,1.00950,0.00177,0.07600,1.25700,0.27137,1.00000,1.00000,0.14000,0.62883,0.02800,0.44231,0.00000,0.00000,0.00000,1.02000,-1.00000,0.00000,1.00000,0.00000,0.00000,17.00000,0.00000,1.06475,0.18000,1.00000,1.00000
61.73333,0.00000,-11.92504,4.49242,13.19137,0.00000,-0.18000,0.00000,0.03017,53.74801,-0.00015,-0.00075,1.00588,0.00124,1.00692,0.00161,0.05532,1.24149,0.26556,1.00000,1.00000,0.14000,0.62643,0.02800,0.44440,0.00000,0.00000,0.00000,1.02000,-1.00000,0.00000,1.00000,0.00000,0.00000,17.00000,0.00000,1.06346,0.18000,1.00000,1.00000
61.76667,0.00000,-12.04421,4.47617,13.19151,0.00000,-0.18000,0.00000,0.02929,53.53528,0.00064,0.00046,1.00428,0.00091,1.00503,0.00150,0.04028,1.23021,0.26133,1.00000,1.00000,0.14000,0.62468,0.02800,0.44592,0.00000,0.00000,0.00000,1.02000,-1.00000,0.00000,1.00000,0.00000,0.00000,17.00000,0.00000,1.06252,0.18000,1.00000,1.00000
61.80000,0.00000,-12.16036,4.45842,13.18720,0.00000,-0.18000,0.00000,0.02983,53.33858,-0.00057,-0.00004,1.00312,0.00066,1.00367,0.00142,0.02932,1.22199,0.25825,1.00000,1.00000,0.14000,0.62341,0.02800,0.44703,0.00000,0.00000,0.00000,1.02000,-1.00000,0.00000,1.00000,0.00000,0.00000,17.00000,0.00000,1.06183,0.18000,1.00000,1.00000
61.83333,0.00000,-12.27432,4.43950,13.17944,0.00000,-0.18000,0.00000,0.03045,53.15374,0.00017,-0.00045,1.00227,0.00048,1.00267,0.00363,0.02135,1.21601,0.25600,1.00000,1.00000,0.30884,0.62248,0.02800,0.44784,0.00000,0.00000,0.00000,1.02000,-1.00000,0.00000,1.00000,0.00000,0.00000,17.00000,0.00000,1.06133,0.18000,1.00000,1.00000
61.86667,0.00000,-12.38669,4.41969,13.16895,0.00000,-0.18000,0.00000,0.03038,52.97776,0.00051,0.00099,1.00165,0.00035,1.00194,0.00133,0.01554,1.21165,0.25437,1.00000,1.00000,0.14135,0.62181,0.02800,0.44843,0.00000,0.00000,0.00000,1.02000,-1.00000,0.00000,1.00000,0.00000,0.00000,17.00000,0.00000,1.06097,0.18000,1.00000,1.00000
61.90000,0.00000,-12.49793,4.39917,13.15628,0.00000,-0.18000,0.00000,0.02998,52.80846,-0.00043,-0.00076,1.00120,0.00025,1.00141,0.00128,0.01131,1.20848,0.25318,1.00000,1.00000,0.14000,0.62132,0.02800,0.44885,0.00000,0.00000,0.00000,1.02000,-1.00000,0.00000,1.00000,0.00000,0.00000,17.00000,0.00000,1.06071,0.18000,1.00000,1.00000
61.93333,0.00000,-12.60836,4.37806,13.14180,0.00000,-0.18000,0.00000,0.02981,52.64423,-0.00042,0.00012,1.00088,0.00019,1.00103,0.00126,0.00824,1.20618,0.25232,1.00000,1.00000,0.14000,0.62096,0.02800,0.44917,0.00000,0.00000,0.00000,1.02000,-1.00000,0.00000,1.00000,0.00000,0.00000,17.00000,0.00000,1.06051,0.18000,1.00000,1.00000
61.96667,0.00000,-12.72347,4.35827,13.13121,0.00000,-0.18000,0.00000,0.03005,52.46258,0.00111,0.00054,1.00000,0.00000,1.00000,0.00121,0.00000,1.20000,0.25000,1.00000,1.00000,0.14091,0.62000,0.02800,0.45000,0.00000,0.00000,0.00000,1.02000,-1.00000,0.00000,1.00000,0.00000,0.00000,17.00000,0.00000,1.06000,0.18000,1.00000,1.00000
62.00000,0.00000,-12.83156,4.33577,13.11242,0.00000,-0.18000,0.00000,0.03012,52.31121,-0.00103,-0.00087,1.00000,0.00000,1.00000,0.00120,0.00000,1.20000,0.25000,1.00000,1.00000,0.14000,0.62000,0.02800,0.45000,0.00000,0.00000,0.00000,1.02000,-1.00000,0.00000,1.00000,0.00000,0.00000,17.00000,0.00000,1.06000,0.18000,1.00000,1.00000
62.03333,0.00000,-12.54294,4.18079,12.69136,0.00000,-0.18000,0.00000,0.04122,53.78952,0.00110,0.00370,1.04889,0.01035,1.05752,0.00465,0.46018,1.54513,0.37942,1.00000,1.00000,0.14000,0.67350,0.02800,0.40341,0.00000,0.00000,0.00000,1.02000,-1.00000,0.00000,1.00000,0.00000,0.00000,17.00000,0.00000,1.08876,0.18000,1.00000,1.00000
62.06667,0.00000,-12.75431,4.19354,12.77825,0.00000,-0.18000,0.00000,0.03068,53.19371,0.00245,-0.00062,1.03559,0.00754,1.04188,0.00371,0.33501,1.45125,0.34422,1.00000,1.00000,0.14000,0.65894,0.02800,0.41608,0.00000,0.00000,0.00000,1.02000,-1.00000,0.00000,1.00000,0.00000,0.00000,17.00000,0.00000,1.08094,0.18000,1.00000,1.00000
62.10000,0.00000,-12.93951,4.19660,12.83625,0.00000,-0.18000,0.00000,0.02486,52.72094,-0.00213,-0.00167,1.02591,0.00549,1.03049,0.00303,0.24388,1.38291,0.31859,1.00000,1.00000,0.14000,0.64835,0.02800,0.42531,0.00000,0.00000,0.00000,1.02000,-1.00000,0.00000,1.00000,0.00000,0.00000,17.00000,0.00000,1.07524,0.18000,1.00000,1.00000
62.13333,0.00000,-13.10501,4.19240,12.87250,0.00000,-0.18000,0.00000,0.02782,52.33774,-0.00018,0.00220,1.01886,0.00399,1.02219,0.00253,0.17755,1.33316,0.29993,1.00000,1.00000,0.14000,0.64064,0.02800,0.43202,0.00000,0.00000,0.00000,1.02000,-1.00000,0.00000,1.00000,0.00000,0.00000,17.00000,0.00000,1.07110,0.18000,1.00000,1.00000
62.16667,0.00000,-13.25577,4.18280,12.89245,0.00000,-0.18000,0.00000,0.03256,52.01983,0.00161,-0.00156,1.01373,0.00291,1.01616,0.00217,0.12925,1.29694,0.28635,1.00000,1.00000,0.14000,0.63503,0.02800,0.43691,0.00000,0.00000,0.00000,1.02000,-1.00000,0.00000,1.00000,0.00000,0.00000,17.00000,0.00000,1.06808,0.18000,1.00000,1.00000
62.20000,0.00000,-13.39557,4.16918,12.90017,0.00000,-0.18000,0.00000,0.03352,51.74954,-0.00131,0.00037,1.01000,0.00212,1.01176,0.00201,0.09410,1.27057,0.27646,1.00000,1.00000,0.14757,0.63094,0.02800,0.44047,0.00000,0.00000,0.00000,1.02000,-1.00000,0.00000,1.00000,0.00000,0.00000,17.00000,0.00000,1.06588,0.18000,1.00000,1.00000
62.23333,0.00000,-13.52727,4.15254,12.89871,0.00000,-0.18000,0.00000,0.03175,51.51405,-0.00035,0.00085,1.00728,0.00154,1.00856,0.00171,0.06850,1.25138,0.26927,1.00000,1.00000,0.14000,0.62796,0.02800,0.44306,0.00000,0.00000,0.00000,1.02000,-1.00000,0.00000,1.00000,0.00000,0.00000,17.00000,0.00000,1.06428,0.18000,1.00000,1.00000
62.26667,0.00000,-13.65299,4.13365,12.89032,0.00000,-0.18000,0.00000,0.03070,51.30404,0.00171,-0.00139,1.00530,0.00112,1.00623,0.00157,0.04987,1.23740,0.26403,1.00000,1.00000,0.14000,0.62580,0.02800,0.44495,0.00000,0.00000,0.00000,1.02000,-1.00000,0.00000,1.00000,0.00000,0.00000,17.00000,0.00000,1.06312,0.18000,1.00000,1.00000
62.30000,0.00000,-13.77431,4.11307,12.87666,0.00000,-0.18000,0.00000,0.03147,51.11275,-0.00164,0.00112,1.00386,0.00082,1.00454,0.00155,0.03630,1.22723,0.26021,1.00000,1.00000,0.14585,0.62422,0.02800,0.44632,0.00000,0.00000,0.00000,1.02000,-1.00000,0.00000,1.00000,0.00000,0.00000,17.00000,0.00000,1.06227,0.18000,1.00000,1.00000
62.33333,0.00000,-13.89240,4.09119,12.85894,0.00000,-0.18000,0.00000,0.03276,50.93526,0.00046,-0.00030,1.00281,0.00059,1.00330,0.00143,0.02643,1.21982,0.25743,1.00000,1.00000,0.14213,0.62307,0.02800,0.44732,0.00000,0.00000,0.00000,1.02000,-1.00000,0.00000,1.00000,0.00000,0.00000,17.00000,0.00000,1.06165,0.18000,1.00000,1.00000
62.36667,0.00000,-14.00812,4.06830,12.83805,0.00000,-0.18000,0.00000,0.03337,50.76801,0.00049,-0.00048,1.00204,0.00043,1.00241,0.00148,0.01924,1.21443,0.25541,1.00000,1.00000,0.15037,0.62224,0.02800,0.44805,0.00000,0.00000,0.00000,1.02000,-1.00000,0.00000,1.00000,0.00000,0.00000,17.00000,0.00000,1.06120,0.18000,1.00000,1.00000
62.40000,0.00000,-14.12210,4.04463,12.81464,0.00000,-0.18000,0.00000,0.03339,50.60840,-0.00050,0.00091,1.00149,0.00032,1.00175,0.00131,0.01401,1.21051,0.25394,1.00000,1.00000,0.14000,0.62163,0.02800,0.44858,0.00000,0.00000,0.00000,1.02000,-1.00000,0.00000,1.00000,0.00000,0.00000,17.00000,0.00000,1.06088,0.18000,1.00000,1.00000
62.43333,0.00000,-14.23482,4.02032,12.78917,0.00000,-0.18000,0.00000,0.03352,50.45455,-0.00033,-0.00078,1.00108,0.00023,1.00127,0.00136,0.01020,1.20765,0.25287,1.00000,1.00000,0.14588,0.62119,0.02800,0.44897,0.00000,0.00000,0.00000,1.02000,-1.00000,0.00000,1.00000,0.00000,0.00000,17.00000,0.00000,1.06064,0.18000,1.00000,1.00000
62.46667,0.00000,-14.35394,3.99754,12.76851,0.00000,-0.18000,0.00000,0.03418,50.27973,0.00102,0.00024,1.00000,0.00000,1.00000,0.00120,0.00000,1.20000,0.25000,1.00000,1.00000,0.14000,0.62000,0.02800,0.45000,0.00000,0.00000,0.00000,1.02000,-1.00000,0.00000,1.00000,0.00000,0.00000,17.00000,0.00000,1.06000,0.18000,1.00000,1.00000
62.50000,0.00000,-14.46312,3.97171,12.73811,0.00000,-0.18000,0.00000,0.03465,50.14061,-0.00103,0.00036,1.00000,0.00000,1.00000,0.00120,0.00000,1.20000,0.25000,1.00000,1.00000,0.14000,0.62000,0.02800,0.45000,0.00000,0.00000,0.00000,1.02000,-1.00000,0.00000,1.00000,0.00000,0.00000,17.00000,0.00000,1.06000,0.18000,1.00000,1.00000
62.53333,0.00000,-14.57232,3.94566,12.70691,0.00000,-0.18000,0.00000,0.03514,50.00225,0.00022,-0.00075,1.00000,0.00000,1.00000,0.00124,0.00000,1.20000,0.25000,1.00000,1.00000,0.14330,0.62000,0.02800,0.45000,0.00000,0.00000,0.00000,1.02000,-1.00000,0.00000,1.00000,0.00000,0.00000,17.00000,0.00000,1.06000,0.18000,1.00000,1.00000
62.56667,0.00000,-14.18841,3.78775,12.24920,0.00000,-0.18000,0.00000,0.04041,51.57709,0.00366,0.00418,1.05371,0.01137,1.06319,0.00499,0.50554,1.57915,0.39218,1.00000,1.00000,0.14000,0.67877,0.02800,0.39881,0.00000,0.00000,0.00000,1.02000,-1.00000,0.00000,1.00000,0.00000,0.00000,17.00000,0.00000,1.09160,0.18000,1.00000,1.00000
62.60000,0.00000,-14.42578,3.79683,12.33017,0.00000,-0.18000,0.00000,0.02927,50.97131,-0.00337,-0.00120,1.03910,0.00828,1.04600,0.00396,0.36803,1.47602,0.35351,1.00000,1.00000,0.14000,0.66278,0.02800,0.41274,0.00000,0.00000,0.00000,1.02000,-1.00000,0.00000,1.00000,0.00000,0.00000,17.00000,0.00000,1.08300,0.18000,1.00000,1.00000
62.63333,0.00000,-14.63053,3.79626,12.38054,0.00000,-0.18000,0.00000,0.03084,50.49466,0.00030,-0.00115,1.02847,0.00603,1.03349,0.00323,0.26792,1.40094,0.32535,1.00000,1.00000,0.14151,0.65115,0.02800,0.42287,0.00000,0.00000,0.00000,1.02000,-1.00000,0.00000,1.00000,0.00000,0.00000,17.00000,0.00000,1.07675,0.18000,1.00000,1.00000
62.66667,0.00000,-14.81067,3.78845,12.40785,0.00000,-0.18000,0.00000,0.03806,50.11199,0.00172,0.00199,1.02072,0.00439,1.02438,0.00273,0.19505,1.34629,0.30486,1.00000,1.00000,0.14465,0.64267,0.02800,0.43025,0.00000,0.00000,0.00000,1.02000,-1.00000,0.00000,1.00000,0.00000,0.00000,17.00000,0.00000,1.07219,0.18000,1.00000,1.00000
62.70000,0.00000,-14.97237,3.77524,12.41786,0.00000,-0.18000,0.00000,0.04128,49.79777,-0.00140,-0.00161,1.01509,0.00319,1.01775,0.00227,0.14199,1.30650,0.28994,1.00000,1.00000,0.14047,0.63651,0.02800,0.43562,0.00000,0.00000,0.00000,1.02000,-1.00000,0.00000,1.00000,0.00000,0.00000,17.00000,0.00000,1.06887,0.18000,1.00000,1.00000
62.73333,0.00000,-15.12032,3.75800,12.41491,0.00000,-0.18000,0.00000,0.03958,49.53347,-0.00033,0.00055,1.01098,0.00233,1.01292,0.00198,0.10337,1.27753,0.27907,1.00000,1.00000,0.14000,0.63202,0.02800,0.43953,0.00000,0.00000,0.00000,1.02000,-1.00000,0.00000,1.00000,0.00000,0.00000,17.00000,0.00000,1.06646,0.18000,1.00000,1.00000
62.76667,0.00000,-15.25807,3.73777,12.40223,0.00000,-0.18000,0.00000,0.03764,49.30560,0.00167,0.00048,1.00800,0.00169,1.00941,0.00178,0.07525,1.25644,0.27117,1.00000,1.00000,0.14127,0.62875,0.02800,0.44238,0.00000,0.00000,0.00000,1.02000,-1.00000,0.00000,1.00000,0.00000,0.00000,17.00000,0.00000,1.06470,0.18000,1.00000,1.00000
62.80000,0.00000,-15.38827,3.71529,12.38222,0.00000,-0.18000,0.00000,0.03819,49.10439,-0.00170,-0.00105,1.00582,0.00123,1.00685,0.00161,0.05478,1.24109,0.26541,1.00000,1.00000,0.14000,0.62637,0.02800,0.44445,0.00000,0.00000,0.00000,1.02000,-1.00000,0.00000,1.00000,0.00000,0.00000,17.00000,0.00000,1.06342,0.18000,1.00000,1.00000
62.83333,0.00000,-15.51288,3.69112,12.35664,0.00000,-0.18000,0.00000,0.04008,48.92271,0.00057,0.00094,1.00424,0.00090,1.00499,0.00150,0.03988,1.22991,0.26122,1.00000,1.00000,0.14000,0.62464,0.02800,0.44596,0.00000,0.00000,0.00000,1.02000,-1.00000,0.00000,1.00000,0.00000,0.00000,17.00000,0.00000,1.06249,0.18000,1.00000,1.00000
62.86667,0.00000,-15.63337,3.66565,12.32679,0.00000,-0.18000,0.00000,0.04129,48.75541,0.00045,-0.00037,1.00308,0.00065,1.00363,0.00145,0.02903,1.22178,0.25817,1.00000,1.00000,0.14224,0.62338,0.02800,0.44706,0.00000,0.00000,0.00000,1.02000,-1.00000,0.00000,1.00000,0.00000,0.00000,17.00000,0.00000,1.06181,0.18000,1.00000,1.00000
62.90000,0.00000,-15.75081,3.63919,12.29360,0.00000,-0.18000,0.00000,0.04146,48.59874,-0.00055,-0.00029,1.00225,0.00048,1.00264,0.00139,0.02114,1.21585,0.25594,1.00000,1.00000,0.14208,0.62246,0.02800,0.44786,0.00000,0.00000,0.00000,1.02000,-1.00000,0.00000,1.00000,0.00000,0.00000,17.00000,0.00000,1.06132,0.18000,1.00000,1.00000
62.93333,0.00000,-15.86600,3.61195,12.25776,0.00000,-0.18000,0.00000,0.04150,48.44997,-0.00021,0.00073,1.00163,0.00035,1.00192,0.00132,0.01539,1.21154,0.25433,1.00000,1.00000,0.14000,0.62179,0.02800,0.44844,0.00000,0.00000,0.00000,1.02000,-1.00000,0.00000,1.00000,0.00000,0.00000,17.00000,0.00000,1.06096,0.18000,1.00000,1.00000
62.96667,0.00000,-15.97951,3.58408,12.21979,0.00000,-0.18000,0.00000,0.04200,48.30712,0.00101,-0.00072,1.00119,0.00025,1.00140,0.00128,0.01120,1.20840,0.25315,1.00000,1.00000,0.14000,0.62130,0.02800,0.44887,0.00000,0.00000,0.00000,1.02000,-1.00000,0.00000,1.00000,0.00000,0.00000,17.00000,0.00000,1.06070,0.18000,1.00000,1.00000
63.00000,0.00000,-16.10080,3.55768,12.18687,0.00000,-0.18000,0.00000,0.04282,48.14204,-0.00095,0.00030,1.00000,0.00000,1.00000,0.00124,0.00000,1.20000,0.25000,1.00000,1.00000,0.14263,0.62000,0.02800,0.45000,0.00000,0.00000,0.00000,1.02000,-1.00000,0.00000,1.00000,0.00000,0.00000,17.00000,0.00000,1.06000,0.18000,1.00000,1.00000
63.03333,0.00000,-16.20972,3.52830,12.14373,0.00000,-0.18000,0.00000,0.04336,48.01442,0.00022,0.00022,1.00000,0.00000,1.00000,0.00124,0.00000,1.20000,0.25000,1.00000,1.00000,0.14312,0.62000,0.02800,0.45000,0.00000,0.00000,0.00000,1.02000,-1.00000,0.00000,1.00000,0.00000,0.00000,17.00000,0.00000,1.06000,0.18000,1.00000,1.00000
63.06667,0.00000,-16.31858,3.49871,12.09979,0.00000,-0.18000,0.00000,0.04389,47.88748,0.00064,-0.00061,1.00000,0.00000,1.00000,0.00120,0.00000,1.20000,0.25000,1.00000,1.00000,0.14000,0.62000,0.02800,0.45000,0.00000,0.00000,0.00000,1.02000,-1.00000,0.00000,1.00000,0.00000,0.00000,17.00000,0.00000,1.06000,0.18000,1.00000,1.00000
63.10000,0.00000,-15.91830,3.36139,11.68148,0.00000,-0.18000,0.00000,0.03886,49.27196,-0.00448,0.00352,1.04942,0.01047,1.05815,0.00473,0.46516,1.54887,0.38083,1.00000,1.00000,0.14307,0.67408,0.02800,0.40290,0.00000,0.00000,0.00000,1.02000,-1.00000,0.00000,1.00000,0.00000,0.00000,17.00000,0.00000,1.08907,0.18000,1.00000,1.00000
63.13333,0.00000,-16.15986,3.36060,11.73627,0.00000,-0.18000,0.00000,0.03654,48.73273,0.00099,-0.00136,1.03598,0.00762,1.04233,0.00374,0.33864,1.45398,0.34524,1.00000,1.00000,0.14000,0.65937,0.02800,0.41571,0.00000,0.00000,0.00000,1.02000,-1.00000,0.00000,1.00000,0.00000,0.00000,17.00000,0.00000,1.08116,0.18000,1.00000,1.00000
63.16667,0.00000,-16.36730,3.35177,11.76377,0.00000,-0.18000,0.00000,0.04430,48.30736,0.00172,-0.00068,1.02619,0.00555,1.03082,0.00305,0.24653,1.38489,0.31934,1.00000,1.00000,0.14000,0.64866,0.02800,0.42504,0.00000,0.00000,0.00000,1.02000,-1.00000,0.00000,1.00000,0.00000,0.00000,17.00000,0.00000,1.07541,0.18000,1.00000,1.00000
63.20000,0.00000,-16.54905,3.33692,11.77076,0.00000,-0.18000,0.00000,0.04976,47.96489,-0.00158,0.00164,1.01907,0.00404,1.02243,0.00257,0.17947,1.33460,0.30048,1.00000,1.00000,0.14192,0.64086,0.02800,0.43183,0.00000,0.00000,0.00000,1.02000,-1.00000,0.00000,1.00000,0.00000,0.00000,17.00000,0.00000,1.07122,0.18000,1.00000,1.00000
63.23333,0.00000,-16.71158,3.31759,11.76238,0.00000,-0.18000,0.00000,0.04877,47.68279,-0.00033,-0.00146,1.01388,0.00294,1.01633,0.00218,0.13065,1.29799,0.28675,1.00000,1.00000,0.14000,0.63519,0.02800,0.43677,0.00000,0.00000,0.00000,1.02000,-1.00000,0.00000,1.00000,0.00000,0.00000,17.00000,0.00000,1.06817,0.18000,1.00000,1.00000
63.26667,0.00000,-16.85978,3.29491,11.74248,0.00000,-0.18000,0.00000,0.04585,47.44471,0.00192,0.00064,1.01011,0.00214,1.01189,0.00191,0.09511,1.27134,0.27675,1.00000,1.00000,0.14000,0.63106,0.02800,0.44037,0.00000,0.00000,0.00000,1.02000,-1.00000,0.00000,1.00000,0.00000,0.00000,17.00000,0.00000,1.06594,0.18000,1.00000,1.00000
63.30000,0.00000,-16.99735,3.26975,11.71393,0.00000,-0.18000,0.00000,0.04542,47.23877,-0.00189,0.00028,1.00736,0.00156,1.00866,0.00172,0.06924,1.25193,0.26947,1.00000,1.00000,0.14000,0.62805,0.02800,0.44299,0.00000,0.00000,0.00000,1.02000,-1.00000,0.00000,1.00000,0.00000,0.00000,17.00000,0.00000,1.06433,0.18000,1.00000,1.00000
63.33333,0.00000,-17.12704,3.24270,11.67884,0.00000,-0.18000,0.00000,0.04716,47.05634,0.00074,-0.00086,1.00536,0.00113,1.00630,0.00158,0.05041,1.23781,0.26418,1.00000,1.00000,0.14000,0.62586,0.02800,0.44490,0.00000,0.00000,0.00000,1.02000,-1.00000,0.00000,1.00000,0.00000,0.00000,17.00000,0.00000,1.06315,0.18000,1.00000,1.00000
63.36667,0.00000,-17.25087,3.21424,11.63876,0.00000,-0.18000,0.00000,0.04863,46.89115,0.00046,0.00085,1.00390,0.00083,1.00459,0.00148,0.03670,1.22752,0.26032,1.00000,1.00000,0.14000,0.62427,0.02800,0.44628,0.00000,0.00000,0.00000,1.02000,-1.00000,0.00000,1.00000,0.00000,0.00000,17.00000,0.00000,1.06229,0.18000,1.00000,1.00000
63.40000,0.00000,-17.37037,3.18469,11.59483,0.00000,-0.18000,0.00000,0.04878,46.73864,-0.00066,-0.00041,1.00284,0.00060,1.00334,0.00140,0.02672,1.22004,0.25751,1.00000,1.00000,0.14000,0.62311,0.02800,0.44730,0.00000,0.00000,0.00000,1.02000,-1.00000,0.00000,1.00000,0.00000,0.00000,17.00000,0.00000,1.06167,0.18000,1.00000,1.00000
63.43333,0.00000,-17.48665,3.15428,11.54788,0.00000,-0.18000,0.00000,0.04841,46.59551,-0.00008,-0.00018,1.00207,0.00044,1.00243,0.00135,0.01945,1.21459,0.25547,1.00000,1.00000,0.14000,0.62226,0.02800,0.44803,0.00000,0.00000,0.00000,1.02000,-1.00000,0.00000,1.00000,0.00000,0.00000,17.00000,0.00000,1.06122,0.18000,1.00000,1.00000
63.46667,0.00000,-17.60051,3.12321,11.49852,0.00000,-0.18000,0.00000,0.04846,46.45936,0.00092,0.00060,1.00150,0.00032,1.00177,0.00133,0.01416,1.21062,0.25398,1.00000,1.00000,0.14203,0.62165,0.02800,0.44857,0.00000,0.00000,0.00000,1.02000,-1.00000,0.00000,1.00000,0.00000,0.00000,17.00000,0.00000,1.06088,0.18000,1.00000,1.00000
63.50000,0.00000,-17.71256,3.09158,11.44718,0.00000,-0.18000,0.00000,0.04897,46.32843,-0.00100,-0.00066,1.00110,0.00023,1.00129,0.00128,0.01031,1.20773,0.25290,1.00000,1.00000,0.14000,0.62120,0.02800,0.44896,0.00000,0.00000,0.00000,1.02000,-1.00000,0.00000,1.00000,0.00000,0.00000,17.00000,0.00000,1.06064,0.18000,1.00000,1.00000
63.53333,0.00000,-17.83244,3.06107,11.40007,0.00000,-0.18000,0.00000,0.04929,46.17786,0.00022,0.00034,1.00000,0.00000,1.00000,0.00120,0.00000,1.20000,0.25000,1.00000,1.00000,0.14000,0.62000,0.02800,0.45000,0.00000,0.00000,0.00000,1.02000,-1.00000,0.00000,1.00000,0.00000,0.00000,17.00000,0.00000,1.06000,0.18000,1.00000,1.00000
63.56667,0.00000,-17.93960,3.02815,11.34404,0.00000,-0.18000,0.00000,0.04949,46.06039,0.00069,0.00014,1.00000,0.00000,1.00000,0.00120,0.00000,1.20000,0.25000,1.00000,1.00000,0.14000,0.62000,0.02800,0.45000,0.00000,0.00000,0.00000,1.02000,-1.00000,0.00000,1.00000,0.00000,0.00000,17.00000,0.00000,1.06000,0.18000,1.00000,1.00000
63.60000,0.00000,-18.04661,2.99502,11.28720,0.00000,-0.18000,0.00000,0.04965,45.94350,-0.00094,-0.00052,1.00000,0.00000,1.00000,0.00126,0.00000,1.20000,0.25000,1.00000,1.00000,0.14421,0.62000,0.02800,0.45000,0.00000,0.00000,0.00000,1.02000,-1.00000,0.00000,1.00000,0.00000,0.00000,17.00000,0.00000,1.06000,0.18000,1.00000,1.00000
63.63333,2.00000,0.00000,0.00000,-20.00000,0.00000,0.00000,0.00000,0.00209,48.00000,0.00056,0.00089,1.02425,0.49132,0.90570,0.00293,0.22823,1.14264,0.31419,1.00000,1.00000,0.14257,0.62568,0.05000,0.51227,0.00000,0.45288,0.00000,0.96000,-1.00000,0.00000,1.00000,0.00000,0.00000,17.00000,0.00000,1.07426,0.18000,1.00000,1.00000
63.66667,2.00000,0.00000,0.00000,-20.00000,0.00000,0.00000,0.00000,0.00390,48.00000,0.00044,-0.00037,1.01765,0.33207,0.89951,0.00245,0.16615,1.10384,0.29673,1.00000,1.00000,0.14000,0.61869,0.05000,0.51981,0.00000,0.45603,0.00000,0.96000,-1.00000,0.00000,1.00000,0.00000,0.00000,17.00000,0.00000,1.07038,0.18000,1.00000,1.00000
63.70000,2.00000,0.00000,0.00000,-20.00000,0.00000,0.00000,0.00000,0.00596,48.00000,-0.00051,-0.00011,1.01285,0.22445,0.89517,0.00211,0.12095,1.07560,0.28402,1.00000,1.00000,0.14000,0.61361,0.05000,0.52530,0.00000,0.45918,0.00000,0.96000,-1.00000,0.00000,1.00000,0.00000,0.00000,17.00000,0.00000,1.06756,0.18000,1.00000,1.00000
63.73333,2.00000,0.00000,0.00000,-20.00000,0.00000,0.00000,0.00000,0.00602,48.00000,-0.00009,0.00039,1.00936,0.15171,0.89218,0.00189,0.08805,1.05503,0.27477,1.00000,1.00000,0.14372,0.60991,0.05000,0.52930,0.00000,0.46233,0.00000,0.96000,-1.00000,0.00000,1.00000,0.00000,0.00000,17.00000,0.00000,1.06550,0.18000,1.00000,1.00000
63.76667,2.00000,0.00000,0.00000,-20.00000,0.00000,0.00000,0.00000,0.00497,48.00000,0.00065,-0.00040,1.00681,0.10254,0.89017,0.00168,0.06410,1.04006,0.26803,1.00000,1.00000,0.14000,0.60721,0.05000,0.53221,0.00000,0.46547,0.00000,0.96000,-1.00000,0.00000,1.00000,0.00000,0.00000,17.00000,0.00000,1.06401,0.18000,1.00000,1.00000
63.80000,2.00000,0.00000,0.00000,-20.00000,0.00000,0.00000,0.00000,0.00443,48.00000,-0.00076,0.00022,1.00496,0.06932,0.88888,0.00157,0.04667,1.02917,0.26313,1.00000,1.00000,0.14244,0.60525,0.05000,0.53433,0.00000,0.46862,0.00000,0.96000,-1.00000,0.00000,1.00000,0.00000,0.00000,17.00000,0.00000,1.06292,0.18000,1.00000,1.00000
63.83333,2.00000,0.00000,0.00000,-20.00000,0.00000,0.00000,0.00000,0.00470,48.00000,0.00031,0.00006,1.00361,0.04686,0.88811,0.00147,0.03397,1.02123,0.25956,1.00000,1.00000,0.14244,0.60382,0.05000,0.53587,0.00000,0.47177,0.00000,0.96000,-1.00000,0.00000,1.00000,0.00000,0.00000,17.00000,0.00000,1.06212,0.18000,1.00000,1.00000
63.86667,2.00000,0.00000,0.00000,-20.00000,0.00000,0.00000,0.00000,0.00508,48.00000,0.00019,-0.00027,1.00263,0.03168,0.88772,0.00139,0.02473,1.01546,0.25696,1.00000,1.00000,0.14000,0.60278,0.05000,0.53700,0.00000,0.47491,0.00000,0.96000,-1.00000,0.00000,1.00000,0.00000,0.00000,17.00000,0.00000,1.06155,0.18000,1.00000,1.00000
63.90000,2.00000,0.00000,0.00000,-20.00000,0.00000,0.00000,0.00000,0.00507,48.00000,-0.00034,0.00033,1.00191,0.02142,0.88761,0.00134,0.01801,1.01125,0.25506,1.00000,1.00000,0.14000,0.60203,0.05000,0.53781,0.00000,0.47806,0.00000,0.96000,-1.00000,0.00000,1.00000,0.00000,0.00000,17.00000,0.00000,1.06113,0.18000,1.00000,1.00000
63.93333,2.00000,0.00000,0.00000,-20.00000,0.00000,0.00000,0.00000,0.00479,48.00000,0.00003,-0.00017,1.00139,0.01448,0.88769,0.00130,0.01311,1.00819,0.25369,1.00000,1.00000,0.14000,0.60147,0.05000,0.53841,0.00000,0.48121,0.00000,0.96000,-1.00000,0.00000,1.00000,0.00000,0.00000,17.00000,0.00000,1.06082,0.18000,1.00000,1.00000
63.96667,2.00000,0.00000,0.00000,-20.00000,0.00000,0.00000,0.00000,0.00457,48.00000,0.00032,-0.00004,1.00101,0.00979,0.88793,0.00127,0.00954,1.00596,0.25268,1.00000,1.00000,0.14000,0.60107,0.05000,0.53884,0.00000,0.48436,0.00000,0.96000,-1.00000,0.00000,1.00000,0.00000,0.00000,17.00000,0.00000,1.06060,0.18000,1.00000,1.00000
64.00000,2.00000,0.00000,0.00000,-20.00000,0.00000,0.00000,0.00000,0.00452,48.00000,-0.00024,0.00013,1.00074,0.00662,0.88827,0.00125,0.00695,1.00434,0.25195,1.00000,1.00000,0.14000,0.60078,0.05000,0.53916,0.00000,0.48750,0.00000,0.96000,-1.00000,0.00000,1.00000,0.00000,0.00000,17.00000,0.00000,1.06043,0.18000,1.00000,1.00000
64.03333,2.00000,0.00000,0.00000,-20.00000,0.00000,0.00000,0.00000,0.00448,48.00000,0.00005,-0.00014,1.00054,0.00448,0.88869,0.00124,0.00506,1.00316,0.25142,1.00000,1.00000,0.14000,0.60057,0.05000,0.53939,0.00000,0.49065,0.00000,0.96000,-1.00000,0.00000,1.00000,0.00000,0.00000,17.00000,0.00000,1.06032,0.18000,1.00000,1.00000
64.06667,2.00000,0.00000,0.00000,-20.00000,0.00000,0.00000,0.00000,0.00432,48.00000,0.00016,0.00008,1.00000,0.00299,0.88876,0.00120,0.00000,1.00000,0.25000,1.00000,1.00000,0.14000,0.60000,0.05000,0.54000,0.00000,0.49380,0.00000,0.96000,-1.00000,0.00000,1.00000,0.00000,0.00000,17.00000,0.00000,1.06000,0.18000,1.00000,1.00000
64.10000,2.00000,0.00000,0.00000,-20.00000,0.00000,0.00000,0.00000,0.00417,48.00000,-0.00024,0.00002,1.00000,0.00202,0.88939,0.00120,0.00000,1.00000,0.25000,1.00000,1.00000,0.14000,0.60000,0.05000,0.54000,0.00000,0.49695,0.00000,0.96000,-1.00000,0.00000,1.00000,0.00000,0.00000,17.00000,0.00000,1.06000,0.18000,1.00000,1.00000
64.13333,2.00000,0.00000,0.00000,-20.00000,0.00000,0.00000,0.00000,0.00118,48.00000,0.00060,-0.00053,1.02803,0.00297,0.91937,0.00447,0.26379,1.16487,0.32419,1.00000,1.00000,0.33178,0.62968,0.05000,0.50795,0.00000,0.50009,0.00000,0.96000,-1.00000,0.00000,1.00000,0.00000,0.00000,17.00000,0.00000,1.07649,0.18000,1.00000,1.00000
64.16667,2.00000,0.00000,0.00000,-20.00000,0.00000,0.00000,0.00000,0.00198,48.00000,0.00036,0.00068,1.02040,0.00216,0.91203,0.00264,0.19204,1.12002,0.30401,1.00000,1.00000,0.14000,0.62160,0.05000,0.51667,0.00000,0.50324,0.00000,0.96000,-1.00000,0.00000,1.00000,0.00000,0.00000,17.00000,0.00000,1.07200,0.18000,1.00000,1.00000
64.20000,2.00000,0.00000,0.00000,-20.00000,0.00000,0.00000,0.00000,0.00425,48.00000,-0.00054,-0.00033,1.01485,0.00157,0.90685,0.00228,0.13980,1.08738,0.28932,1.00000,1.00000,0.14510,0.61573,0.05000,0.52301,0.00000,0.50639,0.00000,0.96000,-1.00000,0.00000,1.00000,0.00000,0.00000,17.00000,0.00000,1.06874,0.18000,1.00000,1.00000
64.23333,2.00000,0.00000,0.00000,-20.00000,0.00000,0.00000,0.00000,0.00471,48.00000,-0.00004,-0.00007,1.01081,0.00114,0.90325,0.00197,0.10177,1.06361,0.27862,1.00000,1.00000,0.14068,0.61145,0.05000,0.52763,0.00000,0.50954,0.00000,0.96000,-1.00000,0.00000,1.00000,0.00000,0.00000,17.00000,0.00000,1.06636,0.18000,1.00000,1.00000
64.26667,2.00000,0.00000,0.00000,-20.00000,0.00000,0.00000,0.00000,0.00352,48.00000,0.00067,0.00033,1.00787,0.00083,0.90080,0.00176,0.07409,1.04631,0.27084,1.00000,1.00000,0.14000,0.60834,0.05000,0.53100,0.00000,0.51268,0.00000,0.96000,-1.00000,0.00000,1.00000,0.00000,0.00000,17.00000,0.00000,1.06463,0.18000,1.00000,1.00000
64.30000,2.00000,0.00000,0.00000,-20.00000,0.00000,0.00000,0.00000,0.00247,48.00000,-0.00082,-0.00038,1.00573,0.00061,0.89919,0.00161,0.05394,1.03371,0.26517,1.00000,1.00000,0.14125,0.60607,0.05000,0.53345,0.00000,0.51583,0.00000,0.96000,-1.00000,0.00000,1.00000,0.00000,0.00000,17.00000,0.00000,1.06337,0.18000,1.00000,1.00000
64.33333,2.00000,0.00000,0.00000,-20.00000,0.00000,0.00000,0.00000,0.00237,48.00000,0.00037,0.00021,1.00417,0.00044,0.89818,0.00149,0.03927,1.02454,0.26104,1.00000,1.00000,0.14000,0.60442,0.05000,0.53523,0.00000,0.51898,0.00000,0.96000,-1.00000,0.00000,1.00000,0.00000,0.00000,17.00000,0.00000,1.06245,0.18000,1.00000,1.00000
64.36667,2.00000,0.00000,0.00000,-20.00000,0.00000,0.00000,0.00000,0.00262,48.00000,0.00019,0.00005,1.00304,0.00032,0.89762,0.00141,0.02859,1.01787,0.25804,1.00000,1.00000,0.14000,0.60322,0.05000,0.53653,0.00000,0.52213,0.00000,0.96000,-1.00000,0.00000,1.00000,0.00000,0.00000,17.00000,0.00000,1.06179,0.18000,1.00000,1.00000
64.40000,2.00000,0.00000,0.00000,-20.00000,0.00000,0.00000,0.00000,0.00255,48.00000,-0.00036,-0.00023,1.00221,0.00023,0.89738,0.00136,0.02081,1.01301,0.25585,1.00000,1.00000,0.14000,0.60234,0.05000,0.53747,0.00000,0.52527,0.00000,0.96000,-1.00000,0.00000,1.00000,0.00000,0.00000,17.00000,0.00000,1.06130,0.18000,1.00000,1.00000
64.43333,2.00000,0.00000,0.00000,-20.00000,0.00000,0.00000,0.00000,0.00211,48.00000,0.00010,0.00027,1.00161,0.00017,0.89738,0.00133,0.01515,1.00947,0.25426,1.00000,1.00000,0.14213,0.60170,0.05000,0.53816,0.00000,0.52842,0.00000,0.96000,-1.00000,0.00000,1.00000,0.00000,0.00000,17.00000,0.00000,1.06095,0.18000,1.00000,1.00000
64.46667,2.00000,0.00000,0.00000,-20.00000,0.00000,0.00000,0.00000,0.00167,48.00000,0.00028,-0.00016,1.00117,0.00012,0.89755,0.00128,0.01103,1.00689,0.25310,1.00000,1.00000,0.14000,0.60124,0.05000,0.53866,0.00000,0.53157,0.00000,0.96000,-1.00000,0.00000,1.00000,0.00000,0.00000,17.00000,0.00000,1.06069,0.18000,1.00000,1.00000
64.50000,2.00000,0.00000,0.00000,-20.00000,0.00000,0.00000,0.00000,0.00142,48.00000,-0.00035,-0.00003,1.00085,0.00009,0.89784,0.00126,0.00803,1.00502,0.25226,1.00000,1.00000,0.14000,0.60090,0.05000,0.53902,0.00000,0.53472,0.00000,0.96000,-1.00000,0.00000,1.00000,0.00000,0.00000,17.00000,0.00000,1.06050,0.18000,1.00000,1.00000
64.53333,2.00000,0.00000,0.00000,-20.00000,0.00000,0.00000,0.00000,0.00124,48.00000,0.00005,0.00011,1.00062,0.00007,0.89823,0.00124,0.00585,1.00365,0.25164,1.00000,1.00000,0.14000,0.60066,0.05000,0.53929,0.00000,0.53786,0.00000,0.96000,-1.00000,0.00000,1.00000,0.00000,0.00000,17.00000,0.00000,1.06037,0.18000,1.00000,1.00000
64.56667,2.00000,0.00000,0.00000,-20.00000,0.00000,0.00000,0.00000,0.00101,48.00000,0.00017,-0.00013,1.00045,0.00005,0.89868,0.00123,0.00426,1.00266,0.25120,1.00000,1.00000,0.14000,0.60048,0.05000,0.53948,0.00000,0.54101,0.00000,0.96000,-1.00000,0.00000,1.00000,0.00000,0.00000,17.00000,0.00000,1.06027,0.18000,1.00000,1.00000
64.60000,2.00000,0.00000,0.00000,-20.00000,0.00000,0.00000,0.00000,0.00068,48.00000,-0.00025,0.00007,1.00000,0.00000,0.89883,0.00120,0.00000,1.00000,0.25000,1.00000,1.00000,0.14000,0.60000,0.05000,0.54000,0.00000,0.54416,0.00000,0.96000,-1.00000,0.00000,1.00000,0.00000,0.00000,17.00000,0.00000,1.06000,0.18000,1.00000,1.00000
64.63333,2.00000,0.00000,0.00000,-20.00000,0.00000,0.00000,0.00000,0.00039,48.00000,0.00014,0.00002,1.00000,0.00000,0.89946,0.00120,0.00000,1.00000,0.25000,1.00000,1.00000,0.14000,0.60000,0.05000,0.54000,0.00000,0.54731,0.00000,0.96000,-1.00000,0.00000,1.00000,0.00000,0.00000,17.00000,0.00000,1.06000,0.18000,1.00000,1.00000
64.66667,2.00000,0.00000,0.00000,-20.00000,0.00000,0.00000,0.00000,-0.00277,48.00000,0.00022,-0.00047,1.02603,0.00276,0.92765,0.00379,0.24497,1.15311,0.31890,1.00000,1.00000,0.25138,0.62756,0.05000,0.51024,0.00000,0.55045,0.00000,0.96000,-1.00000,0.00000,1.00000,0.00000,0.00000,17.00000,0.00000,1.07531,0.18000,1.00000,1.00000
64.70000,2.00000,0.00000,0.00000,-20.00000,0.00000,0.00000,0.00000,-0.00016,48.00000,-0.00058,0.00058,1.01895,0.00201,0.92080,0.00254,0.17834,1.11146,0.30016,1.00000,1.00000,0.14000,0.62006,0.05000,0.51833,0.00000,0.55360,0.00000,0.96000,-1.00000,0.00000,1.00000,0.00000,0.00000,17.00000,0.00000,1.07115,0.18000,1.00000,1.00000
64.73333,2.00000,0.00000,0.00000,-20.00000,0.00000,0.00000,0.00000,0.00108,48.00000,0.00001,-0.00032,1.01379,0.00146,0.91598,0.00217,0.12983,1.08114,0.28651,1.00000,1.00000,0.14000,0.61461,0.05000,0.52423,0.00000,0.55675,0.00000,0.96000,-1.00000,0.00000,1.00000,0.00000,0.00000,17.00000,0.00000,1.06811,0.18000,1.00000,1.00000
64.76667,2.00000,0.00000,0.00000,-20.00000,0.00000,0.00000,0.00000,-0.00000,48.00000,0.00072,-0.00007,1.01004,0.00106,0.91264,0.00195,0.09452,1.05907,0.27658,1.00000,1.00000,0.14595,0.61063,0.05000,0.52852,0.00000,0.55989,0.00000,0.96000,-1.00000,0.00000,1.00000,0.00000,0.00000,17.00000,0.00000,1.06591,0.18000,1.00000,1.00000
64.80000,2.00000,0.00000,0.00000,-20.00000,0.00000,0.00000,0.00000,-0.00147,48.00000,-0.00085,0.00031,1.00731,0.00077,0.91037,0.00172,0.06881,1.04300,0.26935,1.00000,1.00000,0.14000,0.60774,0.05000,0.53164,0.00000,0.56304,0.00000,0.96000,-1.00000,0.00000,1.00000,0.00000,0.00000,17.00000,0.00000,1.06430,0.18000,1.00000,1.00000
64.83333,2.00000,0.00000,0.00000,-20.00000,0.00000,0.00000,0.00000,-0.00190,48.00000,0.00038,-0.00034,1.00532,0.00056,0.90889,0.00158,0.05009,1.03131,0.26409,1.00000,1.00000,0.14000,0.60564,0.05000,0.53391,0.00000,0.56619,0.00000,0.96000,-1.00000,0.00000,1.00000,0.00000,0.00000,17.00000,0.00000,1.06313,0.18000,1.00000,1.00000
64.86667,2.00000,0.00000,0.00000,-20.00000,0.00000,0.00000,0.00000,-0.00161,48.00000,0.00019,0.00019,1.00387,0.00041,0.90799,0.00149,0.03647,1.02279,0.26026,1.00000,1.00000,0.14229,0.60410,0.05000,0.53557,0.00000,0.56934,0.00000,0.96000,-1.00000,0.00000,1.00000,0.00000,0.00000,17.00000,0.00000,1.06228,0.18000,1.00000,1.00000
64.90000,2.00000,0.00000,0.00000,-20.00000,0.00000,0.00000,0.00000,-0.00153,48.00000,-0.00043,0.00004,1.00282,0.00030,0.90750,0.00140,0.02655,1.01659,0.25747,1.00000,1.00000,0.14000,0.60299,0.05000,0.53677,0.00000,0.57248,0.00000,0.96000,-1.00000,0.00000,1.00000,0.00000,0.00000,17.00000,0.00000,1.06166,0.18000,1.00000,1.00000
64.93333,2.00000,0.00000,0.00000,-20.00000,0.00000,0.00000,0.00000,-0.00192,48.00000,0.00019,-0.00023,1.00205,0.00022,0.90731,0.00134,0.01933,1.01208,0.25544,1.00000,1.00000,0.14000,0.60217,0.05000,0.53765,0.00000,0.57563,0.00000,0.96000,-1.00000,0.00000,1.00000,0.00000,0.00000,17.00000,0.00000,1.06121,0.18000,1.00000,1.00000
64.96667,2.00000,0.00000,0.00000,-20.00000,0.00000,0.00000,0.00000,-0.00242,48.00000,0.00022,0.00027,1.00149,0.00016,0.90735,0.00131,0.01407,1.00879,0.25396,1.00000,1.00000,0.14000,0.60158,0.05000,0.53829,0.00000,0.57878,0.00000,0.96000,-1.00000,0.00000,1.00000,0.00000,0.00000,17.00000,0.00000,1.06088,0.18000,1.00000,1.00000
65.00000,2.00000,0.00000,0.00000,-20.00000,0.00000,0.00000,0.00000,-0.00272,48.00000,-0.00036,-0.00016,1.00109,0.00012,0.90755,0.00128,0.01024,1.00640,0.25288,1.00000,1.00000,0.14039,0.60115,0.05000,0.53876,0.00000,0.58193,0.00000,0.96000,-1.00000,0.00000,1.00000,0.00000,0.00000,17.00000,0.00000,1.06064,0.18000,1.00000,1.00000
65.03333,2.00000,0.00000,0.00000,-20.00000,0.00000,0.00000,0.00000,-0.00285,48.00000,0.00008,-0.00003,1.00079,0.00008,0.90786,0.00126,0.00746,1.00466,0.25210,1.00000,1.00000,0.14000,0.60084,0.05000,0.53909,0.00000,0.58507,0.00000,0.96000,-1.00000,0.00000,1.00000,0.00000,0.00000,17.00000,0.00000,1.06047,0.18000,1.00000,1.00000
65.06667,2.00000,0.00000,0.00000,-20.00000,0.00000,0.00000,0.00000,-0.00300,48.00000,0.00019,0.00011,1.00058,0.00006,0.90826,0.00124,0.00543,1.00339,0.25153,1.00000,1.00000,0.14000,0.60061,0.05000,0.53934,0.00000,0.58822,0.00000,0.96000,-1.00000,0.00000,1.00000,0.00000,0.00000,17.00000,0.00000,1.06034,0.18000,1.00000,1.00000
65.10000,2.00000,0.00000,0.00000,-20.00000,0.00000,0.00000,0.00000,-0.00324,48.00000,-0.00028,-0.00013,1.00042,0.00004,0.90872,0.00123,0.00395,1.00247,0.25111,1.00000,1.00000,0.14000,0.60044,0.05000,0.53952,0.00000,0.59137,0.00000,0.96000,-1.00000,0.00000,1.00000,0.00000,0.00000,17.00000,0.00000,1.06025,0.18000,1.00000,1.00000
65.13333,2.00000,0.00000,0.00000,-20.00000,0.00000,0.00000,0.00000,-0.00348,48.00000,0.00017,0.00007,1.00000,0.00000,0.90890,0.00120,0.00000,1.00000,0.25000,1.00000,1.00000,0.14000,0.60000,0.05000,0.54000,0.00000,0.59452,0.00000,0.96000,-1.00000,0.00000,1.00000,0.00000,0.00000,17.00000,0.00000,1.06000,0.18000,1.00000,1.00000
65.16667,2.00000,0.00000,0.00000,-20.00000,0.00000,0.00000,0.00000,-0.00368,48.00000,0.00003,0.00002,1.00000,0.00000,0.90953,0.00120,0.00000,1.00000,0.25000,1.00000,1.00000,0.14000,0.60000,0.05000,0.54000,0.00000,0.59766,0.00000,0.96000,-1.00000,0.00000,1.00000,0.00000,0.00000,17.00000,0.00000,1.06000,0.18000,1.00000,1.00000
65.20000,2.00000,0.00000,0.00000,-20.00000,0.00000,0.00000,0.00000,-0.00464,48.00000,-0.00053,-0.00043,1.01962,0.00208,0.93117,0.00293,0.18464,1.11540,0.30193,1.00000,1.00000,0.19177,0.62077,0.05000,0.51757,0.00000,0.60081,0.00000,0.96000,-1.00000,0.00000,1.00000,0.00000,0.00000,17.00000,0.00000,1.07154,0.18000,1.00000,1.00000
65.23333,2.00000,0.00000,0.00000,-20.00000,0.00000,0.00000,0.00000,-0.00273,48.00000,0.00010,0.00056,1.01428,0.00151,0.92609,0.00221,0.13441,1.08401,0.28780,1.00000,1.00000,0.14000,0.61512,0.05000,0.52367,0.00000,0.60396,0.00000,0.96000,-1.00000,0.00000,1.00000,0.00000,0.00000,17.00000,0.00000,1.06840,0.18000,1.00000,1.00000
65.26667,2.00000,0.00000,0.00000,-20.00000,0.00000,0.00000,0.00000,-0.00316,48.00000,0.00059,-0.00026,1.01040,0.00110,0.92257,0.00193,0.09785,1.06116,0.27752,1.00000,1.00000,0.14000,0.61101,0.05000,0.52811,0.00000,0.60711,0.00000,0.96000,-1.00000,0.00000,1.00000,0.00000,0.00000,17.00000,0.00000,1.06612,0.18000,1.00000,1.00000
65.30000,2.00000,0.00000,0.00000,-20.00000,0.00000,0.00000,0.00000,-0.00454,48.00000,-0.00065,-0.00005,1.00757,0.00080,0.92017,0.00173,0.07124,1.04452,0.27004,1.00000,1.00000,0.14000,0.60801,0.05000,0.53134,0.00000,0.61025,0.00000,0.96000,-1.00000,0.00000,1.00000,0.00000,0.00000,17.00000,0.00000,1.06445,0.18000,1.00000,1.00000
65.33333,2.00000,0.00000,0.00000,-20.00000,0.00000,0.00000,0.00000,-0.00512,48.00000,0.00021,0.00016,1.00551,0.00058,0.91860,0.00159,0.05186,1.03241,0.26459,1.00000,1.00000,0.14000,0.60583,0.05000,0.53370,0.00000,0.61340,0.00000,0.96000,-1.00000,0.00000,1.00000,0.00000,0.00000,17.00000,0.00000,1.06324,0.18000,1.00000,1.00000
65.36667,2.00000,0.00000,0.00000,-20.00000,0.00000,0.00000,0.00000,-0.00481,48.00000,0.00017,-0.00028,1.00401,0.00042,0.91762,0.00200,0.03775,1.02360,0.26062,1.00000,1.00000,0.21610,0.60425,0.05000,0.53541,0.00000,0.61655,0.00000,0.96000,-1.00000,0.00000,1.00000,0.00000,0.00000,17.00000,0.00000,1.06236,0.18000,1.00000,1.00000
65.40000,2.00000,0.00000,0.00000,-20.00000,0.00000,0.00000,0.00000,-0.00446,48.00000,-0.00047,0.00018,1.00292,0.00031,0.91708,0.00141,0.02748,1.01718,0.25773,1.00000,1.00000,0.14000,0.60309,0.05000,0.53666,0.00000,0.61970,0.00000,0.96000,-1.00000,0.00000,1.00000,0.00000,0.00000,17.00000,0.00000,1.06172,0.18000,1.00000,1.00000
65.43333,2.00000,0.00000,0.00000,-20.00000,0.00000,0.00000,0.00000,-0.00456,48.00000,0.00026,0.00004,1.00213,0.00023,0.91686,0.00135,0.02001,1.01251,0.25563,1.00000,1.00000,0.14000,0.60225,0.05000,0.53757,0.00000,0.62284,0.00000,0.96000,-1.00000,0.00000,1.00000,0.00000,0.00000,17.00000,0.00000,1.06125,0.18000,1.00000,1.00000
65.46667,2.00000,0.00000,0.00000,-20.00000,0.00000,0.00000,0.00000,-0.00488,48.00000,0.00015,-0.00023,1.00155,0.00016,0.91686,0.00131,0.01457,1.00910,0.25410,1.00000,1.00000,0.14000,0.60164,0.05000,0.53823,0.00000,0.62599,0.00000,0.96000,-1.00000,0.00000,1.00000,0.00000,0.00000,17.00000,0.00000,1.06091,0.18000,1.00000,1.00000
65.50000,2.00000,0.00000,0.00000,-20.00000,0.00000,0.00000,0.00000,-0.00505,48.00000,-0.00032,0.00026,1.00113,0.00012,0.91704,0.00128,0.01060,1.00663,0.25298,1.00000,1.00000,0.14000,0.60119,0.05000,0.53871,0.00000,0.62914,0.00000,0.96000,-1.00000,0.00000,1.00000,0.00000,0.00000,17.00000,0.00000,1.06066,0.18000,1.00000,1.00000
65.53333,2.00000,0.00000,0.00000,-20.00000,0.00000,0.00000,0.00000,-0.00502,48.00000,0.00009,-0.00016,1.00082,0.00009,0.91734,0.00126,0.00772,1.00482,0.25217,1.00000,1.00000,0.14000,0.60087,0.05000,0.53906,0.00000,0.63228,0.00000,0.96000,-1.00000,0.00000,1.00000,0.00000,0.00000,17.00000,0.00000,1.06048,0.18000,1.00000,1.00000
65.56667,2.00000,0.00000,0.00000,-20.00000,0.00000,0.00000,0.00000,-0.00495,48.00000,0.00032,-0.00003,1.00060,0.00006,0.91773,0.00124,0.00562,1.00351,0.25158,1.00000,1.00000,0.14000,0.60063,0.05000,0.53932,0.00000,0.63543,0.00000,0.96000,-1.00000,0.00000,1.00000,0.00000,0.00000,17.00000,0.00000,1.06035,0.18000,1.00000,1.00000
65.60000,2.00000,0.00000,0.00000,-20.00000,0.00000,0.00000,0.00000,-0.00495,48.00000,-0.00053,0.00020,1.00043,0.00005,0.91819,0.00123,0.00409,1.00256,0.25115,1.00000,1.00000,0.14000,0.60046,0.05000,0.53950,0.00000,0.63858,0.00000,0.96000,-1.00000,0.00000,1.00000,0.00000,0.00000,17.00000,0.00000,1.06026,0.18000,1.00000,1.00000
65.63333,2.00000,0.00000,0.00000,-20.00000,0.00000,0.00000,0.00000,-0.00499,48.00000,0.00033,-0.00023,1.00032,0.00003,0.91869,0.00122,0.00298,1.00186,0.25084,1.00000,1.00000,0.14000,0.60034,0.05000,0.53964,0.00000,0.64173,0.00000,0.96000,-1.00000,0.00000,1.00000,0.00000,0.00000,17.00000,0.00000,1.06019,0.18000,1.00000,1.00000
65.66667,2.00000,0.00000,0.00000,-20.00000,0.00000,0.00000,0.00000,-0.00497,48.00000,0.00002,0.00010,1.00000,0.00000,0.91897,0.00120,0.00000,1.00000,0.25000,1.00000,1.00000,0.14000,0.60000,0.05000,0.54000,0.00000,0.64487,0.00000,0.96000,-1.00000,0.00000,1.00000,0.00000,0.00000,17.00000,0.00000,1.06000,0.18000,1.00000,1.00000
65.70000,2.00000,0.00000,0.00000,-20.00000,0.00000,0.00000,0.00000,-0.00493,48.00000,-0.00013,0.00002,1.00000,0.00000,0.91960,0.00120,0.00000,1.00000,0.25000,1.00000,1.00000,0.14000,0.60000,0.05000,0.54000,0.00000,0.64802,0.00000,0.96000,-1.00000,0.00000,1.00000,0.00000,0.00000,17.00000,0.00000,1.06000,0.18000,1.00000,1.00000
65.73333,2.00000,0.00000,0.00000,-20.00000,0.00000,0.00000,0.00000,-0.00379,48.00000,0.00020,-0.00047,1.01807,0.00191,0.93980,0.00267,0.17008,1.10630,0.29784,1.00000,1.00000,0.16909,0.61913,0.05000,0.51934,0.00000,0.65117,0.00000,0.96000,-1.00000,0.00000,1.00000,0.00000,0.00000,17.00000,0.00000,1.07063,0.18000,1.00000,1.00000
65.76667,2.00000,0.00000,0.00000,-20.00000,0.00000,0.00000,0.00000,-0.00329,48.00000,0.00058,0.00055,1.01316,0.00139,0.93512,0.00214,0.12382,1.07739,0.28482,1.00000,1.00000,0.14213,0.61393,0.05000,0.52496,0.00000,0.65432,0.00000,0.96000,-1.00000,0.00000,1.00000,0.00000,0.00000,17.00000,0.00000,1.06774,0.18000,1.00000,1.00000
65.80000,2.00000,0.00000,0.00000,-20.00000,0.00000,0.00000,0.00000,-0.00457,48.00000,-0.00084,-0.00031,1.00958,0.00101,0.93188,0.00188,0.09014,1.05634,0.27535,1.00000,1.00000,0.14000,0.61014,0.05000,0.52905,0.00000,0.65746,0.00000,0.96000,-1.00000,0.00000,1.00000,0.00000,0.00000,17.00000,0.00000,1.06563,0.18000,1.00000,1.00000
65.83333,2.00000,0.00000,0.00000,-20.00000,0.00000,0.00000,0.00000,-0.00535,48.00000,0.00042,-0.00004,1.00697,0.00074,0.92969,0.00169,0.06562,1.04101,0.26846,1.00000,1.00000,0.14000,0.60738,0.05000,0.53203,0.00000,0.66061,0.00000,0.96000,-1.00000,0.00000,1.00000,0.00000,0.00000,17.00000,0.00000,1.06410,0.18000,1.00000,1.00000
65.86667,2.00000,0.00000,0.00000,-20.00000,0.00000,0.00000,0.00000,-0.00494,48.00000,0.00024,0.00031,1.00508,0.00054,0.92826,0.00156,0.04777,1.02986,0.26344,1.00000,1.00000,0.14000,0.60537,0.05000,0.53420,0.00000,0.66376,0.00000,0.96000,-1.00000,0.00000,1.00000,0.00000,0.00000,17.00000,0.00000,1.06299,0.18000,1.00000,1.00000
65.90000,2.00000,0.00000,0.00000,-20.00000,0.00000,0.00000,0.00000,-0.00420,48.00000,-0.00054,-0.00036,1.00370,0.00039,0.92740,0.00146,0.03478,1.02174,0.25978,1.00000,1.00000,0.14000,0.60391,0.05000,0.53577,0.00000,0.66691,0.00000,0.96000,-1.00000,0.00000,1.00000,0.00000,0.00000,17.00000,0.00000,1.06217,0.18000,1.00000,1.00000
65.93333,2.00000,0.00000,0.00000,-20.00000,0.00000,0.00000,0.00000,-0.00392,48.00000,0.00022,0.00014,1.00269,0.00028,0.92693,0.00139,0.02532,1.01582,0.25712,1.00000,1.00000,0.14000,0.60285,0.05000,0.53692,0.00000,0.67005,0.00000,0.96000,-1.00000,0.00000,1.00000,0.00000,0.00000,17.00000,0.00000,1.06158,0.18000,1.00000,1.00000
65.96667,2.00000,0.00000,0.00000,-20.00000,0.00000,0.00000,0.00000,-0.00402,48.00000,0.00005,0.00001,1.00196,0.00021,0.92677,0.00134,0.01843,1.01152,0.25518,1.00000,1.00000,0.14000,0.60207,0.05000,0.53776,0.00000,0.67320,0.00000,0.96000,-1.00000,0.00000,1.00000,0.00000,0.00000,17.00000,0.00000,1.06115,0.18000,1.00000,1.00000
66.00000,2.00000,0.00000,0.00000,-20.00000,0.00000,0.00000,0.00000,-0.00405,48.00000,-0.00016,-0.00013,1.00143,0.00015,0.92682,0.00130,0.01342,1.00839,0.25377,1.00000,1.00000,0.14000,0.60151,0.05000,0.53837,0.00000,0.67635,0.00000,0.96000,-1.00000,0.00000,1.00000,0.00000,0.00000,17.00000,0.00000,1.06084,0.18000,1.00000,1.00000
66.03333,2.00000,0.00000,0.00000,-20.00000,0.00000,0.00000,0.00000,-0.00382,48.00000,0.00006,0.00016,1.00104,0.00011,0.92703,0.00127,0.00977,1.00611,0.25275,1.00000,1.00000,0.14000,0.60110,0.05000,0.53881,0.00000,0.67950,0.00000,0.96000,-1.00000,0.00000,1.00000,0.00000,0.00000,17.00000,0.00000,1.06061,0.18000,1.00000,1.00000
66.06667,2.00000,0.00000,0.00000,-20.00000,0.00000,0.00000,0.00000,-0.00350,48.00000,0.00023,-0.00014,1.00076,0.00008,0.92735,0.00209,0.00711,1.00444,0.25200,1.00000,1.00000,0.26475,0.60080,0.05000,0.53914,0.00000,0.68264,0.00000,0.96000,-1.00000,0.00000,1.00000,0.00000,0.00000,17.00000,0.00000,1.06044,0.18000,1.00000,1.00000
66.10000,2.00000,0.00000,0.00000,-20.00000,0.00000,0.00000,0.00000,-0.00326,48.00000,-0.00054,-0.00002,1.00055,0.00006,0.92776,0.00124,0.00518,1.00324,0.25146,1.00000,1.00000,0.14000,0.60058,0.05000,0.53937,0.00000,0.68579,0.00000,0.96000,-1.00000,0.00000,1.00000,0.00000,0.00000,17.00000,0.00000,1.06032,0.18000,1.00000,1.00000
66.13333,2.00000,0.00000,0.00000,-20.00000,0.00000,0.00000,0.00000,-0.00309,48.00000,0.00036,0.00020,1.00040,0.00004,0.92822,0.00123,0.00377,1.00236,0.25106,1.00000,1.00000,0.14000,0.60042,0.05000,0.53954,0.00000,0.68894,0.00000,0.96000,-1.00000,0.00000,1.00000,0.00000,0.00000,17.00000,0.00000,1.06024,0.18000,1.00000,1.00000
66.16667,2.00000,0.00000,0.00000,-20.00000,0.00000,0.00000,0.00000,-0.00291,48.00000,0.00001,-0.00029,1.00029,0.00003,0.92874,0.00122,0.00274,1.00171,0.25077,1.00000,1.00000,0.14000,0.60031,0.05000,0.53967,0.00000,0.69209,0.00000,0.96000,-1.00000,0.00000,1.00000,0.00000,0.00000,17.00000,0.00000,1.06017,0.18000,1.00000,1.00000
66.20000,2.00000,0.00000,0.00000,-20.00000,0.00000,0.00000,0.00000,-0.00264,48.00000,-0.00027,0.00020,1.00000,0.00000,0.92905,0.00120,0.00000,1.00000,0.25000,1.00000,1.00000,0.14005,0.60000,0.05000,0.54000,0.00000,0.69523,0.00000,0.96000,-1.00000,0.00000,1.00000,0.00000,0.00000,17.00000,0.00000,1.06000,0.18000,1.00000,1.00000
66.23333,2.00000,0.00000,0.00000,-20.00000,0.00000,0.00000,0.00000,-0.00240,48.00000,0.00014,0.00001,1.00000,0.00000,0.92968,0.00120,0.00000,1.00000,0.25000,1.00000,1.00000,0.14000,0.60000,0.05000,0.54000,0.00000,0.69838,0.00000,0.96000,-1.00000,0.00000,1.00000,0.00000,0.00000,17.00000,0.00000,1.06000,0.18000,1.00000,1.00000
66.26667,2.00000,0.00000,0.00000,-20.00000,0.00000,0.00000,0.00000,-0.00051,48.00000,0.00048,-0.00047,1.01407,0.00149,0.94570,0.00219,0.13240,1.08275,0.28724,1.00000,1.00000,0.14000,0.61489,0.05000,0.52391,0.00000,0.70153,0.00000,0.96000,-1.00000,0.00000,1.00000,0.00000,0.00000,17.00000,0.00000,1.06827,0.18000,1.00000,1.00000
66.30000,2.00000,0.00000,0.00000,-20.00000,0.00000,0.00000,0.00000,-0.00133,48.00000,-0.00081,0.00056,1.01024,0.00108,0.94215,0.00192,0.09639,1.06024,0.27711,1.00000,1.00000,0.14000,0.61084,0.05000,0.52829,0.00000,0.70468,0.00000,0.96000,-1.00000,0.00000,1.00000,0.00000,0.00000,17.00000,0.00000,1.06602,0.18000,1.00000,1.00000
66.33333,2.00000,0.00000,0.00000,-20.00000,0.00000,0.00000,0.00000,-0.00222,48.00000,0.00041,-0.00033,1.00746,0.00079,0.93974,0.00173,0.07017,1.04386,0.26974,1.00000,1.00000,0.14000,0.60789,0.05000,0.53147,0.00000,0.70782,0.00000,0.96000,-1.00000,0.00000,1.00000,0.00000,0.00000,17.00000,0.00000,1.06439,0.18000,1.00000,1.00000
66.36667,2.00000,0.00000,0.00000,-20.00000,0.00000,0.00000,0.00000,-0.00194,48.00000,0.00023,-0.00001,1.00543,0.00057,0.93815,0.00158,0.05108,1.03193,0.26437,1.00000,1.00000,0.14000,0.60575,0.05000,0.53379,0.00000,0.71097,0.00000,0.96000,-1.00000,0.00000,1.00000,0.00000,0.00000,17.00000,0.00000,1.06319,0.18000,1.00000,1.00000
66.40000,2.00000,0.00000,0.00000,-20.00000,0.00000,0.00000,0.00000,-0.00104,48.00000,-0.00056,0.00027,1.00395,0.00042,0.93716,0.00151,0.03719,1.02324,0.26046,1.00000,1.00000,0.14536,0.60418,0.05000,0.53548,0.00000,0.71412,0.00000,0.96000,-1.00000,0.00000,1.00000,0.00000,0.00000,17.00000,0.00000,1.06232,0.18000,1.00000,1.00000
66.43333,2.00000,0.00000,0.00000,-20.00000,0.00000,0.00000,0.00000,-0.00047,48.00000,0.00041,-0.00037,1.00288,0.00030,0.93661,0.00140,0.02707,1.01692,0.25761,1.00000,1.00000,0.14000,0.60305,0.05000,0.53671,0.00000,0.71726,0.00000,0.96000,-1.00000,0.00000,1.00000,0.00000,0.00000,17.00000,0.00000,1.06169,0.18000,1.00000,1.00000
66.46667,2.00000,0.00000,0.00000,-20.00000,0.00000,0.00000,0.00000,-0.00038,48.00000,0.00002,0.00024,1.00209,0.00022,0.93638,0.00135,0.01971,1.01232,0.25554,1.00000,1.00000,0.14000,0.60222,0.05000,0.53761,0.00000,0.72041,0.00000,0.96000,-1.00000,0.00000,1.00000,0.00000,0.00000,17.00000,0.00000,1.06123,0.18000,1.00000,1.00000
66.50000,2.00000,0.00000,0.00000,-20.00000,0.00000,0.00000,0.00000,-0.00034,48.00000,-0.00029,-0.00000,1.00152,0.00016,0.93639,0.00133,0.01435,1.00897,0.25404,1.00000,1.00000,0.14273,0.60161,0.05000,0.53826,0.00000,0.72356,0.00000,0.96000,-1.00000,0.00000,1.00000,0.00000,0.00000,17.00000,0.00000,1.06090,0.18000,1.00000,1.00000
66.53333,2.00000,0.00000,0.00000,-20.00000,0.00000,0.00000,0.00000,-0.00008,48.00000,0.00013,-0.00026,1.00111,0.00012,0.93656,0.00128,0.01045,1.00653,0.25294,1.00000,1.00000,0.14060,0.60118,0.05000,0.53873,0.00000,0.72671,0.00000,0.96000,-1.00000,0.00000,1.00000,0.00000,0.00000,17.00000,0.00000,1.06065,0.18000,1.00000,1.00000
66.56667,2.00000,0.00000,0.00000,-20.00000,0.00000,0.00000,0.00000,0.00033,48.00000,0.00030,0.00034,1.00081,0.00009,0.93686,0.00128,0.00760,1.00475,0.25214,1.00000,1.00000,0.14369,0.60086,0.05000,0.53908,0.00000,0.72985,0.00000,0.96000,-1.00000,0.00000,1.00000,0.00000,0.00000,17.00000,0.00000,1.06048,0.18000,1.00000,1.00000
66.60000,2.00000,0.00000,0.00000,-20.00000,0.00000,0.00000,0.00000,0.00068,48.00000,-0.00057,-0.00025,1.00059,0.00006,0.93725,0.00126,0.00554,1.00346,0.25156,1.00000,1.00000,0.14343,0.60062,0.05000,0.53933,0.00000,0.73300,0.00000,0.96000,-1.00000,0.00000,1.00000,0.00000,0.00000,17.00000,0.00000,1.06035,0.18000,1.00000,1.00000
66.63333,2.00000,0.00000,0.00000,-20.00000,0.00000,0.00000,0.00000,0.00092,48.00000,0.00039,0.00001,1.00043,0.00005,0.93770,0.00129,0.00403,1.00252,0.25113,1.00000,1.00000,0.14858,0.60045,0.05000,0.53951,0.00000,0.73615,0.00000,0.96000,-1.00000,0.00000,1.00000,0.00000,0.00000,17.00000,0.00000,1.06025,0.18000,1.00000,1.00000
66.66667,2.00000,0.00000,0.00000,-20.00000,0.00000,0.00000,0.00000,0.00115,48.00000,-0.00000,0.00022,1.00031,0.00003,0.93820,0.00122,0.00293,1.00183,0.25083,1.00000,1.00000,0.14000,0.60033,0.05000,0.53964,0.00000,0.73930,0.00000,0.96000,-1.00000,0.00000,1.00000,0.00000,0.00000,17.00000,0.00000,1.06018,0.18000,1.00000,1.00000
66.70000,2.00000,0.00000,0.00000,-20.00000,0.00000,0.00000,0.00000,0.00142,48.00000,-0.00030,-0.00035,1.00023,0.00002,0.93874,0.00122,0.00214,1.00133,0.25060,1.00000,1.00000,0.14000,0.60024,0.05000,0.53974,0.00000,0.74244,0.00000,0.96000,-1.00000,0.00000,1.00000,0.00000,0.00000,17.00000,0.00000,1.06013,0.18000,1.00000,1.00000
66.73333,2.00000,0.00000,0.00000,-20.00000,0.00000,0.00000,0.00000,0.00171,48.00000,0.00021,0.00026,1.00000,0.00000,0.93912,0.00120,0.00000,1.00000,0.25000,1.00000,1.00000,0.14000,0.60000,0.05000,0.54000,0.00000,0.74559,0.00000,0.96000,-1.00000,0.00000,1.00000,0.00000,0.00000,17.00000,0.00000,1.06000,0.18000,1.00000,1.00000
66.76667,2.00000,0.00000,0.00000,-20.00000,0.00000,0.00000,0.00000,0.00197,48.00000,0.00015,-0.00003,1.00000,0.00000,0.93975,0.00120,0.00000,1.00000,0.25000,1.00000,1.00000,0.14000,0.60000,0.05000,0.54000,0.00000,0.74874,0.00000,0.96000,-1.00000,0.00000,1.00000,0.00000,0.00000,17.00000,0.00000,1.06000,0.18000,1.00000,1.00000
66.80000,2.00000,0.00000,0.00000,-20.00000,0.00000,0.00000,0.00000,0.00364,48.00000,-0.00079,-0.00044,1.01617,0.00171,0.95827,0.00234,0.15219,1.09512,0.29280,1.00000,1.00000,0.14000,0.61712,0.05000,0.52151,0.00000,0.75189,0.00000,0.96000,-1.00000,0.00000,1.00000,0.00000,0.00000,17.00000,0.00000,1.06951,0.18000,1.00000,1.00000
66.83333,2.00000,0.00000,0.00000,-20.00000,0.00000,0.00000,0.00000,0.00194,48.00000,0.00026,0.00036,1.01177,0.00125,0.95404,0.00203,0.11080,1.06925,0.28116,1.00000,1.00000,0.14000,0.61246,0.05000,0.52654,0.00000,0.75503,0.00000,0.96000,-1.00000,0.00000,1.00000,0.00000,0.00000,17.00000,0.00000,1.06692,0.18000,1.00000,1.00000
66.86667,2.00000,0.00000,0.00000,-20.00000,0.00000,0.00000,0.00000,0.00172,48.00000,0.00015,-0.00023,1.00857,0.00091,0.95113,0.00180,0.08066,1.05041,0.27269,1.00000,1.00000,0.14000,0.60907,0.05000,0.53020,0.00000,0.75818,0.00000,0.96000,-1.00000,0.00000,1.00000,0.00000,0.00000,17.00000,0.00000,1.06504,0.18000,1.00000,1.00000
66.90000,2.00000,0.00000,0.00000,-20.00000,0.00000,0.00000,0.00000,0.00276,48.00000,-0.00037,0.00003,1.00624,0.00066,0.94918,0.00164,0.05872,1.03670,0.26651,1.00000,1.00000,0.14000,0.60661,0.05000,0.53287,0.00000,0.76133,0.00000,0.96000,-1.00000,0.00000,1.00000,0.00000,0.00000,17.00000,0.00000,1.06367,0.18000,1.00000,1.00000
66.93333,2.00000,0.00000,0.00000,-20.00000,0.00000,0.00000,0.00000,0.00362,48.00000,0.00028,0.00015,1.00454,0.00048,0.94793,0.00152,0.04275,1.02672,0.26202,1.00000,1.00000,0.14000,0.60481,0.05000,0.53481,0.00000,0.76448,0.00000,0.96000,-1.00000,0.00000,1.00000,0.00000,0.00000,17.00000,0.00000,1.06267,0.18000,1.00000,1.00000
66.96667,2.00000,0.00000,0.00000,-20.00000,0.00000,0.00000,0.00000,0.00371,48.00000,-0.00004,-0.00041,1.00331,0.00035,0.94719,0.00143,0.03112,1.01945,0.25875,1.00000,1.00000,0.14000,0.60350,0.05000,0.53622,0.00000,0.76762,0.00000,0.96000,-1.00000,0.00000,1.00000,0.00000,0.00000,17.00000,0.00000,1.06194,0.18000,1.00000,1.00000
67.00000,2.00000,0.00000,0.00000,-20.00000,0.00000,0.00000,0.00000,0.00352,48.00000,-0.00027,0.00033,1.00241,0.00025,0.94683,0.00138,0.02266,1.01416,0.25637,1.00000,1.00000,0.14127,0.60255,0.05000,0.53725,0.00000,0.77077,0.00000,0.96000,-1.00000,0.00000,1.00000,0.00000,0.00000,17.00000,0.00000,1.06142,0.18000,1.00000,1.00000
67.03333,2.00000,0.00000,0.00000,-20.00000,0.00000,0.00000,0.00000,0.00358,48.00000,0.00015,-0.00006,1.00175,0.00019,0.94673,0.00135,0.01649,1.01031,0.25464,1.00000,1.00000,0.14351,0.60186,0.05000,0.53800,0.00000,0.77392,0.00000,0.96000,-1.00000,0.00000,1.00000,0.00000,0.00000,17.00000,0.00000,1.06103,0.18000,1.00000,1.00000
67.06667,2.00000,0.00000,0.00000,-20.00000,0.00000,0.00000,0.00000,0.00391,48.00000,0.00027,-0.00023,1.00128,0.00014,0.94683,0.00130,0.01201,1.00750,0.25338,1.00000,1.00000,0.14190,0.60135,0.05000,0.53854,0.00000,0.77707,0.00000,0.96000,-1.00000,0.00000,1.00000,0.00000,0.00000,17.00000,0.00000,1.06075,0.18000,1.00000,1.00000
67.10000,2.00000,0.00000,0.00000,-20.00000,0.00000,0.00000,0.00000,0.00421,48.00000,-0.00055,0.00038,1.00093,0.00010,0.94708,0.00127,0.00874,1.00546,0.25246,1.00000,1.00000,0.14000,0.60098,0.05000,0.53894,0.00000,0.78021,0.00000,0.96000,-1.00000,0.00000,1.00000,0.00000,0.00000,17.00000,0.00000,1.06055,0.18000,1.00000,1.00000
67.13333,2.00000,0.00000,0.00000,-20.00000,0.00000,0.00000,0.00000,0.00435,48.00000,0.00043,-0.00031,1.00068,0.00007,0.94743,0.00125,0.00636,1.00398,0.25179,1.00000,1.00000,0.14000,0.60072,0.05000,0.53923,0.00000,0.78336,0.00000,0.96000,-1.00000,0.00000,1.00000,0.00000,0.00000,17.00000,0.00000,1.06040,0.18000,1.00000,1.00000
67.16667,2.00000,0.00000,0.00000,-20.00000,0.00000,0.00000,0.00000,0.00441,48.00000,-0.00001,0.00008,1.00049,0.00005,0.94785,0.00127,0.00463,1.00290,0.25130,1.00000,1.00000,0.14567,0.60052,0.05000,0.53944,0.00000,0.78651,0.00000,0.96000,-1.00000,0.00000,1.00000,0.00000,0.00000,17.00000,0.00000,1.06029,0.18000,1.00000,1.00000
67.20000,2.00000,0.00000,0.00000,-20.00000,0.00000,0.00000,0.00000,0.00451,48.00000,-0.00031,0.00020,1.00036,0.00004,0.94833,0.00123,0.00337,1.00211,0.25095,1.00000,1.00000,0.14000,0.60038,0.05000,0.53959,0.00000,0.78965,0.00000,0.96000,-1.00000,0.00000,1.00000,0.00000,0.00000,17.00000,0.00000,1.06021,0.18000,1.00000,1.00000
67.23333,2.00000,0.00000,0.00000,-20.00000,0.00000,0.00000,0.00000,0.00466,48.00000,0.00025,-0.00036,1.00000,0.00000,0.94856,0.00120,0.00000,1.00000,0.25000,1.00000,1.00000,0.14000,0.60000,0.05000,0.54000,0.00000,0.79280,0.00000,0.96000,-1.00000,0.00000,1.00000,0.00000,0.00000,17.00000,0.00000,1.06000,0.18000,1.00000,1.00000
67.26667,2.00000,0.00000,0.00000,-20.00000,0.00000,0.00000,0.00000,0.00475,48.00000,0.00009,0.00032,1.00000,0.00000,0.94919,0.00120,0.00000,1.00000,0.25000,1.00000,1.00000,0.14000,0.60000,0.05000,0.54000,0.00000,0.79595,0.00000,0.96000,-1.00000,0.00000,1.00000,0.00000,0.00000,17.00000,0.00000,1.06000,0.18000,1.00000,1.00000
67.30000,2.00000,0.00000,0.00000,-20.00000,0.00000,0.00000,0.00000,0.00483,48.00000,-0.00034,-0.00009,1.00000,0.00000,0.94982,0.00120,0.00000,1.00000,0.25000,1.00000,1.00000,0.14000,0.60000,0.05000,0.54000,0.00000,0.79910,0.00000,0.96000,-1.00000,0.00000,1.00000,0.00000,0.00000,17.00000,0.00000,1.06000,0.18000,1.00000,1.00000
67.33333,2.00000,0.00000,0.00000,-20.00000,0.00000,0.00000,0.00000,0.00481,48.00000,0.00046,-0.00038,1.01545,0.00164,0.96772,0.00229,0.14537,1.09086,0.29089,1.00000,1.00000,0.14000,0.61635,0.05000,0.52234,0.00000,0.80224,0.00000,0.96000,-1.00000,0.00000,1.00000,0.00000,0.00000,17.00000,0.00000,1.06909,0.18000,1.00000,1.00000
67.36667,2.00000,0.00000,0.00000,-20.00000,0.00000,0.00000,0.00000,0.00368,48.00000,0.00017,0.00038,1.01124,0.00119,0.96366,0.00199,0.10583,1.06614,0.27976,1.00000,1.00000,0.14000,0.61191,0.05000,0.52714,0.00000,0.80539,0.00000,0.96000,-1.00000,0.00000,1.00000,0.00000,0.00000,17.00000,0.00000,1.06661,0.18000,1.00000,1.00000
67.40000,2.00000,0.00000,0.00000,-20.00000,0.00000,0.00000,0.00000,0.00442,48.00000,-0.00042,-0.00029,1.00819,0.00087,0.96087,0.00178,0.07704,1.04815,0.27167,1.00000,1.00000,0.14000,0.60867,0.05000,0.53064,0.00000,0.80854,0.00000,0.96000,-1.00000,0.00000,1.00000,0.00000,0.00000,17.00000,0.00000,1.06482,0.18000,1.00000,1.00000
67.43333,2.00000,0.00000,0.00000,-20.00000,0.00000,0.00000,0.00000,0.00540,48.00000,0.00034,0.00008,1.00596,0.00063,0.95901,0.00162,0.05609,1.03505,0.26577,1.00000,1.00000,0.14000,0.60631,0.05000,0.53319,0.00000,0.81169,0.00000,0.96000,-1.00000,0.00000,1.00000,0.00000,0.00000,17.00000,0.00000,1.06351,0.18000,1.00000,1.00000
67.46667,2.00000,0.00000,0.00000,-20.00000,0.00000,0.00000,0.00000,0.00549,48.00000,-0.00007,0.00015,1.00434,0.00046,0.95783,0.00196,0.04083,1.02552,0.26148,1.00000,1.00000,0.20703,0.60459,0.05000,0.53504,0.00000,0.81483,0.00000,0.96000,-1.00000,0.00000,1.00000,0.00000,0.00000,17.00000,0.00000,1.06255,0.18000,1.00000,1.00000
67.50000,2.00000,0.00000,0.00000,-20.00000,0.00000,0.00000,0.00000,0.00501,48.00000,-0.00022,-0.00037,1.00316,0.00033,0.95714,0.00161,0.02972,1.01858,0.25836,1.00000,1.00000,0.16725,0.60334,0.05000,0.53639,0.00000,0.81798,0.00000,0.96000,-1.00000,0.00000,1.00000,0.00000,0.00000,17.00000,0.00000,1.06186,0.18000,1.00000,1.00000
67.53333,2.00000,0.00000,0.00000,-20.00000,0.00000,0.00000,0.00000,0.00470,48.00000,0.00017,0.00039,1.00230,0.00024,0.95681,0.00136,0.02164,1.01352,0.25609,1.00000,1.00000,0.14000,0.60243,0.05000,0.53737,0.00000,0.82113,0.00000,0.96000,-1.00000,0.00000,1.00000,0.00000,0.00000,17.00000,0.00000,1.06135,0.18000,1.00000,1.00000
67.56667,2.00000,0.00000,0.00000,-20.00000,0.00000,0.00000,0.00000,0.00477,48.00000,0.00024,-0.00015,1.00167,0.00018,0.95674,0.00132,0.01575,1.00985,0.25443,1.00000,1.00000,0.14000,0.60177,0.05000,0.53809,0.00000,0.82428,0.00000,0.96000,-1.00000,0.00000,1.00000,0.00000,0.00000,17.00000,0.00000,1.06098,0.18000,1.00000,1.00000
67.60000,2.00000,0.00000,0.00000,-20.00000,0.00000,0.00000,0.00000,0.00491,48.00000,-0.00057,-0.00020,1.00122,0.00013,0.95685,0.00130,0.01147,1.00717,0.25323,1.00000,1.00000,0.14164,0.60129,0.05000,0.53861,0.00000,0.82742,0.00000,0.96000,-1.00000,0.00000,1.00000,0.00000,0.00000,17.00000,0.00000,1.06072,0.18000,1.00000,1.00000
67.63333,2.00000,0.00000,0.00000,-20.00000,0.00000,0.00000,0.00000,0.00487,48.00000,0.00045,0.00041,1.00089,0.00009,0.95711,0.00127,0.00835,1.00522,0.25235,1.00000,1.00000,0.14166,0.60094,0.05000,0.53899,0.00000,0.83057,0.00000,0.96000,-1.00000,0.00000,1.00000,0.00000,0.00000,17.00000,0.00000,1.06052,0.18000,1.00000,1.00000
67.66667,2.00000,0.00000,0.00000,-20.00000,0.00000,0.00000,0.00000,0.00468,48.00000,-0.00001,-0.00036,1.00065,0.00007,0.95747,0.00125,0.00608,1.00380,0.25171,1.00000,1.00000,0.14000,0.60068,0.05000,0.53926,0.00000,0.83372,0.00000,0.96000,-1.00000,0.00000,1.00000,0.00000,0.00000,17.00000,0.00000,1.06038,0.18000,1.00000,1.00000
67.70000,2.00000,0.00000,0.00000,-20.00000,0.00000,0.00000,0.00000,0.00451,48.00000,-0.00033,0.00015,1.00047,0.00005,0.95790,0.00123,0.00442,1.00277,0.25124,1.00000,1.00000,0.14000,0.60050,0.05000,0.53946,0.00000,0.83687,0.00000,0.96000,-1.00000,0.00000,1.00000,0.00000,0.00000,17.00000,0.00000,1.06028,0.18000,1.00000,1.00000
67.73333,2.00000,0.00000,0.00000,-20.00000,0.00000,0.00000,0.00000,0.00441,48.00000,0.00032,0.00016,1.00034,0.00004,0.95839,0.00122,0.00322,1.00201,0.25091,1.00000,1.00000,0.14000,0.60036,0.05000,0.53961,0.00000,0.84001,0.00000,0.96000,-1.00000,0.00000,1.00000,0.00000,0.00000,17.00000,0.00000,1.06020,0.18000,1.00000,1.00000
67.76667,2.00000,0.00000,0.00000,-20.00000,0.00000,0.00000,0.00000,0.00430,48.00000,0.00002,-0.00036,1.00000,0.00000,0.95863,0.00120,0.00000,1.00000,0.25000,1.00000,1.00000,0.14000,0.60000,0.05000,0.54000,0.00000,0.84316,0.00000,0.96000,-1.00000,0.00000,1.00000,0.00000,0.00000,17.00000,0.00000,1.06000,0.18000,1.00000,1.00000
67.80000,2.00000,0.00000,0.00000,-20.00000,0.00000,0.00000,0.00000,0.00415,48.00000,-0.00028,0.00035,1.00000,0.00000,0.95926,0.00121,0.00000,1.00000,0.25000,1.00000,1.00000,0.14143,0.60000,0.05000,0.54000,0.00000,0.84631,0.00000,0.96000,-1.00000,0.00000,1.00000,0.00000,0.00000,17.00000,0.00000,1.06000,0.18000,1.00000,1.00000
67.83333,2.00000,0.00000,0.00000,-20.00000,0.00000,0.00000,0.00000,0.00398,48.00000,0.00020,-0.00015,1.00000,0.00000,0.95989,0.00120,0.00000,1.00000,0.25000,1.00000,1.00000,0.14000,0.60000,0.05000,0.54000,0.00000,0.84946,0.00000,0.96000,-1.00000,0.00000,1.00000,0.00000,0.00000,17.00000,0.00000,1.06000,0.18000,1.00000,1.00000
67.86667,2.00000,0.00000,0.00000,-20.00000,0.00000,0.00000,0.00000,0.00292,48.00000,0.00045,-0.00040,1.01968,0.00313,0.98342,0.00259,0.18519,1.11574,0.30208,1.00000,1.00000,0.14000,0.68603,0.02800,0.47917,0.00000,0.85456,0.00000,1.02000,-1.00000,0.00000,1.00000,0.00000,0.00000,17.00000,0.00000,1.07157,0.18000,1.00000,1.00000
67.90000,2.00000,0.00000,0.00000,-20.00000,0.00000,0.00000,0.00000,0.00334,48.00000,-0.00088,0.00067,1.01437,0.00228,0.97881,0.00222,0.13482,1.08426,0.28792,1.00000,1.00000,0.14000,0.68349,0.02800,0.48483,0.00000,0.86006,0.00000,1.02000,-1.00000,0.00000,1.00000,0.00000,0.00000,17.00000,0.00000,1.06843,0.18000,1.00000,1.00000
67.93333,2.00000,0.00000,0.00000,-20.00000,0.00000,0.00000,0.00000,0.00560,48.00000,0.00068,-0.00058,1.01053,0.00166,0.97583,0.00196,0.09815,1.06134,0.27760,1.00000,1.00000,0.14000,0.68261,0.02800,0.48896,0.00000,0.86557,0.00000,1.02000,-1.00000,0.00000,1.00000,0.00000,0.00000,17.00000,0.00000,1.06613,0.18000,1.00000,1.00000
67.96667,2.00000,0.00000,0.00000,-20.00000,0.00000,0.00000,0.00000,0.00614,48.00000,-0.00015,0.00024,1.00777,0.00121,0.97404,0.00177,0.07145,1.04466,0.27010,1.00000,1.00000,0.14000,0.68294,0.02800,0.49196,0.00000,0.87108,0.00000,1.02000,-1.00000,0.00000,1.00000,0.00000,0.00000,17.00000,0.00000,1.06447,0.18000,1.00000,1.00000
68.00000,2.00000,0.00000,0.00000,-20.00000,0.00000,0.00000,0.00000,0.00487,48.00000,-0.00031,0.00018,1.00582,0.00088,0.97312,0.00335,0.05202,1.03251,0.26463,1.00000,1.00000,0.30825,0.68416,0.02800,0.49415,0.00000,0.87659,0.00000,1.02000,-1.00000,0.00000,1.00000,0.00000,0.00000,17.00000,0.00000,1.06325,0.18000,1.00000,1.00000
68.03333,2.00000,0.00000,0.00000,-20.00000,0.00000,0.00000,0.00000,0.00361,48.00000,0.00034,-0.00070,1.00444,0.00064,0.97284,0.00160,0.03787,1.02367,0.26065,1.00000,1.00000,0.14338,0.68602,0.02800,0.49574,0.00000,0.88210,0.00000,1.02000,-1.00000,0.00000,1.00000,0.00000,0.00000,17.00000,0.00000,1.06237,0.18000,1.00000,1.00000
68.06667,2.00000,0.00000,0.00000,-20.00000,0.00000,0.00000,0.00000,0.00330,48.00000,0.00030,0.00082,1.00351,0.00047,0.97301,0.00152,0.02757,1.01723,0.25775,1.00000,1.00000,0.14000,0.68836,0.02800,0.49690,0.00000,0.88760,0.00000,1.02000,-1.00000,0.00000,1.00000,0.00000,0.00000,17.00000,0.00000,1.06172,0.18000,1.00000,1.00000
68.10000,2.00000,0.00000,0.00000,-20.00000,0.00000,0.00000,0.00000,0.00344,48.00000,-0.00075,-0.00036,1.00289,0.00034,0.97352,0.00150,0.02007,1.01254,0.25564,1.00000,1.00000,0.14000,0.69104,0.02800,0.49774,0.00000,0.89311,0.00000,1.02000,-1.00000,0.00000,1.00000,0.00000,0.00000,17.00000,0.00000,1.06125,0.18000,1.00000,1.00000
68.13333,2.00000,0.00000,0.00000,-20.00000,0.00000,0.00000,0.00000,0.00327,48.00000,0.00045,-0.00012,1.00252,0.00025,0.97428,0.00150,0.01461,1.00913,0.25411,1.00000,1.00000,0.14000,0.69398,0.02800,0.49836,0.00000,0.89862,0.00000,1.02000,-1.00000,0.00000,1.00000,0.00000,0.00000,17.00000,0.00000,1.06091,0.18000,1.00000,1.00000
68.16667,2.00000,0.00000,0.00000,-20.00000,0.00000,0.00000,0.00000,0.00271,48.00000,-0.00001,0.00032,1.00233,0.00018,0.97521,0.00152,0.01315,1.00665,0.25299,1.00000,1.00000,0.14000,0.69711,0.02800,0.49880,0.00000,0.90413,0.00000,1.02000,-1.00000,0.00000,1.00000,0.00000,0.00000,17.00000,0.00000,1.06066,0.18000,1.00000,1.00000
68.20000,2.00000,0.00000,0.00000,-20.00000,0.00000,0.00000,0.00000,0.00212,48.00000,-0.00049,-0.00061,1.00227,0.00013,0.97628,0.00167,0.01597,1.00484,0.25218,1.00000,1.00000,0.15222,0.70038,0.02800,0.49913,0.00000,0.90964,0.00000,1.02000,-1.00000,0.00000,1.00000,0.00000,0.00000,17.00000,0.00000,1.06048,0.18000,1.00000,1.00000
68.23333,2.00000,0.00000,0.00000,-20.00000,0.00000,0.00000,0.00000,0.00170,48.00000,0.00060,0.00040,1.00233,0.00010,0.97744,0.00159,0.01905,1.00352,0.25159,1.00000,1.00000,0.14000,0.70374,0.02800,0.49937,0.00000,0.91514,0.00000,1.02000,-1.00000,0.00000,1.00000,0.00000,0.00000,17.00000,0.00000,1.06035,0.18000,1.00000,1.00000
68.26667,2.00000,0.00000,0.00000,-20.00000,0.00000,0.00000,0.00000,0.00139,48.00000,-0.00008,0.00014,1.00247,0.00007,0.97867,0.00164,0.02241,1.00256,0.25115,1.00000,1.00000,0.14000,0.70717,0.02800,0.49954,0.00000,0.92065,0.00000,1.02000,-1.00000,0.00000,1.00000,0.00000,0.00000,17.00000,0.00000,1.06026,0.18000,1.00000,1.00000
68.30000,2.00000,0.00000,0.00000,-20.00000,0.00000,0.00000,0.00000,0.00096,48.00000,-0.00039,-0.00057,1.00237,0.00000,0.97958,0.00167,0.02604,1.00000,0.25000,1.00000,1.00000,0.14000,0.71027,0.02800,0.50000,0.00000,0.92616,0.00000,1.02000,-1.00000,0.00000,1.00000,0.00000,0.00000,17.00000,0.00000,1.06000,0.18000,1.00000,1.00000
68.33333,2.00000,0.00000,0.00000,-20.00000,0.00000,0.00000,0.00000,0.00054,48.00000,0.00031,0.00064,1.00272,0.00000,0.98100,0.00174,0.02995,1.00000,0.25000,1.00000,1.00000,0.14000,0.71390,0.02800,0.50000,0.00000,0.93167,0.00000,1.02000,-1.00000,0.00000,1.00000,0.00000,0.00000,17.00000,0.00000,1.06000,0.18000,1.00000,1.00000
68.36667,2.00000,0.00000,0.00000,-20.00000,0.00000,0.00000,0.00000,0.00012,48.00000,0.00020,-0.00036,1.00310,0.00000,0.98242,0.00182,0.03412,1.00000,0.25000,1.00000,1.00000,0.14000,0.71754,0.02800,0.50000,0.00000,0.93718,0.00000,1.02000,-1.00000,0.00000,1.00000,0.00000,0.00000,17.00000,0.00000,1.06000,0.18000,1.00000,1.00000
68.40000,2.00000,0.00000,0.00000,-20.00000,0.00000,0.00000,0.00000,-0.00341,48.00000,-0.00177,-0.00023,1.02161,0.00288,1.00479,0.00318,0.17042,1.10651,0.29793,1.00000,1.00000,0.14000,0.74422,0.02800,0.48083,0.00000,0.94268,0.00000,1.02000,-1.00000,0.00000,1.00000,0.00000,0.00000,17.00000,0.00000,1.07065,0.18000,1.00000,1.00000
68.43333,2.00000,0.00000,0.00000,-20.00000,0.00000,0.00000,0.00000,-0.00094,48.00000,0.00156,0.00114,1.01712,0.00209,1.00053,0.00292,0.12406,1.07754,0.28489,1.00000,1.00000,0.14000,0.74167,0.02800,0.48604,0.00000,0.94819,0.00000,1.02000,-1.00000,0.00000,1.00000,0.00000,0.00000,17.00000,0.00000,1.06775,0.18000,1.00000,1.00000
68.46667,2.00000,0.00000,0.00000,-20.00000,0.00000,0.00000,0.00000,0.00039,48.00000,-0.00036,-0.00109,1.01399,0.00152,0.99780,0.00276,0.09032,1.05645,0.27540,1.00000,1.00000,0.14000,0.74078,0.02800,0.48984,0.00000,0.95370,0.00000,1.02000,-1.00000,0.00000,1.00000,0.00000,0.00000,17.00000,0.00000,1.06564,0.18000,1.00000,1.00000
68.50000,2.00000,0.00000,0.00000,-20.00000,0.00000,0.00000,0.00000,-0.00072,48.00000,-0.00028,0.00040,1.01185,0.00111,0.99620,0.00267,0.06575,1.04109,0.26849,1.00000,1.00000,0.14000,0.74110,0.02800,0.49260,0.00000,0.95921,0.00000,1.02000,-1.00000,0.00000,1.00000,0.00000,0.00000,17.00000,0.00000,1.06411,0.18000,1.00000,1.00000
68.53333,2.00000,0.00000,0.00000,-20.00000,0.00000,0.00000,0.00000,-0.00239,48.00000,0.00027,0.00005,1.01046,0.00081,0.99542,0.00263,0.05909,1.02992,0.26346,1.00000,1.00000,0.14000,0.74232,0.02800,0.49462,0.00000,0.96472,0.00000,1.02000,-1.00000,0.00000,1.00000,0.00000,0.00000,17.00000,0.00000,1.06299,0.18000,1.00000,1.00000
68.56667,2.00000,0.00000,0.00000,-20.00000,0.00000,0.00000,0.00000,-0.00304,48.00000,0.00016,-0.00062,1.00960,0.00059,0.99523,0.00267,0.06490,1.02178,0.25980,1.00000,1.00000,0.14260,0.74418,0.02800,0.49608,0.00000,0.97022,0.00000,1.02000,-1.00000,0.00000,1.00000,0.00000,0.00000,17.00000,0.00000,1.06218,0.18000,1.00000,1.00000
68.60000,2.00000,0.00000,0.00000,-20.00000,0.00000,0.00000,0.00000,-0.00289,48.00000,-0.00075,0.00085,1.00915,0.00043,0.99548,0.00268,0.07098,1.01585,0.25713,1.00000,1.00000,0.14000,0.74652,0.02800,0.49715,0.00000,0.97573,0.00000,1.02000,-1.00000,0.00000,1.00000,0.00000,0.00000,17.00000,0.00000,1.06159,0.18000,1.00000,1.00000
68.63333,2.00000,0.00000,0.00000,-20.00000,0.00000,0.00000,0.00000,-0.00288,48.00000,0.00063,-0.00052,1.00899,0.00031,0.99604,0.00274,0.07733,1.01154,0.25519,1.00000,1.00000,0.14000,0.74920,0.02800,0.49792,0.00000,0.98124,0.00000,1.02000,-1.00000,0.00000,1.00000,0.00000,0.00000,17.00000,0.00000,1.06115,0.18000,1.00000,1.00000
68.66667,2.00000,0.00000,0.00000,-20.00000,0.00000,0.00000,0.00000,-0.00336,48.00000,-0.00002,-0.00002,1.00906,0.00023,0.99684,0.00283,0.08396,1.00840,0.25378,1.00000,1.00000,0.14000,0.75215,0.02800,0.49849,0.00000,0.98675,0.00000,1.02000,-1.00000,0.00000,1.00000,0.00000,0.00000,17.00000,0.00000,1.06084,0.18000,1.00000,1.00000
68.70000,2.00000,0.00000,0.00000,-20.00000,0.00000,0.00000,0.00000,-0.00399,48.00000,-0.00056,0.00051,1.00930,0.00017,0.99780,0.00293,0.09086,1.00612,0.25275,1.00000,1.00000,0.14000,0.75527,0.02800,0.49890,0.00000,0.99226,0.00000,1.02000,-1.00000,0.00000,1.00000,0.00000,0.00000,17.00000,0.00000,1.06061,0.18000,1.00000,1.00000
68.73333,2.00000,0.00000,0.00000,-20.00000,0.00000,0.00000,0.00000,-0.00442,48.00000,0.00064,-0.00073,1.00967,0.00012,0.99889,0.00304,0.09803,1.00445,0.25200,1.00000,1.00000,0.14000,0.75854,0.02800,0.49920,0.00000,0.99777,0.00000,1.02000,-1.00000,0.00000,1.00000,0.00000,0.00000,17.00000,0.00000,1.06045,0.18000,1.00000,1.00000
68.76667,2.00000,0.00000,0.00000,-20.00000,0.00000,0.00000,0.00000,-0.00466,48.00000,-0.00018,0.00055,1.01014,0.00009,1.00006,0.00316,0.10548,1.00324,0.25146,1.00000,1.00000,0.14000,0.76190,0.02800,0.49942,0.00000,1.00327,0.00000,1.02000,-1.00000,0.00000,1.00000,0.00000,0.00000,17.00000,0.00000,1.06032,0.18000,1.00000,1.00000
68.80000,2.00000,0.00000,0.00000,-20.00000,0.00000,0.00000,0.00000,-0.00490,48.00000,-0.00034,-0.00002,1.01069,0.00006,1.00130,0.00329,0.11319,1.00236,0.25106,1.00000,1.00000,0.14000,0.76534,0.02800,0.49958,0.00000,1.00878,0.00000,1.02000,-1.00000,0.00000,1.00000,0.00000,0.00000,17.00000,0.00000,1.06024,0.18000,1.00000,1.00000
68.83333,2.00000,0.00000,0.00000,-20.00000,0.00000,0.00000,0.00000,-0.00526,48.00000,0.00033,-0.00050,1.01102,0.00000,1.00225,0.00340,0.12118,1.00000,0.25000,1.00000,1.00000,0.14000,0.76843,0.02800,0.50000,0.00000,1.01429,0.00000,1.02000,-1.00000,0.00000,1.00000,0.00000,0.00000,17.00000,0.00000,1.06000,0.18000,1.00000,1.00000
68.86667,2.00000,0.00000,0.00000,-20.00000,0.00000,0.00000,0.00000,-0.00556,48.00000,0.00019,0.00073,1.01177,0.00000,1.00366,0.00355,0.12945,1.00000,0.25000,1.00000,1.00000,0.14000,0.77207,0.02800,0.50000,0.00000,1.01980,0.00000,1.02000,-1.00000,0.00000,1.00000,0.00000,0.00000,17.00000,0.00000,1.06000,0.18000,1.00000,1.00000
68.90000,2.00000,0.00000,0.00000,-20.00000,0.00000,0.00000,0.00000,-0.01008,48.00000,-0.00212,-0.00159,1.03674,0.00384,1.03369,0.00542,0.22776,1.14235,0.31406,1.00000,1.00000,0.14047,0.80883,0.02800,0.47438,0.00000,1.02531,0.00000,1.02000,-1.00000,0.00000,1.00000,0.00000,0.00000,17.00000,0.00000,1.07423,0.18000,1.00000,1.00000
68.93333,2.00000,0.00000,0.00000,-20.00000,0.00000,0.00000,0.00000,-0.00741,48.00000,0.00176,0.00013,1.03096,0.00280,1.02736,0.00513,0.16581,1.10363,0.29663,1.00000,1.00000,0.14211,0.80357,0.02800,0.48135,0.00000,1.03081,0.00000,1.02000,-1.00000,0.00000,1.00000,0.00000,0.00000,17.00000,0.00000,1.07036,0.18000,1.00000,1.00000
68.96667,2.00000,0.00000,0.00000,-20.00000,0.00000,0.00000,0.00000,-0.00472,48.00000,-0.00051,0.00093,1.02699,0.00204,1.02312,0.00497,0.15587,1.07544,0.28395,1.00000,1.00000,0.14325,0.80069,0.02800,0.48642,0.00000,1.03632,0.00000,1.02000,-1.00000,0.00000,1.00000,0.00000,0.00000,17.00000,0.00000,1.06754,0.18000,1.00000,1.00000
69.00000,2.00000,0.00000,0.00000,-20.00000,0.00000,0.00000,0.00000,-0.00507,48.00000,-0.00053,-0.00127,1.02436,0.00148,1.02041,0.00486,0.16522,1.05492,0.27471,1.00000,1.00000,0.14000,0.79957,0.02800,0.49011,0.00000,1.04183,0.00000,1.02000,-1.00000,0.00000,1.00000,0.00000,0.00000,17.00000,0.00000,1.06549,0.18000,1.00000,1.00000
69.03333,2.00000,0.00000,0.00000,-20.00000,0.00000,0.00000,0.00000,-0.00689,48.00000,0.00058,0.00086,1.02269,0.00108,1.01883,0.00486,0.17484,1.03998,0.26799,1.00000,1.00000,0.14000,0.79972,0.02800,0.49280,0.00000,1.04734,0.00000,1.02000,-1.00000,0.00000,1.00000,0.00000,0.00000,17.00000,0.00000,1.06400,0.18000,1.00000,1.00000
69.06667,2.00000,0.00000,0.00000,-20.00000,0.00000,0.00000,0.00000,-0.00777,48.00000,0.00006,-0.00013,1.02174,0.00079,1.01805,0.00491,0.18474,1.02911,0.26310,1.00000,1.00000,0.14000,0.80081,0.02800,0.49476,0.00000,1.05285,0.00000,1.02000,-1.00000,0.00000,1.00000,0.00000,0.00000,17.00000,0.00000,1.06291,0.18000,1.00000,1.00000
69.10000,2.00000,0.00000,0.00000,-20.00000,0.00000,0.00000,0.00000,-0.00741,48.00000,-0.00066,-0.00055,1.02132,0.00057,1.01787,0.00500,0.19491,1.02119,0.25954,1.00000,1.00000,0.14000,0.80258,0.02800,0.49619,0.00000,1.05835,0.00000,1.02000,-1.00000,0.00000,1.00000,0.00000,0.00000,17.00000,0.00000,1.06212,0.18000,1.00000,1.00000
69.13333,2.00000,0.00000,0.00000,-20.00000,0.00000,0.00000,0.00000,-0.00691,48.00000,0.00067,0.00091,1.02129,0.00042,1.01812,0.00512,0.20535,1.01543,0.25694,1.00000,1.00000,0.14000,0.80486,0.02800,0.49722,0.00000,1.06386,0.00000,1.02000,-1.00000,0.00000,1.00000,0.00000,0.00000,17.00000,0.00000,1.06154,0.18000,1.00000,1.00000
69.16667,2.00000,0.00000,0.00000,-20.00000,0.00000,0.00000,0.00000,-0.00699,48.00000,-0.00001,-0.00071,1.02155,0.00030,1.01869,0.00528,0.21606,1.01123,0.25505,1.00000,1.00000,0.14205,0.80750,0.02800,0.49798,0.00000,1.06937,0.00000,1.02000,-1.00000,0.00000,1.00000,0.00000,0.00000,17.00000,0.00000,1.06112,0.18000,1.00000,1.00000
69.20000,2.00000,0.00000,0.00000,-20.00000,0.00000,0.00000,0.00000,-0.00739,48.00000,-0.00063,0.00016,1.02203,0.00022,1.01949,0.00543,0.22705,1.00818,0.25368,1.00000,1.00000,0.14000,0.81040,0.02800,0.49853,0.00000,1.07488,0.00000,1.02000,-1.00000,0.00000,1.00000,0.00000,0.00000,17.00000,0.00000,1.06082,0.18000,1.00000,1.00000
69.23333,2.00000,0.00000,0.00000,-20.00000,0.00000,0.00000,0.00000,-0.00762,48.00000,0.00079,0.00047,1.02268,0.00016,1.02046,0.00566,0.23831,1.00595,0.25268,1.00000,1.00000,0.14593,0.81351,0.02800,0.49893,0.00000,1.08039,0.00000,1.02000,-1.00000,0.00000,1.00000,0.00000,0.00000,17.00000,0.00000,1.06060,0.18000,1.00000,1.00000
69.26667,2.00000,0.00000,0.00000,-20.00000,0.00000,0.00000,0.00000,-0.00757,48.00000,-0.00030,-0.00087,1.02345,0.00012,1.02154,0.00579,0.24984,1.00433,0.25195,1.00000,1.00000,0.14000,0.81675,0.02800,0.49922,0.00000,1.08589,0.00000,1.02000,-1.00000,0.00000,1.00000,0.00000,0.00000,17.00000,0.00000,1.06043,0.18000,1.00000,1.00000
69.30000,2.00000,0.00000,0.00000,-20.00000,0.00000,0.00000,0.00000,-0.00745,48.00000,-0.00030,0.00075,1.02432,0.00009,1.02272,0.00602,0.26164,1.00315,0.25142,1.00000,1.00000,0.14218,0.82010,0.02800,0.49943,0.00000,1.09140,0.00000,1.02000,-1.00000,0.00000,1.00000,0.00000,0.00000,17.00000,0.00000,1.06032,0.18000,1.00000,1.00000
69.33333,2.00000,0.00000,0.00000,-20.00000,0.00000,0.00000,0.00000,-0.00742,48.00000,0.00038,-0.00022,1.02527,0.00006,1.02396,0.00620,0.27372,1.00230,0.25103,1.00000,1.00000,0.14000,0.82353,0.02800,0.49959,0.00000,1.09691,0.00000,1.02000,-1.00000,0.00000,1.00000,0.00000,0.00000,17.00000,0.00000,1.06023,0.18000,1.00000,1.00000
69.36667,2.00000,0.00000,0.00000,-20.00000,0.00000,0.00000,0.00000,-0.00745,48.00000,0.00017,-0.00043,1.02601,0.00000,1.02491,0.00645,0.28607,1.00000,0.25000,1.00000,1.00000,0.14471,0.82660,0.02800,0.50000,0.00000,1.10242,0.00000,1.02000,-1.00000,0.00000,1.00000,0.00000,0.00000,17.00000,0.00000,1.06000,0.18000,1.00000,1.00000
69.40000,2.00000,0.00000,0.00000,-20.00000,0.00000,0.00000,0.00000,-0.00739,48.00000,-0.00077,0.00083,1.02715,0.00000,1.02632,0.00670,0.29869,1.00000,0.25000,1.00000,1.00000,0.14673,0.83023,0.02800,0.50000,0.00000,1.10793,0.00000,1.02000,-1.00000,0.00000,1.00000,0.00000,0.00000,17.00000,0.00000,1.06000,0.18000,1.00000,1.00000
69.43333,2.00000,0.00000,0.00000,-20.00000,0.00000,0.00000,0.00000,-0.01331,48.00000,0.00456,-0.00404,1.07621,0.00760,1.08564,0.01030,0.45066,1.28166,0.37675,1.00000,1.00000,0.14515,0.90433,0.02800,0.44930,0.00000,1.11343,0.00000,1.02000,-1.00000,0.00000,1.00000,0.00000,0.00000,17.00000,0.00000,1.08817,0.18000,1.00000,1.00000
69.46667,2.00000,0.00000,0.00000,-20.00000,0.00000,0.00000,0.00000,-0.00456,48.00000,-0.00126,0.00107,1.06438,0.00554,1.07136,0.00957,0.32808,1.20505,0.34227,1.00000,1.00000,0.14018,0.88902,0.02800,0.46309,0.00000,1.11894,0.00000,1.02000,-1.00000,0.00000,1.00000,0.00000,0.00000,17.00000,0.00000,1.08050,0.18000,1.00000,1.00000
69.50000,2.00000,0.00000,0.00000,-20.00000,0.00000,0.00000,0.00000,-0.00262,48.00000,-0.00112,0.00122,1.05612,0.00403,1.06134,0.00914,0.33819,1.14927,0.31717,1.00000,1.00000,0.14000,0.87881,0.02800,0.47313,0.00000,1.12445,0.00000,1.02000,-1.00000,0.00000,1.00000,0.00000,0.00000,17.00000,0.00000,1.07493,0.18000,1.00000,1.00000
69.53333,2.00000,0.00000,0.00000,-20.00000,0.00000,0.00000,0.00000,-0.00617,48.00000,0.00132,-0.00210,1.05046,0.00293,1.05442,0.00893,0.35190,1.10867,0.29890,1.00000,1.00000,0.14263,0.87231,0.02800,0.48044,0.00000,1.12996,0.00000,1.02000,-1.00000,0.00000,1.00000,0.00000,0.00000,17.00000,0.00000,1.07087,0.18000,1.00000,1.00000
69.56667,2.00000,0.00000,0.00000,-20.00000,0.00000,0.00000,0.00000,-0.00874,48.00000,-0.00014,0.00175,1.04671,0.00214,1.04976,0.00880,0.36588,1.07911,0.28560,1.00000,1.00000,0.14000,0.86854,0.02800,0.48576,0.00000,1.13547,0.00000,1.02000,-1.00000,0.00000,1.00000,0.00000,0.00000,17.00000,0.00000,1.06791,0.18000,1.00000,1.00000
69.60000,2.00000,0.00000,0.00000,-20.00000,0.00000,0.00000,0.00000,-0.00790,48.00000,-0.00095,-0.00059,1.04435,0.00156,1.04674,0.00880,0.38014,1.05759,0.27592,1.00000,1.00000,0.14000,0.86677,0.02800,0.48963,0.00000,1.14098,0.00000,1.02000,-1.00000,0.00000,1.00000,0.00000,0.00000,17.00000,0.00000,1.06576,0.18000,1.00000,1.00000
69.63333,2.00000,0.00000,0.00000,-20.00000,0.00000,0.00000,0.00000,-0.00592,48.00000,0.00068,-0.00041,1.04301,0.00113,1.04493,0.00888,0.39466,1.04193,0.26887,1.00000,1.00000,0.14000,0.86644,0.02800,0.49245,0.00000,1.14648,0.00000,1.02000,-1.00000,0.00000,1.00000,0.00000,0.00000,17.00000,0.00000,1.06419,0.18000,1.00000,1.00000
69.66667,2.00000,0.00000,0.00000,-20.00000,0.00000,0.00000,0.00000,-0.00517,48.00000,-0.00001,0.00054,1.04241,0.00082,1.04399,0.00901,0.40946,1.03052,0.26374,1.00000,1.00000,0.14000,0.86718,0.02800,0.49451,0.00000,1.15199,0.00000,1.02000,-1.00000,0.00000,1.00000,0.00000,0.00000,17.00000,0.00000,1.06305,0.18000,1.00000,1.00000
69.70000,2.00000,0.00000,0.00000,-20.00000,0.00000,0.00000,0.00000,-0.00560,48.00000,-0.00040,-0.00049,1.04237,0.00060,1.04369,0.00919,0.42454,1.02222,0.26000,1.00000,1.00000,0.14000,0.86870,0.02800,0.49600,0.00000,1.15750,0.00000,1.02000,-1.00000,0.00000,1.00000,0.00000,0.00000,17.00000,0.00000,1.06222,0.18000,1.00000,1.00000
69.73333,2.00000,0.00000,0.00000,-20.00000,0.00000,0.00000,0.00000,-0.00593,48.00000,0.00047,0.00020,1.04274,0.00044,1.04385,0.00939,0.43988,1.01618,0.25728,1.00000,1.00000,0.14000,0.87079,0.02800,0.49709,0.00000,1.16301,0.00000,1.02000,-1.00000,0.00000,1.00000,0.00000,0.00000,17.00000,0.00000,1.06162,0.18000,1.00000,1.00000
69.76667,2.00000,0.00000,0.00000,-20.00000,0.00000,0.00000,0.00000,-0.00556,48.00000,-0.00029,0.00023,1.04341,0.00032,1.04436,0.01119,0.45550,1.01178,0.25530,1.00000,1.00000,0.29538,0.87329,0.02800,0.49788,0.00000,1.16852,0.00000,1.02000,-1.00000,0.00000,1.00000,0.00000,0.00000,17.00000,0.00000,1.06118,0.18000,1.00000,1.00000
69.80000,2.00000,0.00000,0.00000,-20.00000,0.00000,0.00000,0.00000,-0.00489,48.00000,-0.00026,-0.00087,1.04431,0.00023,1.04511,0.00987,0.47139,1.00857,0.25386,1.00000,1.00000,0.14000,0.87610,0.02800,0.49846,0.00000,1.17402,0.00000,1.02000,-1.00000,0.00000,1.00000,0.00000,0.00000,17.00000,0.00000,1.06086,0.18000,1.00000,1.00000
69.83333,2.00000,0.00000,0.00000,-20.00000,0.00000,0.00000,0.00000,-0.00444,48.00000,0.00043,0.00095,1.04538,0.00017,1.04604,0.01014,0.48755,1.00624,0.25281,1.00000,1.00000,0.14000,0.87913,0.02800,0.49888,0.00000,1.17953,0.00000,1.02000,-1.00000,0.00000,1.00000,0.00000,0.00000,17.00000,0.00000,1.06062,0.18000,1.00000,1.00000
69.86667,2.00000,0.00000,0.00000,-20.00000,0.00000,0.00000,0.00000,-0.00422,48.00000,0.00011,-0.00047,1.04659,0.00012,1.04710,0.01045,0.50399,1.00454,0.25204,1.00000,1.00000,0.14296,0.88233,0.02800,0.49918,0.00000,1.18504,0.00000,1.02000,-1.00000,0.00000,1.00000,0.00000,0.00000,17.00000,0.00000,1.06045,0.18000,1.00000,1.00000
69.90000,2.00000,0.00000,0.00000,-20.00000,0.00000,0.00000,0.00000,-0.00392,48.00000,-0.00073,-0.00026,1.04734,0.00000,1.04757,0.01067,0.52070,1.00000,0.25000,1.00000,1.00000,0.14000,0.88476,0.02800,0.50000,0.00000,1.19055,0.00000,1.02000,-1.00000,0.00000,1.00000,0.00000,0.00000,17.00000,0.00000,1.06000,0.18000,1.00000,1.00000
69.93333,2.00000,0.00000,0.00000,-20.00000,0.00000,0.00000,0.00000,-0.00356,48.00000,0.00083,0.00077,1.04888,0.00000,1.04899,0.01098,0.53768,1.00000,0.25000,1.00000,1.00000,0.14000,0.88840,0.02800,0.50000,0.00000,1.19606,0.00000,1.02000,-1.00000,0.00000,1.00000,0.00000,0.00000,17.00000,0.00000,1.06000,0.18000,1.00000,1.00000
69.96667,0.00000,0.04079,6.50956,-26.14313,0.00000,-0.20000,0.00000,-0.04293,49.95174,-0.00254,-0.00690,1.05867,0.77284,1.06903,0.00539,0.55222,1.85629,0.64850,1.00000,1.00000,0.14359,0.68420,0.02800,0.39409,0.00000,0.00000,0.00000,1.02000,-1.00000,0.00000,1.00000,0.00000,0.00000,17.00000,0.00000,1.09451,0.18000,1.00000,1.00000
70.00000,0.00000,0.18546,6.51649,-26.29351,0.00000,-0.20000,0.00000,-0.03396,49.25829,-0.00233,0.00293,1.04271,0.52278,1.05025,0.00422,0.40202,1.72674,0.58091,1.00000,1.00000,0.14000,0.66673,0.02800,0.40930,0.00000,0.00000,0.00000,1.02000,-1.00000,0.00000,1.00000,0.00000,0.00000,17.00000,0.00000,1.08513,0.18000,1.00000,1.00000
70.03333,0.00000,0.33092,6.50585,-26.37324,0.00000,-0.20000,0.00000,-0.03917,48.70737,0.00300,0.00102,1.03110,0.35366,1.03658,0.00339,0.29267,1.63242,0.53170,1.00000,1.00000,0.14000,0.65402,0.02800,0.42037,0.00000,0.00000,0.00000,1.02000,-1.00000,0.00000,1.00000,0.00000,0.00000,17.00000,0.00000,1.07829,0.18000,1.00000,1.00000
70.06667,0.00000,0.47631,6.48222,-26.39995,0.00000,-0.20000,0.00000,-0.04588,48.26109,-0.00074,-0.00310,1.02264,0.23928,1.02663,0.00280,0.21306,1.56376,0.49588,1.00000,1.00000,0.14000,0.64477,0.02800,0.42843,0.00000,0.00000,0.00000,1.02000,-1.00000,0.00000,1.00000,0.00000,0.00000,17.00000,0.00000,1.07332,0.18000,1.00000,1.00000
70.10000,0.00000,0.62110,6.44908,-26.38716,0.00000,-0.20000,0.00000,-0.04578,47.89195,-0.00136,0.00298,1.01648,0.16191,1.01939,0.00236,0.15511,1.51378,0.46980,1.00000,1.00000,0.14000,0.63803,0.02800,0.43430,0.00000,0.00000,0.00000,1.02000,-1.00000,0.00000,1.00000,0.00000,0.00000,17.00000,0.00000,1.06969,0.18000,1.00000,1.00000
70.13333,0.00000,0.76493,6.40903,-26.34503,0.00000,-0.20000,0.00000,-0.04160,47.58001,0.00145,-0.00141,1.01200,0.10957,1.01411,0.00205,0.11292,1.47739,0.45081,1.00000,1.00000,0.14000,0.63313,0.02800,0.43857,0.00000,0.00000,0.00000,1.02000,-1.00000,0.00000,1.00000,0.00000,0.00000,17.00000,0.00000,1.06706,0.18000,1.00000,1.00000
70.16667,0.00000,0.90760,6.36402,-26.28117,0.00000,-0.20000,0.00000,-0.03905,47.31079,-0.00003,-0.00025,1.00873,0.07416,1.01028,0.00182,0.08220,1.45090,0.43699,1.00000,1.00000,0.14000,0.62956,0.02800,0.44168,0.00000,0.00000,0.00000,1.02000,-1.00000,0.00000,1.00000,0.00000,0.00000,17.00000,0.00000,1.06514,0.18000,1.00000,1.00000
70.20000,0.00000,1.04897,6.31547,-26.20119,0.00000,-0.20000,0.00000,-0.03944,47.07376,-0.00065,0.00071,1.00636,0.05020,1.00748,0.00165,0.05984,1.43161,0.42693,1.00000,1.00000,0.14000,0.62696,0.02800,0.44394,0.00000,0.00000,0.00000,1.02000,-1.00000,0.00000,1.00000,0.00000,0.00000,17.00000,0.00000,1.06374,0.18000,1.00000,1.00000
70.23333,0.00000,1.18898,6.26441,-26.10924,0.00000,-0.20000,0.00000,-0.04039,46.86128,0.00074,-0.00075,1.00463,0.03398,1.00545,0.00153,0.04357,1.41758,0.41960,1.00000,1.00000,0.14000,0.62506,0.02800,0.44559,0.00000,0.00000,0.00000,1.02000,-1.00000,0.00000,1.00000,0.00000,0.00000,17.00000,0.00000,1.06272,0.18000,1.00000,1.00000
70.26667,0.00000,1.32759,6.21162,-26.00836,0.00000,-0.20000,0.00000,-0.04005,46.66780,-0.00035,0.00043,1.00337,0.02301,1.00396,0.00144,0.03172,1.40735,0.41427,1.00000,1.00000,0.14000,0.62369,0.02800,0.44679,0.00000,0.00000,0.00000,1.02000,-1.00000,0.00000,1.00000,0.00000,0.00000,17.00000,0.00000,1.06198,0.18000,1.00000,1.00000
70.30000,0.00000,1.46479,6.15763,-25.90077,0.00000,-0.20000,0.00000,-0.03879,46.48925,-0.00022,0.00011,1.00245,0.01558,1.00289,0.00390,0.02309,1.39991,0.41039,1.00000,1.00000,0.32775,0.62268,0.02800,0.44766,0.00000,0.00000,0.00000,1.02000,-1.00000,0.00000,1.00000,0.00000,0.00000,17.00000,0.00000,1.06144,0.18000,1.00000,1.00000
70.33333,0.00000,1.60058,6.10286,-25.78809,0.00000,-0.20000,0.00000,-0.03778,46.32267,0.00061,-0.00107,1.00179,0.01056,1.00210,0.00133,0.01681,1.39450,0.40756,1.00000,1.00000,0.14000,0.62195,0.02800,0.44830,0.00000,0.00000,0.00000,1.02000,-1.00000,0.00000,1.00000,0.00000,0.00000,17.00000,0.00000,1.06105,0.18000,1.00000,1.00000
70.36667,0.00000,1.73496,6.04760,-25.67150,0.00000,-0.20000,0.00000,-0.03737,46.16592,0.00004,0.00135,1.00130,0.00715,1.00153,0.00129,0.01224,1.39055,0.40551,1.00000,1.00000,0.14000,0.62142,0.02800,0.44876,0.00000,0.00000,0.00000,1.02000,-1.00000,0.00000,1.00000,0.00000,0.00000,17.00000,0.00000,1.06076,0.18000,1.00000,1.00000
70.40000,0.00000,1.86794,5.99205,-25.55187,0.00000,-0.20000,0.00000,-0.03714,46.01739,-0.00094,-0.00088,1.00095,0.00485,1.00111,0.00135,0.00891,1.38768,0.40401,1.00000,1.00000,0.14585,0.62104,0.02800,0.44910,0.00000,0.00000,0.00000,1.02000,-1.00000,0.00000,1.00000,0.00000,0.00000,17.00000,0.00000,1.06056,0.18000,1.00000,1.00000
70.43333,0.00000,2.00041,5.93901,-25.44118,0.00000,-0.20000,0.00000,-0.03651,45.85562,0.00109,-0.00006,1.00000,0.00314,1.00000,0.00120,0.00000,1.38000,0.40000,1.00000,1.00000,0.14000,0.62000,0.02800,0.45000,0.00000,0.00000,0.00000,1.02000,-1.00000,0.00000,1.00000,0.00000,0.00000,17.00000,0.00000,1.06000,0.18000,1.00000,1.00000
70.46667,0.00000,2.13040,5.88257,-25.31407,0.00000,-0.20000,0.00000,-0.03599,45.72593,-0.00043,0.00090,1.00000,0.00000,1.00000,0.00124,0.00000,1.38000,0.40000,1.00000,1.00000,0.14320,0.62000,0.02800,0.45000,0.00000,0.00000,0.00000,1.02000,-1.00000,0.00000,1.00000,0.00000,0.00000,17.00000,0.00000,1.06000,0.18000,1.00000,1.00000
70.50000,0.00000,2.17211,5.60219,-24.21705,0.00000,-0.20000,0.00000,-0.02341,47.41237,-0.00330,-0.00782,1.06185,0.01310,1.07276,0.00557,0.58211,1.88207,0.66195,1.00000,1.00000,0.14000,0.68767,0.02800,0.39106,0.00000,0.00000,0.00000,1.02000,-1.00000,0.00000,1.00000,0.00000,0.00000,17.00000,0.00000,1.09638,0.18000,1.00000,1.00000
70.53333,0.00000,2.31878,5.60711,-24.34825,0.00000,-0.20000,0.00000,-0.02648,46.79433,0.00420,0.00409,1.04503,0.00953,1.05297,0.00440,0.42377,1.74550,0.59070,1.00000,1.00000,0.14172,0.66926,0.02800,0.40709,0.00000,0.00000,0.00000,1.02000,-1.00000,0.00000,1.00000,0.00000,0.00000,17.00000,0.00000,1.08649,0.18000,1.00000,1.00000
70.56667,0.00000,2.46010,5.59612,-24.41056,0.00000,-0.20000,0.00000,-0.03680,46.31621,-0.00145,-0.00006,1.03278,0.00694,1.03856,0.00351,0.30850,1.64608,0.53883,1.00000,1.00000,0.14000,0.65586,0.02800,0.41876,0.00000,0.00000,0.00000,1.02000,-1.00000,0.00000,1.00000,0.00000,0.00000,17.00000,0.00000,1.07928,0.18000,1.00000,1.00000
70.60000,0.00000,2.59676,5.57336,-24.42118,0.00000,-0.20000,0.00000,-0.03964,45.94068,-0.00120,-0.00247,1.02386,0.00505,1.02807,0.00288,0.22459,1.57371,0.50107,1.00000,1.00000,0.14000,0.64611,0.02800,0.42726,0.00000,0.00000,0.00000,1.02000,-1.00000,0.00000,1.00000,0.00000,0.00000,17.00000,0.00000,1.07404,0.18000,1.00000,1.00000
70.63333,0.00000,2.72940,5.54199,-24.39332,0.00000,-0.20000,0.00000,-0.03507,45.64063,0.00162,0.00304,1.01737,0.00368,1.02044,0.00243,0.16350,1.52102,0.47357,1.00000,1.00000,0.14000,0.63901,0.02800,0.43345,0.00000,0.00000,0.00000,1.02000,-1.00000,0.00000,1.00000,0.00000,0.00000,17.00000,0.00000,1.07022,0.18000,1.00000,1.00000
70.66667,0.00000,2.85854,5.50438,-24.33693,0.00000,-0.20000,0.00000,-0.03090,45.39637,-0.00007,-0.00178,1.01265,0.00268,1.01488,0.00209,0.11903,1.48266,0.45356,1.00000,1.00000,0.14000,0.63384,0.02800,0.43795,0.00000,0.00000,0.00000,1.02000,-1.00000,0.00000,1.00000,0.00000,0.00000,17.00000,0.00000,1.06744,0.18000,1.00000,1.00000
70.70000,0.00000,2.98463,5.46228,-24.25945,0.00000,-0.20000,0.00000,-0.03089,45.19358,-0.00091,0.00009,1.00921,0.00195,1.01083,0.00185,0.08665,1.45474,0.43899,1.00000,1.00000,0.14000,0.63007,0.02800,0.44123,0.00000,0.00000,0.00000,1.02000,-1.00000,0.00000,1.00000,0.00000,0.00000,17.00000,0.00000,1.06542,0.18000,1.00000,1.00000
70.73333,0.00000,3.10804,5.41698,-24.16638,0.00000,-0.20000,0.00000,-0.03267,45.02188,0.00088,0.00057,1.00670,0.00142,1.00789,0.00167,0.06308,1.43441,0.42839,1.00000,1.00000,0.14000,0.62733,0.02800,0.44361,0.00000,0.00000,0.00000,1.02000,-1.00000,0.00000,1.00000,0.00000,0.00000,17.00000,0.00000,1.06394,0.18000,1.00000,1.00000
70.76667,0.00000,3.22905,5.36945,-24.06178,0.00000,-0.20000,0.00000,-0.03316,44.87370,-0.00043,-0.00078,1.00488,0.00103,1.00574,0.00154,0.04592,1.41961,0.42067,1.00000,1.00000,0.14000,0.62534,0.02800,0.44535,0.00000,0.00000,0.00000,1.02000,-1.00000,0.00000,1.00000,0.00000,0.00000,17.00000,0.00000,1.06287,0.18000,1.00000,1.00000
70.80000,0.00000,3.34789,5.32036,-23.94861,0.00000,-0.20000,0.00000,-0.03209,44.74354,-0.00012,0.00057,1.00355,0.00075,1.00418,0.00145,0.03343,1.40884,0.41504,1.00000,1.00000,0.14000,0.62389,0.02800,0.44662,0.00000,0.00000,0.00000,1.02000,-1.00000,0.00000,1.00000,0.00000,0.00000,17.00000,0.00000,1.06209,0.18000,1.00000,1.00000
70.83333,0.00000,3.46474,5.27022,-23.82907,0.00000,-0.20000,0.00000,-0.03098,44.62740,0.00047,-0.00013,1.00259,0.00055,1.00304,0.00278,0.02434,1.40099,0.41095,1.00000,1.00000,0.24351,0.62283,0.02800,0.44754,0.00000,0.00000,0.00000,1.02000,-1.00000,0.00000,1.00000,0.00000,0.00000,17.00000,0.00000,1.06152,0.18000,1.00000,1.00000
70.86667,0.00000,3.57974,5.21939,-23.70472,0.00000,-0.20000,0.00000,-0.03071,44.52238,-0.00008,-0.00070,1.00188,0.00040,1.00221,0.00133,0.01772,1.39528,0.40797,1.00000,1.00000,0.14000,0.62206,0.02800,0.44821,0.00000,0.00000,0.00000,1.02000,-1.00000,0.00000,1.00000,0.00000,0.00000,17.00000,0.00000,1.06111,0.18000,1.00000,1.00000
70.90000,0.00000,3.69300,5.16814,-23.57674,0.00000,-0.20000,0.00000,-0.03090,44.42634,-0.00075,0.00124,1.00137,0.00029,1.00161,0.00130,0.01290,1.39113,0.40580,1.00000,1.00000,0.14000,0.62150,0.02800,0.44869,0.00000,0.00000,0.00000,1.02000,-1.00000,0.00000,1.00000,0.00000,0.00000,17.00000,0.00000,1.06081,0.18000,1.00000,1.00000
70.93333,0.00000,3.80458,5.11667,-23.44595,0.00000,-0.20000,0.00000,-0.03088,44.33773,0.00097,-0.00096,1.00100,0.00021,1.00117,0.00127,0.00939,1.38810,0.40423,1.00000,1.00000,0.14000,0.62109,0.02800,0.44905,0.00000,0.00000,0.00000,1.02000,-1.00000,0.00000,1.00000,0.00000,0.00000,17.00000,0.00000,1.06059,0.18000,1.00000,1.00000
70.96667,0.00000,3.91641,5.06748,-23.32395,0.00000,-0.20000,0.00000,-0.03047,44.23479,-0.00024,0.00014,1.00000,0.00000,1.00000,0.00120,0.00000,1.38000,0.40000,1.00000,1.00000,0.14000,0.62000,0.02800,0.45000,0.00000,0.00000,0.00000,1.02000,-1.00000,0.00000,1.00000,0.00000,0.00000,17.00000,0.00000,1.06000,0.18000,1.00000,1.00000
71.00000,0.00000,4.02437,5.01525,-23.18624,0.00000,-0.20000,0.00000,-0.03031,44.16359,-0.00029,0.00036,1.00000,0.00000,1.00000,0.00182,0.00000,1.38000,0.40000,1.00000,1.00000,0.18576,0.62000,0.02800,0.45000,0.00000,0.00000,0.00000,1.02000,-1.00000,0.00000,1.00000,0.00000,0.00000,17.00000,0.00000,1.06000,0.18000,1.00000,1.00000
71.03333,0.00000,4.01237,4.82085,-22.38657,0.00000,-0.20000,0.00000,-0.01990,45.38789,0.00458,-0.00565,1.04566,0.00967,1.05372,0.00442,0.42973,1.75064,0.59338,1.00000,1.00000,0.14000,0.66996,0.02800,0.40649,0.00000,0.00000,0.00000,1.02000,-1.00000,0.00000,1.00000,0.00000,0.00000,17.00000,0.00000,1.08686,0.18000,1.00000,1.00000
71.06667,0.00000,4.14686,4.80817,-22.42677,0.00000,-0.20000,0.00000,-0.02973,44.97043,-0.00204,0.00403,1.03324,0.00704,1.03911,0.00355,0.31284,1.64983,0.54078,1.00000,1.00000,0.14000,0.65637,0.02800,0.41832,0.00000,0.00000,0.00000,1.02000,-1.00000,0.00000,1.00000,0.00000,0.00000,17.00000,0.00000,1.07955,0.18000,1.00000,1.00000
71.10000,0.00000,4.27287,4.78522,-22.41873,0.00000,-0.20000,0.00000,-0.03531,44.65260,-0.00086,-0.00094,1.02420,0.00512,1.02847,0.00291,0.22775,1.57643,0.50249,1.00000,1.00000,0.14000,0.64648,0.02800,0.42694,0.00000,0.00000,0.00000,1.02000,-1.00000,0.00000,1.00000,0.00000,0.00000,17.00000,0.00000,1.07423,0.18000,1.00000,1.00000
71.13333,0.00000,4.39202,4.75478,-22.37482,0.00000,-0.20000,0.00000,-0.03274,44.40806,0.00154,-0.00155,1.01762,0.00373,1.02073,0.00244,0.16580,1.52300,0.47461,1.00000,1.00000,0.14000,0.63927,0.02800,0.43321,0.00000,0.00000,0.00000,1.02000,-1.00000,0.00000,1.00000,0.00000,0.00000,17.00000,0.00000,1.07036,0.18000,1.00000,1.00000
71.16667,0.00000,4.50557,4.71891,-22.30436,0.00000,-0.20000,0.00000,-0.02853,44.21763,-0.00014,0.00252,1.01282,0.00272,1.01509,0.00211,0.12070,1.48411,0.45432,1.00000,1.00000,0.14000,0.63403,0.02800,0.43778,0.00000,0.00000,0.00000,1.02000,-1.00000,0.00000,1.00000,0.00000,0.00000,17.00000,0.00000,1.06754,0.18000,1.00000,1.00000
71.20000,0.00000,4.61454,4.67916,-22.21433,0.00000,-0.20000,0.00000,-0.02788,44.06738,-0.00151,-0.00197,1.00934,0.00198,1.01098,0.00186,0.08787,1.45579,0.43954,1.00000,1.00000,0.14000,0.63021,0.02800,0.44110,0.00000,0.00000,0.00000,1.02000,-1.00000,0.00000,1.00000,0.00000,0.00000,17.00000,0.00000,1.06549,0.18000,1.00000,1.00000
71.23333,0.00000,4.71969,4.63666,-22.10988,0.00000,-0.20000,0.00000,-0.02985,43.94719,0.00192,0.00060,1.00680,0.00144,1.00800,0.00168,0.06397,1.43517,0.42879,1.00000,1.00000,0.14000,0.62744,0.02800,0.44352,0.00000,0.00000,0.00000,1.02000,-1.00000,0.00000,1.00000,0.00000,0.00000,17.00000,0.00000,1.06400,0.18000,1.00000,1.00000
71.26667,0.00000,4.82160,4.59224,-21.99481,0.00000,-0.20000,0.00000,-0.03122,43.84968,-0.00101,0.00075,1.00495,0.00105,1.00582,0.00155,0.04657,1.42017,0.42096,1.00000,1.00000,0.14000,0.62541,0.02800,0.44528,0.00000,0.00000,0.00000,1.02000,-1.00000,0.00000,1.00000,0.00000,0.00000,17.00000,0.00000,1.06291,0.18000,1.00000,1.00000
71.30000,0.00000,4.92074,4.54651,-21.87190,0.00000,-0.20000,0.00000,-0.03096,43.76949,-0.00018,-0.00117,1.00360,0.00076,1.00424,0.00145,0.03390,1.40924,0.41526,1.00000,1.00000,0.14000,0.62394,0.02800,0.44657,0.00000,0.00000,0.00000,1.02000,-1.00000,0.00000,1.00000,0.00000,0.00000,17.00000,0.00000,1.06212,0.18000,1.00000,1.00000
71.33333,0.00000,5.01742,4.49989,-21.74317,0.00000,-0.20000,0.00000,-0.03026,43.70273,0.00037,0.00066,1.00262,0.00056,1.00309,0.00139,0.02468,1.40129,0.41111,1.00000,1.00000,0.14000,0.62287,0.02800,0.44750,0.00000,0.00000,0.00000,1.02000,-1.00000,0.00000,1.00000,0.00000,0.00000,17.00000,0.00000,1.06154,0.18000,1.00000,1.00000
71.36667,0.00000,5.11191,4.45271,-21.61011,0.00000,-0.20000,0.00000,-0.03024,43.64657,-0.00020,-0.00043,1.00191,0.00040,1.00225,0.00212,0.01797,1.39550,0.40809,1.00000,1.00000,0.19834,0.62209,0.02800,0.44818,0.00000,0.00000,0.00000,1.02000,-1.00000,0.00000,1.00000,0.00000,0.00000,17.00000,0.00000,1.06112,0.18000,1.00000,1.00000
71.40000,0.00000,5.20440,4.40520,-21.47380,0.00000,-0.20000,0.00000,-0.03081,43.59893,-0.00065,-0.00051,1.00139,0.00029,1.00164,0.00130,0.01308,1.39128,0.40589,1.00000,1.00000,0.14000,0.62152,0.02800,0.44868,0.00000,0.00000,0.00000,1.02000,-1.00000,0.00000,1.00000,0.00000,0.00000,17.00000,0.00000,1.06082,0.18000,1.00000,1.00000
71.43333,0.00000,5.29502,4.35753,-21.33503,0.00000,-0.20000,0.00000,-0.03135,43.55831,0.00098,0.00117,1.00101,0.00021,1.00119,0.00127,0.00952,1.38821,0.40429,1.00000,1.00000,0.14000,0.62111,0.02800,0.44904,0.00000,0.00000,0.00000,1.02000,-1.00000,0.00000,1.00000,0.00000,0.00000,17.00000,0.00000,1.06060,0.18000,1.00000,1.00000
71.46667,0.00000,5.38644,4.31187,-21.20448,0.00000,-0.20000,0.00000,-0.03143,43.50306,-0.00039,-0.00111,1.00000,0.00000,1.00000,0.00120,0.00000,1.38000,0.40000,1.00000,1.00000,0.14000,0.62000,0.02800,0.45000,0.00000,0.00000,0.00000,1.02000,-1.00000,0.00000,1.00000,0.00000,0.00000,17.00000,0.00000,1.06000,0.18000,1.00000,1.00000
71.50000,0.00000,5.47296,4.26362,-21.05957,0.00000,-0.20000,0.00000,-0.03174,43.47909,-0.00056,0.00053,1.00000,0.00000,1.00000,0.00120,0.00000,1.38000,0.40000,1.00000,1.00000,0.14000,0.62000,0.02800,0.45000,0.00000,0.00000,0.00000,1.02000,-1.00000,0.00000,1.00000,0.00000,0.00000,17.00000,0.00000,1.06000,0.18000,1.00000,1.00000
71.53333,0.00000,5.55802,4.21564,-20.91427,0.00000,-0.20000,0.00000,-0.03207,43.45814,0.00107,0.00041,1.00000,0.00000,1.00000,0.00120,0.00000,1.38000,0.40000,1.00000,1.00000,0.14000,0.62000,0.02800,0.45000,0.00000,0.00000,0.00000,1.02000,-1.00000,0.00000,1.00000,0.00000,0.00000,17.00000,0.00000,1.06000,0.18000,1.00000,1.00000
71.56667,0.00000,5.46275,4.03576,-20.11006,0.00000,-0.20000,0.00000,-0.02784,44.84892,-0.00286,-0.00470,1.05061,0.01072,1.05954,0.00477,0.47632,1.79082,0.61434,1.00000,1.00000,0.14000,0.67537,0.02800,0.40177,0.00000,0.00000,0.00000,1.02000,-1.00000,0.00000,1.00000,0.00000,0.00000,17.00000,0.00000,1.08977,0.18000,1.00000,1.00000
71.60000,0.00000,5.59053,4.02453,-20.14238,0.00000,-0.20000,0.00000,-0.03925,44.45046,-0.00033,0.00236,1.03684,0.00780,1.04334,0.00380,0.34676,1.67908,0.55604,1.00000,1.00000,0.14000,0.66031,0.02800,0.41489,0.00000,0.00000,0.00000,1.02000,-1.00000,0.00000,1.00000,0.00000,0.00000,17.00000,0.00000,1.08167,0.18000,1.00000,1.00000
71.63333,0.00000,5.70549,4.00381,-20.12688,0.00000,-0.20000,0.00000,-0.03876,44.15942,0.00086,-0.00089,1.02682,0.00568,1.03155,0.00309,0.25244,1.59773,0.51360,1.00000,1.00000,0.14000,0.64935,0.02800,0.42444,0.00000,0.00000,0.00000,1.02000,-1.00000,0.00000,1.00000,0.00000,0.00000,17.00000,0.00000,1.07578,0.18000,1.00000,1.00000
71.66667,0.00000,5.81035,3.97614,-20.07583,0.00000,-0.20000,0.00000,-0.03290,43.94737,-0.00013,-0.00040,1.01953,0.00413,1.02297,0.00258,0.18377,1.53850,0.48270,1.00000,1.00000,0.14000,0.64136,0.02800,0.43139,0.00000,0.00000,0.00000,1.02000,-1.00000,0.00000,1.00000,0.00000,0.00000,17.00000,0.00000,1.07149,0.18000,1.00000,1.00000
71.70000,0.00000,5.90722,3.94346,-19.99850,0.00000,-0.20000,0.00000,-0.03080,43.79360,-0.00078,0.00107,1.01421,0.00301,1.01672,0.00220,0.13379,1.49539,0.46020,1.00000,1.00000,0.14000,0.63555,0.02800,0.43645,0.00000,0.00000,0.00000,1.02000,-1.00000,0.00000,1.00000,0.00000,0.00000,17.00000,0.00000,1.06836,0.18000,1.00000,1.00000
71.73333,0.00000,5.99773,3.90718,-19.90183,0.00000,-0.20000,0.00000,-0.03336,43.68304,0.00196,-0.00191,1.01035,0.00219,1.01217,0.00208,0.09740,1.46400,0.44383,1.00000,1.00000,0.15105,0.63132,0.02800,0.44014,0.00000,0.00000,0.00000,1.02000,-1.00000,0.00000,1.00000,0.00000,0.00000,17.00000,0.00000,1.06609,0.18000,1.00000,1.00000
71.76667,0.00000,6.08311,3.86837,-19.79097,0.00000,-0.20000,0.00000,-0.03621,43.60474,-0.00126,0.00107,1.00753,0.00160,1.00886,0.00181,0.07090,1.44115,0.43191,1.00000,1.00000,0.14554,0.62824,0.02800,0.44282,0.00000,0.00000,0.00000,1.02000,-1.00000,0.00000,1.00000,0.00000,0.00000,17.00000,0.00000,1.06443,0.18000,1.00000,1.00000
71.80000,0.00000,6.16430,3.82780,-19.66971,0.00000,-0.20000,0.00000,-0.03674,43.55073,-0.00024,0.00039,1.00548,0.00116,1.00645,0.00159,0.05162,1.42452,0.42323,1.00000,1.00000,0.14000,0.62600,0.02800,0.44477,0.00000,0.00000,0.00000,1.02000,-1.00000,0.00000,1.00000,0.00000,0.00000,17.00000,0.00000,1.06323,0.18000,1.00000,1.00000
71.83333,0.00000,6.24200,3.78602,-19.54082,0.00000,-0.20000,0.00000,-0.03601,43.51520,0.00091,-0.00135,1.00399,0.00085,1.00470,0.00148,0.03758,1.41241,0.41691,1.00000,1.00000,0.14021,0.62437,0.02800,0.44620,0.00000,0.00000,0.00000,1.02000,-1.00000,0.00000,1.00000,0.00000,0.00000,17.00000,0.00000,1.06235,0.18000,1.00000,1.00000
71.86667,0.00000,6.31673,3.74345,-19.40633,0.00000,-0.20000,0.00000,-0.03593,43.49393,-0.00043,0.00151,1.00291,0.00062,1.00342,0.00141,0.02736,1.40359,0.41231,1.00000,1.00000,0.14000,0.62318,0.02800,0.44723,0.00000,0.00000,0.00000,1.02000,-1.00000,0.00000,1.00000,0.00000,0.00000,17.00000,0.00000,1.06171,0.18000,1.00000,1.00000
71.90000,0.00000,6.38889,3.70038,-19.26772,0.00000,-0.20000,0.00000,-0.03683,43.48386,-0.00054,-0.00082,1.00212,0.00045,1.00249,0.00135,0.01992,1.39718,0.40896,1.00000,1.00000,0.14000,0.62232,0.02800,0.44798,0.00000,0.00000,0.00000,1.02000,-1.00000,0.00000,1.00000,0.00000,0.00000,17.00000,0.00000,1.06124,0.18000,1.00000,1.00000
71.93333,0.00000,6.45875,3.65702,-19.12608,0.00000,-0.20000,0.00000,-0.03787,43.48275,0.00097,-0.00021,1.00154,0.00033,1.00181,0.00131,0.01450,1.39250,0.40652,1.00000,1.00000,0.14000,0.62169,0.02800,0.44853,0.00000,0.00000,0.00000,1.02000,-1.00000,0.00000,1.00000,0.00000,0.00000,17.00000,0.00000,1.06091,0.18000,1.00000,1.00000
71.96667,0.00000,6.52654,3.61354,-18.98218,0.00000,-0.20000,0.00000,-0.03848,43.48899,-0.00044,0.00109,1.00112,0.00024,1.00132,0.00128,0.01055,1.38910,0.40475,1.00000,1.00000,0.14000,0.62123,0.02800,0.44893,0.00000,0.00000,0.00000,1.02000,-1.00000,0.00000,1.00000,0.00000,0.00000,17.00000,0.00000,1.06066,0.18000,1.00000,1.00000
72.00000,0.00000,6.59590,3.57192,-18.84655,0.00000,-0.20000,0.00000,-0.03878,43.47867,-0.00055,-0.00118,1.00000,0.00000,1.00000,0.00120,0.00000,1.38000,0.40000,1.00000,1.00000,0.14000,0.62000,0.02800,0.45000,0.00000,0.00000,0.00000,1.02000,-1.00000,0.00000,1.00000,0.00000,0.00000,17.00000,0.00000,1.06000,0.18000,1.00000,1.00000
72.03333,0.00000,6.65906,3.52794,-18.69695,0.00000,-0.20000,0.00000,-0.03935,43.50256,0.00110,0.00074,1.00000,0.00000,1.00000,0.00120,0.00000,1.38000,0.40000,1.00000,1.00000,0.14000,0.62000,0.02800,0.45000,0.00000,0.00000,0.00000,1.02000,-1.00000,0.00000,1.00000,0.00000,0.00000,17.00000,0.00000,1.06000,0.18000,1.00000,1.00000
72.06667,0.00000,6.72074,3.48424,-18.54716,0.00000,-0.20000,0.00000,-0.03991,43.52947,-0.00078,0.00011,1.00000,0.00000,1.00000,0.00123,0.00000,1.38000,0.40000,1.00000,1.00000,0.14247,0.62000,0.02800,0.45000,0.00000,0.00000,0.00000,1.02000,-1.00000,0.00000,1.00000,0.00000,0.00000,17.00000,0.00000,1.06000,0.18000,1.00000,1.00000
72.10000,0.00000,10.25725,2.13299,-11.30824,0.00000,0.15000,0.00000,0.04364,45.30212,-0.00034,-0.00524,1.05334,0.01130,1.06275,0.00497,0.50202,1.80936,0.70415,1.00000,1.00000,0.14000,0.67836,0.02800,0.39917,0.00000,0.00000,0.00000,1.02000,-1.00000,0.00000,1.00000,0.00000,0.00000,17.00000,0.00000,1.09138,0.18000,1.00000,1.00000
72.13333,0.00000,10.36284,2.12611,-11.31177,0.00000,0.15000,0.00000,0.03992,44.76154,0.00236,0.00521,1.03883,0.00822,1.04568,0.00400,0.36547,1.69617,0.63502,1.00000,1.00000,0.14413,0.66249,0.02800,0.41300,0.00000,0.00000,0.00000,1.02000,-1.00000,0.00000,1.00000,0.00000,0.00000,17.00000,0.00000,1.08284,0.18000,1.00000,1.00000
72.16667,0.00000,10.44336,2.11394,-11.28712,0.00000,0.15000,0.00000,0.04716,44.33618,-0.00057,-0.00275,1.02827,0.00599,1.03326,0.00320,0.26606,1.61234,0.58469,1.00000,1.00000,0.14000,0.65093,0.02800,0.42306,0.00000,0.00000,0.00000,1.02000,-1.00000,0.00000,1.00000,0.00000,0.00000,17.00000,0.00000,1.07663,0.18000,1.00000,1.00000
72.20000,0.00000,10.50490,2.09790,-11.24163,0.00000,0.15000,0.00000,0.05203,43.99539,-0.00195,-0.00012,1.02058,0.00436,1.02421,0.00267,0.19369,1.55016,0.54806,1.00000,1.00000,0.14109,0.64252,0.02800,0.43039,0.00000,0.00000,0.00000,1.02000,-1.00000,0.00000,1.00000,0.00000,0.00000,17.00000,0.00000,1.07211,0.18000,1.00000,1.00000
72.23333,0.00000,10.55211,2.07907,-11.18082,0.00000,0.15000,0.00000,0.04996,43.71690,0.00276,0.00201,1.01498,0.00317,1.01763,0.00233,0.14100,1.50386,0.52138,1.00000,1.00000,0.14546,0.63639,0.02800,0.43572,0.00000,0.00000,0.00000,1.02000,-1.00000,0.00000,1.00000,0.00000,0.00000,17.00000,0.00000,1.06881,0.18000,1.00000,1.00000
72.26667,0.00000,10.58851,2.05823,-11.10886,0.00000,0.15000,0.00000,0.04582,43.48454,-0.00158,-0.00242,1.01091,0.00231,1.01283,0.00205,0.10265,1.46918,0.50197,1.00000,1.00000,0.14593,0.63193,0.02800,0.43961,0.00000,0.00000,0.00000,1.02000,-1.00000,0.00000,1.00000,0.00000,0.00000,17.00000,0.00000,1.06642,0.18000,1.00000,1.00000
72.30000,0.00000,10.61676,2.03598,-11.02881,0.00000,0.15000,0.00000,0.04435,43.28654,-0.00027,0.00148,1.00794,0.00168,1.00934,0.00176,0.07473,1.44299,0.48783,1.00000,1.00000,0.14000,0.62869,0.02800,0.44243,0.00000,0.00000,0.00000,1.02000,-1.00000,0.00000,1.00000,0.00000,0.00000,17.00000,0.00000,1.06467,0.18000,1.00000,1.00000
72.33333,0.00000,10.63881,2.01274,-10.94291,0.00000,0.15000,0.00000,0.04529,43.11436,0.00113,-0.00004,1.00578,0.00122,1.00680,0.00163,0.05440,1.42298,0.47754,1.00000,1.00000,0.14195,0.62632,0.02800,0.44449,0.00000,0.00000,0.00000,1.02000,-1.00000,0.00000,1.00000,0.00000,0.00000,17.00000,0.00000,1.06340,0.18000,1.00000,1.00000
72.36667,0.00000,10.65611,1.98884,-10.85284,0.00000,0.15000,0.00000,0.04599,42.96179,-0.00068,-0.00114,1.00421,0.00089,1.00495,0.00150,0.03960,1.40748,0.47005,1.00000,1.00000,0.14008,0.62460,0.02800,0.44599,0.00000,0.00000,0.00000,1.02000,-1.00000,0.00000,1.00000,0.00000,0.00000,17.00000,0.00000,1.06248,0.18000,1.00000,1.00000
72.40000,0.00000,10.66973,1.96450,-10.75979,0.00000,0.15000,0.00000,0.04530,42.82431,-0.00042,0.00157,1.00306,0.00065,1.00360,0.00142,0.02883,1.39526,0.46460,1.00000,1.00000,0.14000,0.62335,0.02800,0.44708,0.00000,0.00000,0.00000,1.02000,-1.00000,0.00000,1.00000,0.00000,0.00000,17.00000,0.00000,1.06180,0.18000,1.00000,1.00000
72.43333,0.00000,10.68046,1.93989,-10.66463,0.00000,0.15000,0.00000,0.04410,42.69863,0.00090,-0.00103,1.00223,0.00047,1.00262,0.00136,0.02099,1.38541,0.46063,1.00000,1.00000,0.14000,0.62244,0.02800,0.44787,0.00000,0.00000,0.00000,1.02000,-1.00000,0.00000,1.00000,0.00000,0.00000,17.00000,0.00000,1.06131,0.18000,1.00000,1.00000
72.46667,0.00000,10.68887,1.91512,-10.56802,0.00000,0.15000,0.00000,0.04340,42.58235,-0.00026,0.00007,1.00162,0.00034,1.00191,0.00131,0.01528,1.37730,0.45774,1.00000,1.00000,0.14000,0.62178,0.02800,0.44845,0.00000,0.00000,0.00000,1.02000,-1.00000,0.00000,1.00000,0.00000,0.00000,17.00000,0.00000,1.06096,0.18000,1.00000,1.00000
72.50000,0.00000,10.69539,1.89028,-10.47040,0.00000,0.15000,0.00000,0.04323,42.47372,-0.00028,0.00037,1.00118,0.00025,1.00139,0.00128,0.01112,1.37044,0.45563,1.00000,1.00000,0.14000,0.62129,0.02800,0.44887,0.00000,0.00000,0.00000,1.02000,-1.00000,0.00000,1.00000,0.00000,0.00000,17.00000,0.00000,1.06070,0.18000,1.00000,1.00000
72.53333,0.00000,10.70627,1.86647,-10.37790,0.00000,0.15000,0.00000,0.04293,42.34833,0.00052,-0.00052,1.00000,0.00000,1.00000,0.00120,0.00000,1.35803,0.45000,1.00000,1.00000,0.14000,0.62000,0.02800,0.45000,0.00000,0.00000,0.00000,1.02000,-1.00000,0.00000,1.00000,0.00000,0.00000,17.00000,0.00000,1.06000,0.18000,1.00000,1.00000
72.56667,0.00000,10.70822,1.84137,-10.27759,0.00000,0.15000,0.00000,0.04255,42.25782,-0.00039,0.00042,1.00000,0.00000,1.00000,0.00120,0.00000,1.35451,0.45000,1.00000,1.00000,0.14000,0.62000,0.02800,0.45000,0.00000,0.00000,0.00000,1.02000,-1.00000,0.00000,1.00000,0.00000,0.00000,17.00000,0.00000,1.06000,0.18000,1.00000,1.00000
72.60000,0.00000,10.70941,1.81642,-10.17750,0.00000,0.15000,0.00000,0.04218,42.17032,0.00002,-0.00013,1.00000,0.00000,1.00000,0.00264,0.00000,1.35098,0.45000,1.00000,1.00000,0.24730,0.62000,0.02800,0.45000,0.00000,0.00000,0.00000,1.02000,-1.00000,0.00000,1.00000,0.00000,0.00000,17.00000,0.00000,1.06000,0.18000,1.00000,1.00000
72.63333,0.00000,10.40017,1.73982,-9.78622,0.00000,0.15000,0.00000,0.03123,43.31280,0.00278,-0.00360,1.04602,0.00974,1.05414,0.00445,0.43311,1.68477,0.66926,1.00000,1.00000,0.14000,0.67035,0.02800,0.40615,0.00000,0.00000,0.00000,1.02000,-1.00000,0.00000,1.00000,0.00000,0.00000,17.00000,0.00000,1.08707,0.18000,1.00000,1.00000
72.66667,0.00000,10.48231,1.72949,-9.76626,0.00000,0.15000,0.00000,0.03750,42.89576,-0.00099,0.00470,1.03350,0.00709,1.03941,0.00362,0.31530,1.58986,0.60962,1.00000,1.00000,0.14413,0.65665,0.02800,0.41808,0.00000,0.00000,0.00000,1.02000,-1.00000,0.00000,1.00000,0.00000,0.00000,17.00000,0.00000,1.07971,0.18000,1.00000,1.00000
72.70000,0.00000,10.54210,1.71542,-9.72506,0.00000,0.15000,0.00000,0.04492,42.57331,-0.00185,-0.00297,1.02439,0.00516,1.02869,0.00292,0.22954,1.51948,0.56620,1.00000,1.00000,0.14000,0.64668,0.02800,0.42676,0.00000,0.00000,0.00000,1.02000,-1.00000,0.00000,1.00000,0.00000,0.00000,17.00000,0.00000,1.07435,0.18000,1.00000,1.00000
72.73333,0.00000,10.58505,1.69864,-9.66825,0.00000,0.15000,0.00000,0.04489,42.32038,0.00294,0.00060,1.01775,0.00376,1.02089,0.00245,0.16710,1.46714,0.53460,1.00000,1.00000,0.14000,0.63943,0.02800,0.43308,0.00000,0.00000,0.00000,1.02000,-1.00000,0.00000,1.00000,0.00000,0.00000,17.00000,0.00000,1.07044,0.18000,1.00000,1.00000
72.76667,0.00000,10.61532,1.67992,-9.60007,0.00000,0.15000,0.00000,0.04068,42.11872,-0.00174,0.00140,1.01293,0.00274,1.01521,0.00213,0.12165,1.42802,0.51159,1.00000,1.00000,0.14156,0.63414,0.02800,0.43768,0.00000,0.00000,0.00000,1.02000,-1.00000,0.00000,1.00000,0.00000,0.00000,17.00000,0.00000,1.06760,0.18000,1.00000,1.00000
72.80000,0.00000,10.63605,1.65982,-9.52365,0.00000,0.15000,0.00000,0.03844,41.95505,-0.00030,-0.00211,1.00941,0.00199,1.01107,0.00186,0.08856,1.39855,0.49483,1.00000,1.00000,0.14000,0.63030,0.02800,0.44103,0.00000,0.00000,0.00000,1.02000,-1.00000,0.00000,1.00000,0.00000,0.00000,17.00000,0.00000,1.06554,0.18000,1.00000,1.00000
72.83333,0.00000,10.64957,1.63879,-9.44131,0.00000,0.15000,0.00000,0.03940,41.81972,0.00138,0.00166,1.00685,0.00145,1.00806,0.00168,0.06447,1.37613,0.48264,1.00000,1.00000,0.14000,0.62749,0.02800,0.44347,0.00000,0.00000,0.00000,1.02000,-1.00000,0.00000,1.00000,0.00000,0.00000,17.00000,0.00000,1.06403,0.18000,1.00000,1.00000
72.86667,0.00000,10.65761,1.61710,-9.35474,0.00000,0.15000,0.00000,0.04088,41.70572,-0.00094,-0.00045,1.00499,0.00106,1.00587,0.00155,0.04694,1.35884,0.47376,1.00000,1.00000,0.14000,0.62546,0.02800,0.44525,0.00000,0.00000,0.00000,1.02000,-1.00000,0.00000,1.00000,0.00000,0.00000,17.00000,0.00000,1.06293,0.18000,1.00000,1.00000
72.90000,0.00000,10.66144,1.59500,-9.26520,0.00000,0.15000,0.00000,0.04096,41.60795,-0.00022,-0.00075,1.00363,0.00077,1.00427,0.00146,0.03417,1.34528,0.46730,1.00000,1.00000,0.14047,0.62397,0.02800,0.44654,0.00000,0.00000,0.00000,1.02000,-1.00000,0.00000,1.00000,0.00000,0.00000,17.00000,0.00000,1.06214,0.18000,1.00000,1.00000
72.93333,0.00000,10.66201,1.57263,-9.17357,0.00000,0.15000,0.00000,0.04012,41.52269,0.00086,0.00136,1.00264,0.00056,1.00311,0.00139,0.02487,1.33443,0.46259,1.00000,1.00000,0.14000,0.62289,0.02800,0.44748,0.00000,0.00000,0.00000,1.02000,-1.00000,0.00000,1.00000,0.00000,0.00000,17.00000,0.00000,1.06155,0.18000,1.00000,1.00000
72.96667,0.00000,10.66000,1.55012,-9.08051,0.00000,0.15000,0.00000,0.03960,41.44723,-0.00041,-0.00112,1.00192,0.00041,1.00226,0.00134,0.01811,1.32556,0.45917,1.00000,1.00000,0.14000,0.62211,0.02800,0.44817,0.00000,0.00000,0.00000,1.02000,-1.00000,0.00000,1.00000,0.00000,0.00000,17.00000,0.00000,1.06113,0.18000,1.00000,1.00000
73.00000,0.00000,10.65592,1.52754,-8.98651,0.00000,0.15000,0.00000,0.03977,41.37962,-0.00033,0.00022,1.00140,0.00030,1.00165,0.00130,0.01318,1.31812,0.45667,1.00000,1.00000,0.14000,0.62153,0.02800,0.44867,0.00000,0.00000,0.00000,1.02000,-1.00000,0.00000,1.00000,0.00000,0.00000,17.00000,0.00000,1.06082,0.18000,1.00000,1.00000
73.03333,0.00000,10.65013,1.50497,-8.89190,0.00000,0.15000,0.00000,0.04013,41.31841,0.00058,0.00024,1.00102,0.00022,1.00120,0.00127,0.00960,1.31171,0.45486,1.00000,1.00000,0.14000,0.62112,0.02800,0.44903,0.00000,0.00000,0.00000,1.02000,-1.00000,0.00000,1.00000,0.00000,0.00000,17.00000,0.00000,1.06060,0.18000,1.00000,1.00000
73.06667,0.00000,10.64801,1.48315,-8.80116,0.00000,0.15000,0.00000,0.04007,41.24319,-0.00043,-0.00047,1.00000,0.00000,1.00000,0.00120,0.00000,1.30072,0.45000,1.00000,1.00000,0.14000,0.62000,0.02800,0.45000,0.00000,0.00000,0.00000,1.02000,-1.00000,0.00000,1.00000,0.00000,0.00000,17.00000,0.00000,1.06000,0.18000,1.00000,1.00000
73.10000,0.00000,10.63815,1.46049,-8.70484,0.00000,0.15000,0.00000,0.04016,41.19721,0.00005,0.00046,1.00000,0.00000,1.00000,0.00120,0.00000,1.29707,0.45000,1.00000,1.00000,0.14000,0.62000,0.02800,0.45000,0.00000,0.00000,0.00000,1.02000,-1.00000,0.00000,1.00000,0.00000,0.00000,17.00000,0.00000,1.06000,0.18000,1.00000,1.00000
73.13333,0.00000,10.62757,1.43798,-8.60882,0.00000,0.15000,0.00000,0.04027,41.15381,0.00042,-0.00032,1.00000,0.00000,1.00000,0.00190,0.00000,1.29341,0.45000,1.00000,1.00000,0.19171,0.62000,0.02800,0.45000,0.00000,0.00000,0.00000,1.02000,-1.00000,0.00000,1.00000,0.00000,0.00000,17.00000,0.00000,1.06000,0.18000,1.00000,1.00000
73.16667,0.00000,11.87561,2.18469,-3.79589,0.00000,0.15000,0.00000,0.03438,44.35206,-0.00125,-0.00163,1.03315,0.00702,1.03900,0.00354,0.31199,1.47668,0.60794,1.00000,1.00000,0.14031,0.65627,0.02800,0.41841,0.00000,0.00000,0.00000,1.02000,-1.00000,0.00000,1.00000,0.00000,0.00000,17.00000,0.00000,1.07950,0.18000,1.00000,1.00000
73.20000,0.00000,11.90293,2.17216,-3.73986,0.00000,0.15000,0.00000,0.04253,44.06368,-0.00143,0.00306,1.02413,0.00511,1.02839,0.00291,0.22712,1.41156,0.56498,1.00000,1.00000,0.14068,0.64640,0.02800,0.42700,0.00000,0.00000,0.00000,1.02000,-1.00000,0.00000,1.00000,0.00000,0.00000,17.00000,0.00000,1.07420,0.18000,1.00000,1.00000
73.23333,0.00000,11.91132,2.15624,-3.67790,0.00000,0.15000,0.00000,0.04494,43.84542,0.00260,-0.00257,1.01757,0.00372,1.02067,0.00248,0.16535,1.36306,0.53371,1.00000,1.00000,0.14276,0.63922,0.02800,0.43326,0.00000,0.00000,0.00000,1.02000,-1.00000,0.00000,1.00000,0.00000,0.00000,17.00000,0.00000,1.07033,0.18000,1.00000,1.00000
73.26667,0.00000,11.90561,2.13787,-3.61176,0.00000,0.15000,0.00000,0.04201,43.67888,-0.00157,0.00095,1.01279,0.00271,1.01505,0.00210,0.12037,1.32674,0.51094,1.00000,1.00000,0.14000,0.63399,0.02800,0.43781,0.00000,0.00000,0.00000,1.02000,-1.00000,0.00000,1.00000,0.00000,0.00000,17.00000,0.00000,1.06752,0.18000,1.00000,1.00000
73.30000,0.00000,11.88941,2.11776,-3.54275,0.00000,0.15000,0.00000,0.03958,43.55067,-0.00030,0.00065,1.00931,0.00197,1.01095,0.00186,0.08763,1.29932,0.49436,1.00000,1.00000,0.14000,0.63019,0.02800,0.44113,0.00000,0.00000,0.00000,1.02000,-1.00000,0.00000,1.00000,0.00000,0.00000,17.00000,0.00000,1.06548,0.18000,1.00000,1.00000
73.33333,0.00000,11.86539,2.09643,-3.47182,0.00000,0.15000,0.00000,0.04026,43.45104,0.00137,-0.00152,1.00678,0.00144,1.00797,0.00168,0.06379,1.27839,0.48230,1.00000,1.00000,0.14000,0.62742,0.02800,0.44354,0.00000,0.00000,0.00000,1.02000,-1.00000,0.00000,1.00000,0.00000,0.00000,17.00000,0.00000,1.06399,0.18000,1.00000,1.00000
73.36667,0.00000,11.83552,2.07424,-3.39965,0.00000,0.15000,0.00000,0.04219,43.37290,-0.00109,0.00149,1.00493,0.00104,1.00581,0.00155,0.04644,1.26218,0.47351,1.00000,1.00000,0.14000,0.62540,0.02800,0.44530,0.00000,0.00000,0.00000,1.02000,-1.00000,0.00000,1.00000,0.00000,0.00000,17.00000,0.00000,1.06290,0.18000,1.00000,1.00000
73.40000,0.00000,11.80126,2.05148,-3.32674,0.00000,0.15000,0.00000,0.04311,43.31108,-0.00003,-0.00068,1.00359,0.00076,1.00423,0.00145,0.03381,1.24941,0.46712,1.00000,1.00000,0.14000,0.62393,0.02800,0.44658,0.00000,0.00000,0.00000,1.02000,-1.00000,0.00000,1.00000,0.00000,0.00000,17.00000,0.00000,1.06211,0.18000,1.00000,1.00000
73.43333,0.00000,11.76367,2.02834,-3.25345,0.00000,0.15000,0.00000,0.04291,43.26185,0.00074,-0.00037,1.00262,0.00055,1.00308,0.00142,0.02461,1.23913,0.46246,1.00000,1.00000,0.14252,0.62286,0.02800,0.44751,0.00000,0.00000,0.00000,1.02000,-1.00000,0.00000,1.00000,0.00000,0.00000,17.00000,0.00000,1.06154,0.18000,1.00000,1.00000
73.46667,0.00000,11.72353,2.00497,-3.18004,0.00000,0.15000,0.00000,0.04272,43.22246,-0.00042,0.00108,1.00190,0.00040,1.00224,0.00133,0.01792,1.23066,0.45907,1.00000,1.00000,0.14000,0.62208,0.02800,0.44819,0.00000,0.00000,0.00000,1.02000,-1.00000,0.00000,1.00000,0.00000,0.00000,17.00000,0.00000,1.06112,0.18000,1.00000,1.00000
73.50000,0.00000,11.68139,1.98148,-3.10670,0.00000,0.15000,0.00000,0.04316,43.19093,-0.00057,-0.00116,1.00139,0.00029,1.00163,0.00130,0.01304,1.22351,0.45660,1.00000,1.00000,0.14000,0.62152,0.02800,0.44868,0.00000,0.00000,0.00000,1.02000,-1.00000,0.00000,1.00000,0.00000,0.00000,17.00000,0.00000,1.06082,0.18000,1.00000,1.00000
73.53333,0.00000,11.63769,1.95793,-3.03355,0.00000,0.15000,0.00000,0.04392,43.16581,0.00130,0.00061,1.00101,0.00021,1.00119,0.00127,0.00950,1.21732,0.45481,1.00000,1.00000,0.14000,0.62110,0.02800,0.44904,0.00000,0.00000,0.00000,1.02000,-1.00000,0.00000,1.00000,0.00000,0.00000,17.00000,0.00000,1.06059,0.18000,1.00000,1.00000
73.56667,0.00000,11.59271,1.93439,-2.96070,0.00000,0.15000,0.00000,0.04452,43.14605,-0.00104,0.00025,1.00073,0.00016,1.00086,0.00125,0.00691,1.21181,0.45350,1.00000,1.00000,0.14000,0.62080,0.02800,0.44930,0.00000,0.00000,0.00000,1.02000,-1.00000,0.00000,1.00000,0.00000,0.00000,17.00000,0.00000,1.06043,0.18000,1.00000,1.00000
73.60000,0.00000,11.55068,1.91154,-2.88921,0.00000,0.15000,0.00000,0.04483,43.11641,0.00015,-0.00085,1.00000,0.00000,1.00000,0.00120,0.00000,1.20324,0.45000,1.00000,1.00000,0.14000,0.62000,0.02800,0.45000,0.00000,0.00000,0.00000,1.02000,-1.00000,0.00000,1.00000,0.00000,0.00000,17.00000,0.00000,1.06000,0.18000,1.00000,1.00000
73.63333,0.00000,11.50267,1.88793,-2.81685,0.00000,0.15000,0.00000,0.04532,43.10921,0.00054,0.00103,1.00000,0.00000,1.00000,0.00120,0.00000,1.19956,0.45000,1.00000,1.00000,0.14016,0.62000,0.02800,0.45000,0.00000,0.00000,0.00000,1.02000,-1.00000,0.00000,1.00000,0.00000,0.00000,17.00000,0.00000,1.06000,0.18000,1.00000,1.00000
73.66667,0.00000,11.00077,1.79065,-2.63636,0.00000,0.15000,0.00000,0.03167,44.82394,-0.00278,-0.00383,1.06370,0.01349,1.07494,0.00574,0.59951,1.60785,0.75350,1.00000,1.00000,0.14309,0.68969,0.02800,0.38930,0.00000,0.00000,0.00000,1.02000,-1.00000,0.00000,1.00000,0.00000,0.00000,17.00000,0.00000,1.09747,0.18000,1.00000,1.00000
73.70000,0.00000,11.07299,1.78749,-2.59585,0.00000,0.15000,0.00000,0.04632,44.35432,-0.00166,-0.00087,1.04637,0.00982,1.05456,0.00447,0.43644,1.49291,0.67095,1.00000,1.00000,0.14000,0.67074,0.02800,0.40581,0.00000,0.00000,0.00000,1.02000,-1.00000,0.00000,1.00000,0.00000,0.00000,17.00000,0.00000,1.08728,0.18000,1.00000,1.00000
73.73333,0.00000,11.11308,1.77907,-2.54736,0.00000,0.15000,0.00000,0.05437,44.01430,0.00371,0.00329,1.03376,0.00715,1.03972,0.00358,0.31773,1.40766,0.61085,1.00000,1.00000,0.14000,0.65694,0.02800,0.41783,0.00000,0.00000,0.00000,1.02000,-1.00000,0.00000,1.00000,0.00000,0.00000,17.00000,0.00000,1.07986,0.18000,1.00000,1.00000
73.76667,0.00000,11.12900,1.76679,-2.49316,0.00000,0.15000,0.00000,0.05105,43.76941,-0.00222,-0.00312,1.02458,0.00520,1.02891,0.00294,0.23130,1.34432,0.56710,1.00000,1.00000,0.14039,0.64689,0.02800,0.42658,0.00000,0.00000,0.00000,1.02000,-1.00000,0.00000,1.00000,0.00000,0.00000,17.00000,0.00000,1.07446,0.18000,1.00000,1.00000
73.80000,0.00000,11.12685,1.75171,-2.43497,0.00000,0.15000,0.00000,0.04576,43.59448,-0.00043,0.00154,1.01789,0.00379,1.02105,0.00247,0.16839,1.29710,0.53525,1.00000,1.00000,0.14047,0.63958,0.02800,0.43295,0.00000,0.00000,0.00000,1.02000,-1.00000,0.00000,1.00000,0.00000,0.00000,17.00000,0.00000,1.07052,0.18000,1.00000,1.00000
73.83333,0.00000,11.11126,1.73461,-2.37406,0.00000,0.15000,0.00000,0.04554,43.47120,0.00200,0.00026,1.01302,0.00276,1.01532,0.00212,0.12259,1.26167,0.51206,1.00000,1.00000,0.14000,0.63425,0.02800,0.43759,0.00000,0.00000,0.00000,1.02000,-1.00000,0.00000,1.00000,0.00000,0.00000,17.00000,0.00000,1.06766,0.18000,1.00000,1.00000
73.86667,0.00000,11.08569,1.71608,-2.31135,0.00000,0.15000,0.00000,0.04883,43.38621,-0.00159,-0.00144,1.00948,0.00201,1.01116,0.00190,0.08924,1.23486,0.49518,1.00000,1.00000,0.14216,0.63037,0.02800,0.44096,0.00000,0.00000,0.00000,1.02000,-1.00000,0.00000,1.00000,0.00000,0.00000,17.00000,0.00000,1.06558,0.18000,1.00000,1.00000
73.90000,0.00000,11.05271,1.69656,-2.24751,0.00000,0.15000,0.00000,0.05112,43.32979,0.00019,0.00163,1.00690,0.00146,1.00812,0.00169,0.06497,1.21433,0.48289,1.00000,1.00000,0.14000,0.62755,0.02800,0.44342,0.00000,0.00000,0.00000,1.02000,-1.00000,0.00000,1.00000,0.00000,0.00000,17.00000,0.00000,1.06406,0.18000,1.00000,1.00000
73.93333,0.00000,11.01419,1.67636,-2.18303,0.00000,0.15000,0.00000,0.05107,43.29486,0.00077,-0.00095,1.00503,0.00106,1.00591,0.00156,0.04730,1.19837,0.47394,1.00000,1.00000,0.14034,0.62550,0.02800,0.44521,0.00000,0.00000,0.00000,1.02000,-1.00000,0.00000,1.00000,0.00000,0.00000,17.00000,0.00000,1.06296,0.18000,1.00000,1.00000
73.96667,0.00000,10.97154,1.65571,-2.11826,0.00000,0.15000,0.00000,0.05043,43.27628,-0.00049,-0.00008,1.00366,0.00077,1.00430,0.00146,0.03443,1.18574,0.46743,1.00000,1.00000,0.14000,0.62400,0.02800,0.44651,0.00000,0.00000,0.00000,1.02000,-1.00000,0.00000,1.00000,0.00000,0.00000,17.00000,0.00000,1.06215,0.18000,1.00000,1.00000
74.00000,0.00000,10.92576,1.63477,-2.05345,0.00000,0.15000,0.00000,0.05074,43.27030,-0.00055,0.00091,1.00266,0.00056,1.00313,0.00143,0.02507,1.17553,0.46269,1.00000,1.00000,0.14276,0.62291,0.02800,0.44746,0.00000,0.00000,0.00000,1.02000,-1.00000,0.00000,1.00000,0.00000,0.00000,17.00000,0.00000,1.06157,0.18000,1.00000,1.00000
74.03333,0.00000,10.87760,1.61366,-1.98877,0.00000,0.15000,0.00000,0.05181,43.27420,0.00136,-0.00117,1.00194,0.00041,1.00228,0.00134,0.01825,1.16706,0.45924,1.00000,1.00000,0.14000,0.62212,0.02800,0.44815,0.00000,0.00000,0.00000,1.02000,-1.00000,0.00000,1.00000,0.00000,0.00000,17.00000,0.00000,1.06114,0.18000,1.00000,1.00000
74.06667,0.00000,10.82760,1.59247,-1.92436,0.00000,0.15000,0.00000,0.05275,43.28598,-0.00116,0.00076,1.00141,0.00030,1.00166,0.00130,0.01328,1.15987,0.45673,1.00000,1.00000,0.14000,0.62154,0.02800,0.44865,0.00000,0.00000,0.00000,1.02000,-1.00000,0.00000,1.00000,0.00000,0.00000,17.00000,0.00000,1.06083,0.18000,1.00000,1.00000
74.10000,0.00000,10.77616,1.57127,-1.86031,0.00000,0.15000,0.00000,0.05321,43.30423,0.00022,0.00001,1.00103,0.00022,1.00121,0.00130,0.00967,1.15359,0.45490,1.00000,1.00000,0.14221,0.62112,0.02800,0.44902,0.00000,0.00000,0.00000,1.02000,-1.00000,0.00000,1.00000,0.00000,0.00000,17.00000,0.00000,1.06060,0.18000,1.00000,1.00000
74.13333,0.00000,10.72876,1.55085,-1.79755,0.00000,0.15000,0.00000,0.05355,43.30766,0.00056,-0.00069,1.00000,0.00000,1.00000,0.00124,0.00000,1.14326,0.45000,1.00000,1.00000,0.14265,0.62000,0.02800,0.45000,0.00000,0.00000,0.00000,1.02000,-1.00000,0.00000,1.00000,0.00000,0.00000,17.00000,0.00000,1.06000,0.18000,1.00000,1.00000
74.16667,0.00000,10.67378,1.52953,-1.73413,0.00000,0.15000,0.00000,0.05407,43.34146,-0.00054,0.00097,1.00000,0.00000,1.00000,0.00120,0.00000,1.13942,0.45000,1.00000,1.00000,0.14000,0.62000,0.02800,0.45000,0.00000,0.00000,0.00000,1.02000,-1.00000,0.00000,1.00000,0.00000,0.00000,17.00000,0.00000,1.06000,0.18000,1.00000,1.00000
74.20000,1.00000,0.00000,0.00000,-20.00000,0.00000,0.00000,0.00000,-0.00045,48.00000,-0.00124,-0.00447,1.06203,0.56896,1.07298,0.00562,0.58383,1.36489,0.41420,1.00000,1.00000,0.14278,0.88757,0.02800,0.33008,0.95077,0.00000,0.00000,1.02000,-1.00000,0.00000,1.00000,0.00000,0.00000,17.00000,0.00000,1.09649,0.18000,1.00000,1.00000
74.23333,1.00000,0.00000,0.00000,-20.00000,0.00000,0.00000,0.00000,0.01328,48.00000,0.00398,0.00018,1.04516,0.38508,1.05313,0.00439,0.42503,1.26564,0.36954,1.00000,1.00000,0.14000,0.86375,0.02800,0.34366,0.95470,0.00000,0.00000,1.02000,-1.00000,0.00000,1.00000,0.00000,0.00000,17.00000,0.00000,1.08656,0.18000,1.00000,1.00000
74.26667,1.00000,0.00000,0.00000,-20.00000,0.00000,0.00000,0.00000,0.01218,48.00000,-0.00260,0.00241,1.03288,0.26066,1.03868,0.00352,0.30942,1.19339,0.33702,1.00000,1.00000,0.14000,0.84641,0.02800,0.35354,0.95864,0.00000,0.00000,1.02000,-1.00000,0.00000,1.00000,0.00000,0.00000,17.00000,0.00000,1.07934,0.18000,1.00000,1.00000
74.30000,1.00000,0.00000,0.00000,-20.00000,0.00000,0.00000,0.00000,0.00487,48.00000,-0.00054,-0.00288,1.02393,0.17647,1.02816,0.00289,0.22525,1.14078,0.31335,1.00000,1.00000,0.14000,0.83379,0.02800,0.36074,0.96257,0.00000,0.00000,1.02000,-1.00000,0.00000,1.00000,0.00000,0.00000,17.00000,0.00000,1.07408,0.18000,1.00000,1.00000
74.33333,1.00000,0.00000,0.00000,-20.00000,0.00000,0.00000,0.00000,0.00240,48.00000,0.00241,0.00178,1.01742,0.11949,1.02050,0.00243,0.16398,1.10249,0.29612,1.00000,1.00000,0.14000,0.82460,0.02800,0.36598,0.96650,0.00000,0.00000,1.02000,-1.00000,0.00000,1.00000,0.00000,0.00000,17.00000,0.00000,1.07025,0.18000,1.00000,1.00000
74.36667,1.00000,0.00000,0.00000,-20.00000,0.00000,0.00000,0.00000,0.00554,48.00000,-0.00203,-0.00018,1.01268,0.08092,1.01492,0.00210,0.11938,1.07461,0.28358,1.00000,1.00000,0.14000,0.81791,0.02800,0.36979,0.97044,0.00000,0.00000,1.02000,-1.00000,0.00000,1.00000,0.00000,0.00000,17.00000,0.00000,1.06746,0.18000,1.00000,1.00000
74.40000,1.00000,0.00000,0.00000,-20.00000,0.00000,0.00000,0.00000,0.00879,48.00000,0.00044,-0.00106,1.00923,0.05481,1.01086,0.00185,0.08691,1.05432,0.27444,1.00000,1.00000,0.14000,0.81304,0.02800,0.37257,0.97437,0.00000,0.00000,1.02000,-1.00000,0.00000,1.00000,0.00000,0.00000,17.00000,0.00000,1.06543,0.18000,1.00000,1.00000
74.43333,1.00000,0.00000,0.00000,-20.00000,0.00000,0.00000,0.00000,0.00910,48.00000,0.00071,0.00142,1.00672,0.03713,1.00791,0.00167,0.06327,1.03954,0.26779,1.00000,1.00000,0.14000,0.80949,0.02800,0.37459,0.97831,0.00000,0.00000,1.02000,-1.00000,0.00000,1.00000,0.00000,0.00000,17.00000,0.00000,1.06395,0.18000,1.00000,1.00000
74.46667,1.00000,0.00000,0.00000,-20.00000,0.00000,0.00000,0.00000,0.00791,48.00000,-0.00057,-0.00104,1.00489,0.02516,1.00576,0.00157,0.04606,1.02879,0.26295,1.00000,1.00000,0.14200,0.80691,0.02800,0.37606,0.98224,0.00000,0.00000,1.02000,-1.00000,0.00000,1.00000,0.00000,0.00000,17.00000,0.00000,1.06288,0.18000,1.00000,1.00000
74.50000,1.00000,0.00000,0.00000,-20.00000,0.00000,0.00000,0.00000,0.00753,48.00000,-0.00049,0.00017,1.00356,0.01705,1.00419,0.00145,0.03353,1.02096,0.25943,1.00000,1.00000,0.14000,0.80503,0.02800,0.37713,0.98618,0.00000,0.00000,1.02000,-1.00000,0.00000,1.00000,0.00000,0.00000,17.00000,0.00000,1.06210,0.18000,1.00000,1.00000
74.53333,1.00000,0.00000,0.00000,-20.00000,0.00000,0.00000,0.00000,0.00830,48.00000,0.00136,0.00067,1.00259,0.01156,1.00305,0.00139,0.02441,1.01526,0.25687,1.00000,1.00000,0.14065,0.80366,0.02800,0.37791,0.99011,0.00000,0.00000,1.02000,-1.00000,0.00000,1.00000,0.00000,0.00000,17.00000,0.00000,1.06153,0.18000,1.00000,1.00000
74.56667,1.00000,0.00000,0.00000,-20.00000,0.00000,0.00000,0.00000,0.00918,48.00000,-0.00118,-0.00101,1.00189,0.00784,1.00222,0.00140,0.01777,1.01111,0.25500,1.00000,1.00000,0.14507,0.80267,0.02800,0.37848,0.99404,0.00000,0.00000,1.02000,-1.00000,0.00000,1.00000,0.00000,0.00000,17.00000,0.00000,1.06111,0.18000,1.00000,1.00000
74.60000,1.00000,0.00000,0.00000,-20.00000,0.00000,0.00000,0.00000,0.00946,48.00000,0.00025,0.00083,1.00137,0.00532,1.00162,0.00132,0.01294,1.00809,0.25364,1.00000,1.00000,0.14182,0.80194,0.02800,0.37889,0.99798,0.00000,0.00000,1.02000,-1.00000,0.00000,1.00000,0.00000,0.00000,17.00000,0.00000,1.06081,0.18000,1.00000,1.00000
74.63333,1.00000,0.00000,0.00000,-20.00000,0.00000,0.00000,0.00000,0.00937,48.00000,0.00064,-0.00018,1.00100,0.00361,1.00118,0.00127,0.00942,1.00589,0.25265,1.00000,1.00000,0.14000,0.80141,0.02800,0.37919,1.00191,0.00000,0.00000,1.02000,-1.00000,0.00000,1.00000,0.00000,0.00000,17.00000,0.00000,1.06059,0.18000,1.00000,1.00000
74.66667,1.00000,0.00000,0.00000,-20.00000,0.00000,0.00000,0.00000,0.00955,48.00000,-0.00063,-0.00048,1.00000,0.00229,1.00000,0.00120,0.00000,1.00000,0.25000,1.00000,1.00000,0.14000,0.80000,0.02800,0.38000,1.00585,0.00000,0.00000,1.02000,-1.00000,0.00000,1.00000,0.00000,0.00000,17.00000,0.00000,1.06000,0.18000,1.00000,1.00000
74.70000,1.00000,0.00000,0.00000,-20.00000,0.00000,0.00000,0.00000,0.00970,48.00000,-0.00004,0.00084,1.00000,0.00000,1.00000,0.00123,0.00000,1.00000,0.25000,1.00000,1.00000,0.14239,0.80000,0.02800,0.38000,1.00978,0.00000,0.00000,1.02000,-1.00000,0.00000,1.00000,0.00000,0.00000,17.00000,0.00000,1.06000,0.18000,1.00000,1.00000
74.73333,1.00000,0.00000,0.00000,-20.00000,0.00000,0.00000,0.00000,0.01674,48.00000,0.00429,-0.00441,1.05796,0.01227,1.06819,0.00531,0.54553,1.34096,0.40343,1.00000,1.00000,0.14143,0.88183,0.02800,0.33336,1.01372,0.00000,0.00000,1.02000,-1.00000,0.00000,1.00000,0.00000,0.00000,17.00000,0.00000,1.09410,0.18000,1.00000,1.00000
74.76667,1.00000,0.00000,0.00000,-20.00000,0.00000,0.00000,0.00000,0.01966,48.00000,-0.00291,0.00091,1.04220,0.00894,1.04964,0.00418,0.39714,1.24821,0.36170,1.00000,1.00000,0.14036,0.85957,0.02800,0.34604,1.01765,0.00000,0.00000,1.02000,-1.00000,0.00000,1.00000,0.00000,0.00000,17.00000,0.00000,1.08482,0.18000,1.00000,1.00000
74.80000,1.00000,0.00000,0.00000,-20.00000,0.00000,0.00000,0.00000,0.01100,48.00000,-0.00062,0.00158,1.03072,0.00651,1.03614,0.00337,0.28912,1.18070,0.33131,1.00000,1.00000,0.14000,0.84337,0.02800,0.35528,1.02159,0.00000,0.00000,1.02000,-1.00000,0.00000,1.00000,0.00000,0.00000,17.00000,0.00000,1.07807,0.18000,1.00000,1.00000
74.83333,1.00000,0.00000,0.00000,-20.00000,0.00000,0.00000,0.00000,0.00533,48.00000,0.00290,-0.00242,1.02236,0.00474,1.02631,0.00279,0.21048,1.13155,0.30920,1.00000,1.00000,0.14049,0.83157,0.02800,0.36200,1.02552,0.00000,0.00000,1.02000,-1.00000,0.00000,1.00000,0.00000,0.00000,17.00000,0.00000,1.07315,0.18000,1.00000,1.00000
74.86667,1.00000,0.00000,0.00000,-20.00000,0.00000,0.00000,0.00000,0.00720,48.00000,-0.00259,0.00181,1.01628,0.00345,1.01915,0.00235,0.15323,1.09577,0.29309,1.00000,1.00000,0.14000,0.82298,0.02800,0.36690,1.02945,0.00000,0.00000,1.02000,-1.00000,0.00000,1.00000,0.00000,0.00000,17.00000,0.00000,1.06958,0.18000,1.00000,1.00000
74.90000,1.00000,0.00000,0.00000,-20.00000,0.00000,0.00000,0.00000,0.01108,48.00000,0.00076,-0.00051,1.01185,0.00251,1.01394,0.00226,0.11155,1.06972,0.28137,1.00000,1.00000,0.15674,0.81673,0.02800,0.37046,1.03339,0.00000,0.00000,1.02000,-1.00000,0.00000,1.00000,0.00000,0.00000,17.00000,0.00000,1.06697,0.18000,1.00000,1.00000
74.93333,1.00000,0.00000,0.00000,-20.00000,0.00000,0.00000,0.00000,0.01191,48.00000,0.00084,-0.00083,1.00863,0.00183,1.01015,0.00181,0.08121,1.05075,0.27284,1.00000,1.00000,0.14000,0.81218,0.02800,0.37306,1.03732,0.00000,0.00000,1.02000,-1.00000,0.00000,1.00000,0.00000,0.00000,17.00000,0.00000,1.06508,0.18000,1.00000,1.00000
74.96667,1.00000,0.00000,0.00000,-20.00000,0.00000,0.00000,0.00000,0.01016,48.00000,-0.00080,0.00146,1.00628,0.00133,1.00739,0.00164,0.05912,1.03695,0.26663,1.00000,1.00000,0.14000,0.80887,0.02800,0.37495,1.04126,0.00000,0.00000,1.02000,-1.00000,0.00000,1.00000,0.00000,0.00000,17.00000,0.00000,1.06369,0.18000,1.00000,1.00000
75.00000,1.00000,0.00000,0.00000,-20.00000,0.00000,0.00000,0.00000,0.00876,48.00000,-0.00046,-0.00122,1.00457,0.00097,1.00538,0.00152,0.04304,1.02690,0.26210,1.00000,1.00000,0.14000,0.80646,0.02800,0.37632,1.04519,0.00000,0.00000,1.02000,-1.00000,0.00000,1.00000,0.00000,0.00000,17.00000,0.00000,1.06269,0.18000,1.00000,1.00000
75.03333,1.00000,0.00000,0.00000,-20.00000,0.00000,0.00000,0.00000,0.00886,48.00000,0.00153,0.00039,1.00333,0.00070,1.00392,0.00144,0.03133,1.01958,0.25881,1.00000,1.00000,0.14021,0.80470,0.02800,0.37732,1.04913,0.00000,0.00000,1.02000,-1.00000,0.00000,1.00000,0.00000,0.00000,17.00000,0.00000,1.06196,0.18000,1.00000,1.00000
75.06667,1.00000,0.00000,0.00000,-20.00000,0.00000,0.00000,0.00000,0.00946,48.00000,-0.00134,0.00047,1.00242,0.00051,1.00285,0.00142,0.02281,1.01426,0.25642,1.00000,1.00000,0.14398,0.80342,0.02800,0.37805,1.05306,0.00000,0.00000,1.02000,-1.00000,0.00000,1.00000,0.00000,0.00000,17.00000,0.00000,1.06143,0.18000,1.00000,1.00000
75.10000,1.00000,0.00000,0.00000,-20.00000,0.00000,0.00000,0.00000,0.00948,48.00000,0.00028,-0.00092,1.00176,0.00037,1.00208,0.00132,0.01660,1.01038,0.25467,1.00000,1.00000,0.14000,0.80249,0.02800,0.37858,1.05699,0.00000,0.00000,1.02000,-1.00000,0.00000,1.00000,0.00000,0.00000,17.00000,0.00000,1.06104,0.18000,1.00000,1.00000
75.13333,1.00000,0.00000,0.00000,-20.00000,0.00000,0.00000,0.00000,0.00892,48.00000,0.00072,0.00085,1.00128,0.00027,1.00151,0.00129,0.01209,1.00756,0.25340,1.00000,1.00000,0.14000,0.80181,0.02800,0.37897,1.06093,0.00000,0.00000,1.02000,-1.00000,0.00000,1.00000,0.00000,0.00000,17.00000,0.00000,1.06076,0.18000,1.00000,1.00000
75.16667,1.00000,0.00000,0.00000,-20.00000,0.00000,0.00000,0.00000,0.00837,48.00000,-0.00086,-0.00033,1.00094,0.00020,1.00110,0.00127,0.00880,1.00550,0.25248,1.00000,1.00000,0.14000,0.80132,0.02800,0.37925,1.06486,0.00000,0.00000,1.02000,-1.00000,0.00000,1.00000,0.00000,0.00000,17.00000,0.00000,1.06055,0.18000,1.00000,1.00000
75.20000,1.00000,0.00000,0.00000,-20.00000,0.00000,0.00000,0.00000,0.00822,48.00000,0.00012,-0.00033,1.00000,0.00000,1.00000,0.00122,0.00000,1.00000,0.25000,1.00000,1.00000,0.14179,0.80000,0.02800,0.38000,1.06880,0.00000,0.00000,1.02000,-1.00000,0.00000,1.00000,0.00000,0.00000,17.00000,0.00000,1.06000,0.18000,1.00000,1.00000
75.23333,1.00000,0.00000,0.00000,-20.00000,0.00000,0.00000,0.00000,0.00789,48.00000,0.00063,0.00076,1.00000,0.00000,1.00000,0.00120,0.00000,1.00000,0.25000,1.00000,1.00000,0.14010,0.80000,0.02800,0.38000,1.07273,0.00000,0.00000,1.02000,-1.00000,0.00000,1.00000,0.00000,0.00000,17.00000,0.00000,1.06000,0.18000,1.00000,1.00000
75.26667,1.00000,0.00000,0.00000,-20.00000,0.00000,0.00000,0.00000,0.02146,48.00000,-0.00391,-0.00466,1.05993,0.01269,1.07051,0.00549,0.56408,1.35255,0.40865,1.00000,1.00000,0.14413,0.88461,0.02800,0.33177,1.07667,0.00000,0.00000,1.02000,-1.00000,0.00000,1.00000,0.00000,0.00000,17.00000,0.00000,1.09526,0.18000,1.00000,1.00000
75.30000,1.00000,0.00000,0.00000,-20.00000,0.00000,0.00000,0.00000,0.01200,48.00000,-0.00080,0.00152,1.04363,0.00924,1.05133,0.00433,0.41065,1.25666,0.36549,1.00000,1.00000,0.14367,0.86160,0.02800,0.34489,1.08060,0.00000,0.00000,1.02000,-1.00000,0.00000,1.00000,0.00000,0.00000,17.00000,0.00000,1.08567,0.18000,1.00000,1.00000
75.33333,1.00000,0.00000,0.00000,-20.00000,0.00000,0.00000,0.00000,0.00169,48.00000,0.00389,0.00108,1.03176,0.00673,1.03737,0.00346,0.29895,1.18684,0.33408,1.00000,1.00000,0.14127,0.84484,0.02800,0.35444,1.08453,0.00000,0.00000,1.02000,-1.00000,0.00000,1.00000,0.00000,0.00000,17.00000,0.00000,1.07868,0.18000,1.00000,1.00000
75.36667,1.00000,0.00000,0.00000,-20.00000,0.00000,0.00000,0.00000,0.00130,48.00000,-0.00345,-0.00214,1.02312,0.00490,1.02720,0.00284,0.21763,1.13602,0.31121,1.00000,1.00000,0.14075,0.83265,0.02800,0.36139,1.08847,0.00000,0.00000,1.02000,-1.00000,0.00000,1.00000,0.00000,0.00000,17.00000,0.00000,1.07360,0.18000,1.00000,1.00000
75.40000,1.00000,0.00000,0.00000,-20.00000,0.00000,0.00000,0.00000,0.00611,48.00000,0.00111,0.00181,1.01683,0.00356,1.01980,0.00244,0.15844,1.09902,0.29456,1.00000,1.00000,0.14364,0.82377,0.02800,0.36645,1.09240,0.00000,0.00000,1.02000,-1.00000,0.00000,1.00000,0.00000,0.00000,17.00000,0.00000,1.06990,0.18000,1.00000,1.00000
75.43333,1.00000,0.00000,0.00000,-20.00000,0.00000,0.00000,0.00000,0.00816,48.00000,0.00076,-0.00068,1.01226,0.00260,1.01442,0.00207,0.11534,1.07209,0.28244,1.00000,1.00000,0.14026,0.81730,0.02800,0.37014,1.09634,0.00000,0.00000,1.02000,-1.00000,0.00000,1.00000,0.00000,0.00000,17.00000,0.00000,1.06721,0.18000,1.00000,1.00000
75.46667,1.00000,0.00000,0.00000,-20.00000,0.00000,0.00000,0.00000,0.00610,48.00000,-0.00088,-0.00044,1.00892,0.00189,1.01050,0.00183,0.08397,1.05248,0.27362,1.00000,1.00000,0.14013,0.81260,0.02800,0.37282,1.10027,0.00000,0.00000,1.02000,-1.00000,0.00000,1.00000,0.00000,0.00000,17.00000,0.00000,1.06525,0.18000,1.00000,1.00000
75.50000,1.00000,0.00000,0.00000,-20.00000,0.00000,0.00000,0.00000,0.00350,48.00000,-0.00028,0.00109,1.00649,0.00138,1.00764,0.00166,0.06113,1.03821,0.26719,1.00000,1.00000,0.14000,0.80917,0.02800,0.37477,1.10421,0.00000,0.00000,1.02000,-1.00000,0.00000,1.00000,0.00000,0.00000,17.00000,0.00000,1.06382,0.18000,1.00000,1.00000
75.53333,1.00000,0.00000,0.00000,-20.00000,0.00000,0.00000,0.00000,0.00281,48.00000,0.00138,-0.00105,1.00473,0.00100,1.00556,0.00155,0.04450,1.02781,0.26252,1.00000,1.00000,0.14146,0.80668,0.02800,0.37620,1.10814,0.00000,0.00000,1.02000,-1.00000,0.00000,1.00000,0.00000,0.00000,17.00000,0.00000,1.06278,0.18000,1.00000,1.00000
75.56667,1.00000,0.00000,0.00000,-20.00000,0.00000,0.00000,0.00000,0.00331,48.00000,-0.00133,0.00046,1.00344,0.00073,1.00405,0.00144,0.03240,1.02025,0.25911,1.00000,1.00000,0.14000,0.80486,0.02800,0.37723,1.11208,0.00000,0.00000,1.02000,-1.00000,0.00000,1.00000,0.00000,0.00000,17.00000,0.00000,1.06202,0.18000,1.00000,1.00000
75.60000,1.00000,0.00000,0.00000,-20.00000,0.00000,0.00000,0.00000,0.00336,48.00000,0.00030,0.00027,1.00251,0.00053,1.00295,0.00145,0.02358,1.01474,0.25663,1.00000,1.00000,0.14572,0.80354,0.02800,0.37798,1.11601,0.00000,0.00000,1.02000,-1.00000,0.00000,1.00000,0.00000,0.00000,17.00000,0.00000,1.06147,0.18000,1.00000,1.00000
75.63333,1.00000,0.00000,0.00000,-20.00000,0.00000,0.00000,0.00000,0.00255,48.00000,0.00087,-0.00084,1.00182,0.00039,1.00215,0.00133,0.01717,1.01073,0.25483,1.00000,1.00000,0.14023,0.80258,0.02800,0.37853,1.11994,0.00000,0.00000,1.02000,-1.00000,0.00000,1.00000,0.00000,0.00000,17.00000,0.00000,1.06107,0.18000,1.00000,1.00000
75.66667,1.00000,0.00000,0.00000,-20.00000,0.00000,0.00000,0.00000,0.00156,48.00000,-0.00115,0.00091,1.00133,0.00028,1.00156,0.00129,0.01250,1.00781,0.25352,1.00000,1.00000,0.14000,0.80187,0.02800,0.37893,1.12388,0.00000,0.00000,1.02000,-1.00000,0.00000,1.00000,0.00000,0.00000,17.00000,0.00000,1.06078,0.18000,1.00000,1.00000
75.70000,1.00000,0.00000,0.00000,-20.00000,0.00000,0.00000,0.00000,0.00093,48.00000,0.00034,-0.00045,1.00097,0.00020,1.00114,0.00127,0.00910,1.00569,0.25256,1.00000,1.00000,0.14000,0.80136,0.02800,0.37922,1.12781,0.00000,0.00000,1.02000,-1.00000,0.00000,1.00000,0.00000,0.00000,17.00000,0.00000,1.06057,0.18000,1.00000,1.00000
75.73333,1.00000,0.00000,0.00000,-20.00000,0.00000,0.00000,0.00000,0.00059,48.00000,0.00055,-0.00021,1.00000,0.00000,1.00000,0.00121,0.00000,1.00000,0.25000,1.00000,1.00000,0.14081,0.80000,0.02800,0.38000,1.13175,0.00000,0.00000,1.02000,-1.00000,0.00000,1.00000,0.00000,0.00000,17.00000,0.00000,1.06000,0.18000,1.00000,1.00000
75.76667,1.00000,0.00000,0.00000,-20.00000,0.00000,0.00000,0.00000,0.00002,48.00000,-0.00064,0.00068,1.00000,0.00000,1.00000,0.00122,0.00000,1.00000,0.25000,1.00000,1.00000,0.14174,0.80000,0.02800,0.38000,1.13568,0.00000,0.00000,1.02000,-1.00000,0.00000,1.00000,0.00000,0.00000,17.00000,0.00000,1.06000,0.18000,1.00000,1.00000
75.80000,1.00000,0.00000,0.00000,-20.00000,0.00000,0.00000,0.00000,0.00964,48.00000,-0.00076,-0.00374,1.05802,0.01229,1.06825,0.00530,0.54602,1.34127,0.40357,1.00000,1.00000,0.14000,0.88190,0.02800,0.33331,1.13962,0.00000,0.00000,1.02000,-1.00000,0.00000,1.00000,0.00000,0.00000,17.00000,0.00000,1.09413,0.18000,1.00000,1.00000
75.83333,1.00000,0.00000,0.00000,-20.00000,0.00000,0.00000,0.00000,-0.00490,48.00000,0.00287,0.00104,1.04223,0.00894,1.04969,0.00418,0.39750,1.24844,0.36180,1.00000,1.00000,0.14000,0.85963,0.02800,0.34601,1.14355,0.00000,0.00000,1.02000,-1.00000,0.00000,1.00000,0.00000,0.00000,17.00000,0.00000,1.08484,0.18000,1.00000,1.00000
75.86667,1.00000,0.00000,0.00000,-20.00000,0.00000,0.00000,0.00000,-0.00890,48.00000,-0.00220,0.00030,1.03075,0.00651,1.03617,0.00337,0.28938,1.18086,0.33139,1.00000,1.00000,0.14000,0.84341,0.02800,0.35526,1.14748,0.00000,0.00000,1.02000,-1.00000,0.00000,1.00000,0.00000,0.00000,17.00000,0.00000,1.07809,0.18000,1.00000,1.00000
75.90000,1.00000,0.00000,0.00000,-20.00000,0.00000,0.00000,0.00000,-0.00370,48.00000,0.00072,-0.00082,1.02238,0.00474,1.02633,0.00278,0.21067,1.13167,0.30925,1.00000,1.00000,0.14000,0.83160,0.02800,0.36199,1.15142,0.00000,0.00000,1.02000,-1.00000,0.00000,1.00000,0.00000,0.00000,17.00000,0.00000,1.07317,0.18000,1.00000,1.00000
75.93333,1.00000,0.00000,0.00000,-20.00000,0.00000,0.00000,0.00000,0.00034,48.00000,0.00038,0.00074,1.01630,0.00345,1.01917,0.00235,0.15337,1.09585,0.29313,1.00000,1.00000,0.14000,0.82300,0.02800,0.36689,1.15535,0.00000,0.00000,1.02000,-1.00000,0.00000,1.00000,0.00000,0.00000,17.00000,0.00000,1.06959,0.18000,1.00000,1.00000
75.96667,1.00000,0.00000,0.00000,-20.00000,0.00000,0.00000,0.00000,-0.00103,48.00000,-0.00098,-0.00065,1.01186,0.00251,1.01396,0.00213,0.11165,1.06978,0.28140,1.00000,1.00000,0.14718,0.81675,0.02800,0.37045,1.15929,0.00000,0.00000,1.02000,-1.00000,0.00000,1.00000,0.00000,0.00000,17.00000,0.00000,1.06698,0.18000,1.00000,1.00000
76.00000,1.00000,0.00000,0.00000,-20.00000,0.00000,0.00000,0.00000,-0.00440,48.00000,-0.00008,-0.00024,1.00864,0.00183,1.01016,0.00185,0.08128,1.05080,0.27286,1.00000,1.00000,0.14296,0.81219,0.02800,0.37305,1.16322,0.00000,0.00000,1.02000,-1.00000,0.00000,1.00000,0.00000,0.00000,17.00000,0.00000,1.06508,0.18000,1.00000,1.00000
76.03333,1.00000,0.00000,0.00000,-20.00000,0.00000,0.00000,0.00000,-0.00584,48.00000,0.00128,0.00086,1.00629,0.00133,1.00740,0.00164,0.05917,1.03698,0.26664,1.00000,1.00000,0.14000,0.80888,0.02800,0.37494,1.16716,0.00000,0.00000,1.02000,-1.00000,0.00000,1.00000,0.00000,0.00000,17.00000,0.00000,1.06370,0.18000,1.00000,1.00000
76.06667,1.00000,0.00000,0.00000,-20.00000,0.00000,0.00000,0.00000,-0.00528,48.00000,-0.00132,-0.00090,1.00458,0.00097,1.00538,0.00152,0.04308,1.02692,0.26212,1.00000,1.00000,0.14000,0.80646,0.02800,0.37632,1.17109,0.00000,0.00000,1.02000,-1.00000,0.00000,1.00000,0.00000,0.00000,17.00000,0.00000,1.06269,0.18000,1.00000,1.00000
76.10000,1.00000,0.00000,0.00000,-20.00000,0.00000,0.00000,0.00000,-0.00477,48.00000,0.00029,0.00046,1.00333,0.00071,1.00392,0.00145,0.03136,1.01960,0.25882,1.00000,1.00000,0.14138,0.80470,0.02800,0.37732,1.17502,0.00000,0.00000,1.02000,-1.00000,0.00000,1.00000,0.00000,0.00000,17.00000,0.00000,1.06196,0.18000,1.00000,1.00000
76.13333,1.00000,0.00000,0.00000,-20.00000,0.00000,0.00000,0.00000,-0.00532,48.00000,0.00084,0.00014,1.00243,0.00051,1.00285,0.00141,0.02283,1.01427,0.25642,1.00000,1.00000,0.14315,0.80342,0.02800,0.37805,1.17896,0.00000,0.00000,1.02000,-1.00000,0.00000,1.00000,0.00000,0.00000,17.00000,0.00000,1.06143,0.18000,1.00000,1.00000
76.16667,1.00000,0.00000,0.00000,-20.00000,0.00000,0.00000,0.00000,-0.00634,48.00000,-0.00112,-0.00061,1.00177,0.00037,1.00208,0.00132,0.01662,1.01039,0.25467,1.00000,1.00000,0.14000,0.80249,0.02800,0.37858,1.18289,0.00000,0.00000,1.02000,-1.00000,0.00000,1.00000,0.00000,0.00000,17.00000,0.00000,1.06104,0.18000,1.00000,1.00000
76.20000,1.00000,0.00000,0.00000,-20.00000,0.00000,0.00000,0.00000,-0.00700,48.00000,0.00044,0.00068,1.00129,0.00027,1.00151,0.00129,0.01210,1.00756,0.25340,1.00000,1.00000,0.14000,0.80181,0.02800,0.37897,1.18683,0.00000,0.00000,1.02000,-1.00000,0.00000,1.00000,0.00000,0.00000,17.00000,0.00000,1.06076,0.18000,1.00000,1.00000
76.23333,1.00000,0.00000,0.00000,-20.00000,0.00000,0.00000,0.00000,-0.00711,48.00000,0.00036,-0.00035,1.00000,0.00000,1.00000,0.00120,0.00000,1.00000,0.25000,1.00000,1.00000,0.14000,0.80000,0.02800,0.38000,1.19076,0.00000,0.00000,1.02000,-1.00000,0.00000,1.00000,0.00000,0.00000,17.00000,0.00000,1.06000,0.18000,1.00000,1.00000
76.26667,1.00000,0.00000,0.00000,-20.00000,0.00000,0.00000,0.00000,-0.00750,48.00000,-0.00056,-0.00010,1.00000,0.00000,1.00000,0.00124,0.00000,1.00000,0.25000,1.00000,1.00000,0.14299,0.80000,0.02800,0.38000,1.19470,0.00000,0.00000,1.02000,-1.00000,0.00000,1.00000,0.00000,0.00000,17.00000,0.00000,1.06000,0.18000,1.00000,1.00000
76.30000,1.00000,0.00000,0.00000,-20.00000,0.00000,0.00000,0.00000,-0.00786,48.00000,-0.00010,0.00052,1.00000,0.00000,1.00000,0.00122,0.00000,1.00000,0.25000,1.00000,1.00000,0.14127,0.80000,0.02800,0.38000,1.19863,0.00000,0.00000,1.02000,-1.00000,0.00000,1.00000,0.00000,0.00000,17.00000,0.00000,1.06000,0.18000,1.00000,1.00000
76.33333,0.00000,7.26151,1.32336,4.23066,0.00000,0.18000,0.00000,-0.07870,49.94503,0.00584,-0.00373,1.05163,0.01093,1.06074,0.00487,0.48588,1.34873,0.77331,1.00000,1.00000,0.14159,0.67648,0.02800,0.40080,0.00000,0.00000,0.00000,1.02000,-1.00000,0.00000,1.00000,0.00000,0.00000,17.00000,0.00000,1.09037,0.18000,1.00000,1.00000
76.36667,0.00000,7.29111,1.32156,4.30713,0.00000,0.18000,0.00000,-0.08697,49.59785,-0.00604,0.00187,1.03758,0.00796,1.04422,0.00385,0.35372,1.26842,0.69897,1.00000,1.00000,0.14000,0.66112,0.02800,0.41419,0.00000,0.00000,0.00000,1.02000,-1.00000,0.00000,1.00000,0.00000,0.00000,17.00000,0.00000,1.08211,0.18000,1.00000,1.00000
76.40000,0.00000,7.30324,1.31655,4.37405,0.00000,0.18000,0.00000,-0.08260,49.36240,0.00227,0.00034,1.02736,0.00579,1.03219,0.00313,0.25751,1.20931,0.64485,1.00000,1.00000,0.14000,0.64994,0.02800,0.42393,0.00000,0.00000,0.00000,1.02000,-1.00000,0.00000,1.00000,0.00000,0.00000,17.00000,0.00000,1.07609,0.18000,1.00000,1.00000
76.43333,0.00000,7.30231,1.30918,4.43367,0.00000,0.18000,0.00000,-0.07640,49.20860,0.00105,-0.00156,1.01992,0.00422,1.02343,0.00261,0.18746,1.16582,0.60545,1.00000,1.00000,0.14000,0.64179,0.02800,0.43102,0.00000,0.00000,0.00000,1.02000,-1.00000,0.00000,1.00000,0.00000,0.00000,17.00000,0.00000,1.07172,0.18000,1.00000,1.00000
76.46667,0.00000,7.29169,1.30008,4.48774,0.00000,0.18000,0.00000,-0.07598,49.11447,-0.00164,0.00157,1.01450,0.00307,1.01706,0.00222,0.13647,1.13383,0.57677,1.00000,1.00000,0.14000,0.63586,0.02800,0.43618,0.00000,0.00000,0.00000,1.02000,-1.00000,0.00000,1.00000,0.00000,0.00000,17.00000,0.00000,1.06853,0.18000,1.00000,1.00000
76.50000,0.00000,7.27387,1.28972,4.53760,0.00000,0.18000,0.00000,-0.07929,49.06393,0.00017,-0.00069,1.01056,0.00224,1.01242,0.00197,0.09935,1.11026,0.55589,1.00000,1.00000,0.14205,0.63155,0.02800,0.43994,0.00000,0.00000,0.00000,1.02000,-1.00000,0.00000,1.00000,0.00000,0.00000,17.00000,0.00000,1.06621,0.18000,1.00000,1.00000
76.53333,0.00000,7.25073,1.27846,4.58427,0.00000,0.18000,0.00000,-0.08130,49.04523,0.00101,-0.00011,1.00768,0.00163,1.00904,0.00174,0.07233,1.09284,0.54068,1.00000,1.00000,0.14000,0.62841,0.02800,0.44268,0.00000,0.00000,0.00000,1.02000,-1.00000,0.00000,1.00000,0.00000,0.00000,17.00000,0.00000,1.06452,0.18000,1.00000,1.00000
76.56667,0.00000,7.22366,1.26656,4.62848,0.00000,0.18000,0.00000,-0.08067,49.04980,-0.00111,0.00059,1.00559,0.00118,1.00658,0.00159,0.05265,1.07993,0.52962,1.00000,1.00000,0.14000,0.62612,0.02800,0.44467,0.00000,0.00000,0.00000,1.02000,-1.00000,0.00000,1.00000,0.00000,0.00000,17.00000,0.00000,1.06329,0.18000,1.00000,1.00000
76.60000,0.00000,7.19366,1.25419,4.67081,0.00000,0.18000,0.00000,-0.07943,49.07139,0.00021,-0.00057,1.00407,0.00086,1.00479,0.00149,0.03833,1.07030,0.52156,1.00000,1.00000,0.14000,0.62446,0.02800,0.44612,0.00000,0.00000,0.00000,1.02000,-1.00000,0.00000,1.00000,0.00000,0.00000,17.00000,0.00000,1.06240,0.18000,1.00000,1.00000
76.63333,0.00000,7.16147,1.24149,4.71168,0.00000,0.18000,0.00000,-0.07926,49.10544,0.00043,0.00022,1.00296,0.00063,1.00349,0.00141,0.02791,1.06306,0.51570,1.00000,1.00000,0.14000,0.62324,0.02800,0.44717,0.00000,0.00000,0.00000,1.02000,-1.00000,0.00000,1.00000,0.00000,0.00000,17.00000,0.00000,1.06174,0.18000,1.00000,1.00000
76.66667,0.00000,7.12764,1.22858,4.75138,0.00000,0.18000,0.00000,-0.07989,49.14862,-0.00106,0.00007,1.00216,0.00046,1.00254,0.00218,0.02032,1.05756,0.51143,1.00000,1.00000,0.20118,0.62236,0.02800,0.44794,0.00000,0.00000,0.00000,1.02000,-1.00000,0.00000,1.00000,0.00000,0.00000,17.00000,0.00000,1.06127,0.18000,1.00000,1.00000
76.70000,0.00000,7.09257,1.21550,4.79016,0.00000,0.18000,0.00000,-0.08032,49.19850,0.00062,-0.00052,1.00157,0.00033,1.00185,0.00131,0.01479,1.05333,0.50832,1.00000,1.00000,0.14000,0.62172,0.02800,0.44850,0.00000,0.00000,0.00000,1.02000,-1.00000,0.00000,1.00000,0.00000,0.00000,17.00000,0.00000,1.06092,0.18000,1.00000,1.00000
76.73333,0.00000,7.05654,1.20233,4.82817,0.00000,0.18000,0.00000,-0.08018,49.25333,0.00029,0.00061,1.00114,0.00024,1.00135,0.00128,0.01077,1.05002,0.50606,1.00000,1.00000,0.14000,0.62125,0.02800,0.44891,0.00000,0.00000,0.00000,1.02000,-1.00000,0.00000,1.00000,0.00000,0.00000,17.00000,0.00000,1.06067,0.18000,1.00000,1.00000
76.76667,0.00000,7.02354,1.18973,4.86816,0.00000,0.18000,0.00000,-0.07992,49.28673,-0.00053,-0.00036,1.00000,0.00000,1.00000,0.00120,0.00000,1.04259,0.50000,1.00000,1.00000,0.14000,0.62000,0.02800,0.45000,0.00000,0.00000,0.00000,1.02000,-1.00000,0.00000,1.00000,0.00000,0.00000,17.00000,0.00000,1.06000,0.18000,1.00000,1.00000
76.80000,0.00000,6.98512,1.17628,4.90428,0.00000,0.18000,0.00000,-0.07983,49.35471,-0.00004,-0.00006,1.00000,0.00000,1.00000,0.00120,0.00000,1.04175,0.50000,1.00000,1.00000,0.14000,0.62000,0.02800,0.45000,0.00000,0.00000,0.00000,1.02000,-1.00000,0.00000,1.00000,0.00000,0.00000,17.00000,0.00000,1.06000,0.18000,1.00000,1.00000
76.83333,0.00000,6.94650,1.16285,4.94010,0.00000,0.18000,0.00000,-0.07971,49.42287,0.00089,0.00043,1.00000,0.00000,1.00000,0.00120,0.00000,1.04092,0.50000,1.00000,1.00000,0.14000,0.62000,0.02800,0.45000,0.00000,0.00000,0.00000,1.02000,-1.00000,0.00000,1.00000,0.00000,0.00000,17.00000,0.00000,1.06000,0.18000,1.00000,1.00000
76.86667,0.00000,6.71113,1.11675,4.83404,0.00000,0.18000,0.00000,-0.08807,50.85538,-0.00596,-0.00282,1.04526,0.00958,1.05325,0.00439,0.42600,1.29625,0.73962,1.00000,1.00000,0.14000,0.66952,0.02800,0.40687,0.00000,0.00000,0.00000,1.02000,-1.00000,0.00000,1.00000,0.00000,0.00000,17.00000,0.00000,1.08662,0.18000,1.00000,1.00000
76.90000,0.00000,6.72529,1.11238,4.90624,0.00000,0.18000,0.00000,-0.08583,50.55473,0.00229,0.00137,1.03295,0.00698,1.03877,0.00353,0.31013,1.22636,0.67445,1.00000,1.00000,0.14000,0.65605,0.02800,0.41860,0.00000,0.00000,0.00000,1.02000,-1.00000,0.00000,1.00000,0.00000,0.00000,17.00000,0.00000,1.07938,0.18000,1.00000,1.00000
76.93333,0.00000,6.72510,1.10561,4.96864,0.00000,0.18000,0.00000,-0.07777,50.35403,0.00089,0.00015,1.02399,0.00508,1.02822,0.00289,0.22577,1.17493,0.62700,1.00000,1.00000,0.14000,0.64625,0.02800,0.42714,0.00000,0.00000,0.00000,1.02000,-1.00000,0.00000,1.00000,0.00000,0.00000,17.00000,0.00000,1.07411,0.18000,1.00000,1.00000
76.96667,0.00000,6.71423,1.09708,5.02361,0.00000,0.18000,0.00000,-0.07483,50.22640,-0.00101,-0.00061,1.01746,0.00370,1.02054,0.00243,0.16436,1.13710,0.59245,1.00000,1.00000,0.14000,0.63911,0.02800,0.43336,0.00000,0.00000,0.00000,1.02000,-1.00000,0.00000,1.00000,0.00000,0.00000,17.00000,0.00000,1.07027,0.18000,1.00000,1.00000
77.00000,0.00000,6.69546,1.08727,5.07296,0.00000,0.18000,0.00000,-0.07743,50.15215,0.00033,0.00078,1.01271,0.00269,1.01496,0.00386,0.11965,1.10924,0.56730,1.00000,1.00000,0.27088,0.63391,0.02800,0.43789,0.00000,0.00000,0.00000,1.02000,-1.00000,0.00000,1.00000,0.00000,0.00000,17.00000,0.00000,1.06748,0.18000,1.00000,1.00000
77.03333,0.00000,6.67084,1.07653,5.11805,0.00000,0.18000,0.00000,-0.07994,50.11690,0.00112,-0.00071,1.00926,0.00196,1.01089,0.00185,0.08711,1.08869,0.54900,1.00000,1.00000,0.14000,0.63013,0.02800,0.44118,0.00000,0.00000,0.00000,1.02000,-1.00000,0.00000,1.00000,0.00000,0.00000,17.00000,0.00000,1.06544,0.18000,1.00000,1.00000
77.06667,0.00000,6.64190,1.06514,5.15991,0.00000,0.18000,0.00000,-0.07945,50.11014,-0.00153,-0.00009,1.00674,0.00143,1.00793,0.00175,0.06341,1.07349,0.53567,1.00000,1.00000,0.14546,0.62737,0.02800,0.44358,0.00000,0.00000,0.00000,1.02000,-1.00000,0.00000,1.00000,0.00000,0.00000,17.00000,0.00000,1.06396,0.18000,1.00000,1.00000
77.10000,0.00000,6.60977,1.05327,5.19929,0.00000,0.18000,0.00000,-0.07753,50.12423,0.00035,0.00070,1.00490,0.00104,1.00577,0.00155,0.04616,1.06218,0.52597,1.00000,1.00000,0.14000,0.62537,0.02800,0.44533,0.00000,0.00000,0.00000,1.02000,-1.00000,0.00000,1.00000,0.00000,0.00000,17.00000,0.00000,1.06289,0.18000,1.00000,1.00000
77.13333,0.00000,6.57527,1.04108,5.23678,0.00000,0.18000,0.00000,-0.07649,50.15355,0.00112,-0.00084,1.00357,0.00076,1.00420,0.00145,0.03361,1.05372,0.51890,1.00000,1.00000,0.14000,0.62391,0.02800,0.44660,0.00000,0.00000,0.00000,1.02000,-1.00000,0.00000,1.00000,0.00000,0.00000,17.00000,0.00000,1.06210,0.18000,1.00000,1.00000
77.16667,0.00000,6.53901,1.02865,5.27279,0.00000,0.18000,0.00000,-0.07660,50.19405,-0.00155,0.00048,1.00260,0.00055,1.00306,0.00138,0.02447,1.04733,0.51376,1.00000,1.00000,0.14000,0.62284,0.02800,0.44752,0.00000,0.00000,0.00000,1.02000,-1.00000,0.00000,1.00000,0.00000,0.00000,17.00000,0.00000,1.06153,0.18000,1.00000,1.00000
77.20000,0.00000,6.50142,1.01606,5.30763,0.00000,0.18000,0.00000,-0.07678,50.24274,0.00074,0.00006,1.00189,0.00040,1.00223,0.00133,0.01781,1.04245,0.51002,1.00000,1.00000,0.14000,0.62207,0.02800,0.44820,0.00000,0.00000,0.00000,1.02000,-1.00000,0.00000,1.00000,0.00000,0.00000,17.00000,0.00000,1.06111,0.18000,1.00000,1.00000
77.23333,0.00000,6.46283,1.00338,5.34153,0.00000,0.18000,0.00000,-0.07636,50.29745,0.00014,-0.00032,1.00138,0.00029,1.00162,0.00130,0.01297,1.03867,0.50729,1.00000,1.00000,0.14000,0.62151,0.02800,0.44869,0.00000,0.00000,0.00000,1.02000,-1.00000,0.00000,1.00000,0.00000,0.00000,17.00000,0.00000,1.06081,0.18000,1.00000,1.00000
77.26667,0.00000,6.42346,0.99062,5.37465,0.00000,0.18000,0.00000,-0.07559,50.35661,-0.00030,0.00030,1.00100,0.00021,1.00118,0.00127,0.00944,1.03569,0.50531,1.00000,1.00000,0.14000,0.62110,0.02800,0.44904,0.00000,0.00000,0.00000,1.02000,-1.00000,0.00000,1.00000,0.00000,0.00000,17.00000,0.00000,1.06059,0.18000,1.00000,1.00000
77.30000,0.00000,6.38650,0.97829,5.40967,0.00000,0.18000,0.00000,-0.07511,50.39665,0.00001,-0.00017,1.00000,0.00000,1.00000,0.00120,0.00000,1.02913,0.50000,1.00000,1.00000,0.14000,0.62000,0.02800,0.45000,0.00000,0.00000,0.00000,1.02000,-1.00000,0.00000,1.00000,0.00000,0.00000,17.00000,0.00000,1.06000,0.18000,1.00000,1.00000
77.33333,0.00000,6.34522,0.96535,5.44089,0.00000,0.18000,0.00000,-0.07462,50.46763,0.00038,-0.00002,1.00000,0.00000,1.00000,0.00120,0.00000,1.02829,0.50000,1.00000,1.00000,0.14000,0.62000,0.02800,0.45000,0.00000,0.00000,0.00000,1.02000,-1.00000,0.00000,1.00000,0.00000,0.00000,17.00000,0.00000,1.06000,0.18000,1.00000,1.00000
77.36667,0.00000,6.30377,0.95245,5.47180,0.00000,0.18000,0.00000,-0.07411,50.53881,-0.00080,0.00029,1.00000,0.00000,1.00000,0.00363,0.00000,1.02744,0.50000,1.00000,1.00000,0.32075,0.62000,0.02800,0.45000,0.00000,0.00000,0.00000,1.02000,-1.00000,0.00000,1.00000,0.00000,0.00000,17.00000,0.00000,1.06000,0.18000,1.00000,1.00000
77.40000,0.00000,3.54127,1.40265,6.74651,0.00000,0.18000,0.00000,-0.08180,54.52381,0.00247,-0.00218,1.03591,0.00761,1.04225,0.00380,0.33802,1.19025,0.69014,1.00000,1.00000,0.14517,0.65930,0.02800,0.41578,0.00000,0.00000,0.00000,1.02000,-1.00000,0.00000,1.00000,0.00000,0.00000,17.00000,0.00000,1.08113,0.18000,1.00000,1.00000
77.43333,0.00000,3.51780,1.39874,6.80135,0.00000,0.18000,0.00000,-0.07366,54.28577,0.00105,0.00111,1.02615,0.00554,1.03076,0.00305,0.24608,1.13671,0.63842,1.00000,1.00000,0.14000,0.64861,0.02800,0.42508,0.00000,0.00000,0.00000,1.02000,-1.00000,0.00000,1.00000,0.00000,0.00000,17.00000,0.00000,1.07538,0.18000,1.00000,1.00000
77.46667,0.00000,3.48806,1.39244,6.84490,0.00000,0.18000,0.00000,-0.06845,54.13255,-0.00201,0.00012,1.01903,0.00403,1.02239,0.00254,0.17914,1.09732,0.60077,1.00000,1.00000,0.14000,0.64083,0.02800,0.43186,0.00000,0.00000,0.00000,1.02000,-1.00000,0.00000,1.00000,0.00000,0.00000,17.00000,0.00000,1.07120,0.18000,1.00000,1.00000
77.50000,0.00000,3.45373,1.38439,6.87999,0.00000,0.18000,0.00000,-0.06968,54.04133,0.00079,-0.00086,1.01386,0.00293,1.01630,0.00218,0.13042,1.06833,0.57336,1.00000,1.00000,0.14000,0.63516,0.02800,0.43680,0.00000,0.00000,0.00000,1.02000,-1.00000,0.00000,1.00000,0.00000,0.00000,17.00000,0.00000,1.06815,0.18000,1.00000,1.00000
77.53333,0.00000,3.41604,1.37506,6.90872,0.00000,0.18000,0.00000,-0.07245,53.99540,0.00077,0.00099,1.01009,0.00214,1.01187,0.00191,0.09494,1.04696,0.55341,1.00000,1.00000,0.14000,0.63104,0.02800,0.44039,0.00000,0.00000,0.00000,1.02000,-1.00000,0.00000,1.00000,0.00000,0.00000,17.00000,0.00000,1.06593,0.18000,1.00000,1.00000
77.56667,0.00000,3.37592,1.36483,6.93270,0.00000,0.18000,0.00000,-0.07255,53.98258,-0.00125,-0.00058,1.00734,0.00156,1.00864,0.00172,0.06912,1.03115,0.53888,1.00000,1.00000,0.14000,0.62803,0.02800,0.44300,0.00000,0.00000,0.00000,1.02000,-1.00000,0.00000,1.00000,0.00000,0.00000,17.00000,0.00000,1.06432,0.18000,1.00000,1.00000
77.60000,0.00000,3.33402,1.35393,6.95308,0.00000,0.18000,0.00000,-0.07054,53.99396,0.00031,-0.00007,1.00535,0.00113,1.00629,0.00158,0.05032,1.01941,0.52830,1.00000,1.00000,0.14000,0.62585,0.02800,0.44491,0.00000,0.00000,0.00000,1.02000,-1.00000,0.00000,1.00000,0.00000,0.00000,17.00000,0.00000,1.06314,0.18000,1.00000,1.00000
77.63333,0.00000,3.29083,1.34256,6.97075,0.00000,0.18000,0.00000,-0.06892,54.02306,0.00096,0.00055,1.00389,0.00082,1.00458,0.00147,0.03663,1.01063,0.52060,1.00000,1.00000,0.14000,0.62426,0.02800,0.44629,0.00000,0.00000,0.00000,1.02000,-1.00000,0.00000,1.00000,0.00000,0.00000,17.00000,0.00000,1.06229,0.18000,1.00000,1.00000
77.66667,0.00000,3.24671,1.33086,6.98634,0.00000,0.18000,0.00000,-0.06862,54.06512,-0.00151,-0.00069,1.00283,0.00060,1.00333,0.00147,0.02667,1.00402,0.51500,1.00000,1.00000,0.14486,0.62310,0.02800,0.44730,0.00000,0.00000,0.00000,1.02000,-1.00000,0.00000,1.00000,0.00000,0.00000,17.00000,0.00000,1.06167,0.18000,1.00000,1.00000
77.70000,0.00000,3.20192,1.31893,7.00033,0.00000,0.18000,0.00000,-0.06874,54.11670,0.00090,0.00041,1.00206,0.00044,1.00243,0.00135,0.01941,0.99898,0.51092,1.00000,1.00000,0.14000,0.62226,0.02800,0.44803,0.00000,0.00000,0.00000,1.02000,-1.00000,0.00000,1.00000,0.00000,0.00000,17.00000,0.00000,1.06121,0.18000,1.00000,1.00000
77.73333,0.00000,3.15664,1.30684,7.01305,0.00000,0.18000,0.00000,-0.06837,54.17526,0.00014,0.00006,1.00150,0.00032,1.00177,0.00131,0.01413,0.99509,0.50795,1.00000,1.00000,0.14000,0.62164,0.02800,0.44857,0.00000,0.00000,0.00000,1.02000,-1.00000,0.00000,1.00000,0.00000,0.00000,17.00000,0.00000,1.06088,0.18000,1.00000,1.00000
77.76667,0.00000,3.11100,1.29465,7.02477,0.00000,0.18000,0.00000,-0.06755,54.23899,-0.00071,-0.00054,1.00109,0.00023,1.00129,0.00128,0.01029,0.99203,0.50579,1.00000,1.00000,0.14000,0.62120,0.02800,0.44896,0.00000,0.00000,0.00000,1.02000,-1.00000,0.00000,1.00000,0.00000,0.00000,17.00000,0.00000,1.06064,0.18000,1.00000,1.00000
77.80000,0.00000,3.06511,1.28238,7.03567,0.00000,0.18000,0.00000,-0.06677,54.30653,0.00015,0.00069,1.00080,0.00017,1.00094,0.00126,0.00749,0.98958,0.50421,1.00000,1.00000,0.14000,0.62087,0.02800,0.44924,0.00000,0.00000,0.00000,1.02000,-1.00000,0.00000,1.00000,0.00000,0.00000,17.00000,0.00000,1.06047,0.18000,1.00000,1.00000
77.83333,0.00000,3.02016,1.27055,7.04852,0.00000,0.18000,0.00000,-0.06639,54.35791,0.00084,-0.00041,1.00000,0.00000,1.00000,0.00120,0.00000,0.98442,0.50000,1.00000,1.00000,0.14000,0.62000,0.02800,0.45000,0.00000,0.00000,0.00000,1.02000,-1.00000,0.00000,1.00000,0.00000,0.00000,17.00000,0.00000,1.06000,0.18000,1.00000,1.00000
77.86667,0.00000,2.97363,1.25809,7.05742,0.00000,0.18000,0.00000,-0.06586,54.43557,-0.00127,-0.00005,1.00000,0.00000,1.00000,0.00131,0.00000,0.98359,0.50000,1.00000,1.00000,0.14788,0.62000,0.02800,0.45000,0.00000,0.00000,0.00000,1.02000,-1.00000,0.00000,1.00000,0.00000,0.00000,17.00000,0.00000,1.06000,0.18000,1.00000,1.00000
77.90000,0.00000,2.92710,1.24566,7.06600,0.00000,0.18000,0.00000,-0.06535,54.51344,0.00064,0.00045,1.00000,0.00000,1.00000,0.00124,0.00000,0.98276,0.50000,1.00000,1.00000,0.14325,0.62000,0.02800,0.45000,0.00000,0.00000,0.00000,1.02000,-1.00000,0.00000,1.00000,0.00000,0.00000,17.00000,0.00000,1.06000,0.18000,1.00000,1.00000
77.93333,0.00000,2.78679,1.19311,6.84398,0.00000,0.18000,0.00000,-0.07017,56.29670,0.00191,-0.00310,1.05200,0.01101,1.06118,0.00487,0.48942,1.25916,0.77530,1.00000,1.00000,0.14000,0.67690,0.02800,0.40045,0.00000,0.00000,0.00000,1.02000,-1.00000,0.00000,1.00000,0.00000,0.00000,17.00000,0.00000,1.09059,0.18000,1.00000,1.00000
77.96667,0.00000,2.76626,1.19170,6.91286,0.00000,0.18000,0.00000,-0.05809,55.91387,-0.00386,0.00159,1.03786,0.00802,1.04454,0.00387,0.35630,1.18372,0.70042,1.00000,1.00000,0.14000,0.66142,0.02800,0.41392,0.00000,0.00000,0.00000,1.02000,-1.00000,0.00000,1.00000,0.00000,0.00000,17.00000,0.00000,1.08227,0.18000,1.00000,1.00000
78.00000,0.00000,2.73865,1.18737,6.96560,0.00000,0.18000,0.00000,-0.05808,55.65574,0.00185,0.00016,1.02756,0.00584,1.03242,0.00315,0.25938,1.12816,0.64590,1.00000,1.00000,0.14060,0.65015,0.02800,0.42374,0.00000,0.00000,0.00000,1.02000,-1.00000,0.00000,1.00000,0.00000,0.00000,17.00000,0.00000,1.07621,0.18000,1.00000,1.00000
78.03333,0.00000,2.70583,1.18090,7.00615,0.00000,0.18000,0.00000,-0.06400,55.48880,0.00079,-0.00120,1.02006,0.00425,1.02360,0.00262,0.18883,1.08729,0.60622,1.00000,1.00000,0.14036,0.64195,0.02800,0.43088,0.00000,0.00000,0.00000,1.02000,-1.00000,0.00000,1.00000,0.00000,0.00000,17.00000,0.00000,1.07180,0.18000,1.00000,1.00000
78.06667,0.00000,2.66920,1.17287,7.03756,0.00000,0.18000,0.00000,-0.06641,55.38853,-0.00155,0.00128,1.01461,0.00309,1.01718,0.00223,0.13747,1.05720,0.57733,1.00000,1.00000,0.14000,0.63598,0.02800,0.43608,0.00000,0.00000,0.00000,1.02000,-1.00000,0.00000,1.00000,0.00000,0.00000,17.00000,0.00000,1.06859,0.18000,1.00000,1.00000
78.10000,0.00000,2.62982,1.16369,7.06214,0.00000,0.18000,0.00000,-0.06401,55.33699,0.00042,-0.00073,1.01063,0.00225,1.01251,0.00201,0.10008,1.03502,0.55629,1.00000,1.00000,0.14442,0.63163,0.02800,0.43987,0.00000,0.00000,0.00000,1.02000,-1.00000,0.00000,1.00000,0.00000,0.00000,17.00000,0.00000,1.06625,0.18000,1.00000,1.00000
78.13333,0.00000,2.58845,1.15370,7.08158,0.00000,0.18000,0.00000,-0.06117,55.32107,0.00120,-0.00007,1.00774,0.00164,1.00911,0.00180,0.07285,1.01862,0.54098,1.00000,1.00000,0.14380,0.62847,0.02800,0.44262,0.00000,0.00000,0.00000,1.02000,-1.00000,0.00000,1.00000,0.00000,0.00000,17.00000,0.00000,1.06455,0.18000,1.00000,1.00000
78.16667,0.00000,2.54564,1.14312,7.09718,0.00000,0.18000,0.00000,-0.06069,55.33119,-0.00183,0.00065,1.00564,0.00119,1.00663,0.00162,0.05304,1.00644,0.52983,1.00000,1.00000,0.14153,0.62617,0.02800,0.44463,0.00000,0.00000,0.00000,1.02000,-1.00000,0.00000,1.00000,0.00000,0.00000,17.00000,0.00000,1.06331,0.18000,1.00000,1.00000
78.20000,0.00000,2.50181,1.13212,7.10988,0.00000,0.18000,0.00000,-0.06162,55.36036,0.00113,-0.00078,1.00410,0.00087,1.00483,0.00149,0.03861,0.99735,0.52172,1.00000,1.00000,0.14000,0.62449,0.02800,0.44609,0.00000,0.00000,0.00000,1.02000,-1.00000,0.00000,1.00000,0.00000,0.00000,17.00000,0.00000,1.06241,0.18000,1.00000,1.00000
78.23333,0.00000,2.45724,1.12083,7.12036,0.00000,0.18000,0.00000,-0.06199,55.40348,0.00007,0.00047,1.00299,0.00063,1.00351,0.00143,0.02811,0.99050,0.51581,1.00000,1.00000,0.14112,0.62327,0.02800,0.44715,0.00000,0.00000,0.00000,1.02000,-1.00000,0.00000,1.00000,0.00000,0.00000,17.00000,0.00000,1.06176,0.18000,1.00000,1.00000
78.26667,0.00000,2.41216,1.10934,7.12915,0.00000,0.18000,0.00000,-0.06138,55.45684,-0.00068,0.00005,1.00217,0.00046,1.00256,0.00135,0.02046,0.98529,0.51151,1.00000,1.00000,0.14000,0.62238,0.02800,0.44793,0.00000,0.00000,0.00000,1.02000,-1.00000,0.00000,1.00000,0.00000,0.00000,17.00000,0.00000,1.06128,0.18000,1.00000,1.00000
78.30000,0.00000,2.36672,1.09770,7.13660,0.00000,0.18000,0.00000,-0.06062,55.51772,0.00027,-0.00053,1.00158,0.00034,1.00186,0.00131,0.01490,0.98126,0.50838,1.00000,1.00000,0.14000,0.62173,0.02800,0.44849,0.00000,0.00000,0.00000,1.02000,-1.00000,0.00000,1.00000,0.00000,0.00000,17.00000,0.00000,1.06093,0.18000,1.00000,1.00000
78.33333,0.00000,2.32103,1.08598,7.14300,0.00000,0.18000,0.00000,-0.06034,55.58415,0.00069,0.00068,1.00115,0.00024,1.00136,0.00128,0.01084,0.97811,0.50610,1.00000,1.00000,0.14000,0.62126,0.02800,0.44890,0.00000,0.00000,0.00000,1.02000,-1.00000,0.00000,1.00000,0.00000,0.00000,17.00000,0.00000,1.06068,0.18000,1.00000,1.00000
78.36667,0.00000,2.27640,1.07478,7.15242,0.00000,0.18000,0.00000,-0.06043,55.62664,-0.00108,-0.00041,1.00000,0.00000,1.00000,0.00126,0.00000,0.97108,0.50000,1.00000,1.00000,0.14432,0.62000,0.02800,0.45000,0.00000,0.00000,0.00000,1.02000,-1.00000,0.00000,1.00000,0.00000,0.00000,17.00000,0.00000,1.06000,0.18000,1.00000,1.00000
78.40000,0.00000,2.23007,1.06280,7.15620,0.00000,0.18000,0.00000,-0.06028,55.70783,0.00061,-0.00004,1.00000,0.00000,1.00000,0.00123,0.00000,0.97025,0.50000,1.00000,1.00000,0.14190,0.62000,0.02800,0.45000,0.00000,0.00000,0.00000,1.02000,-1.00000,0.00000,1.00000,0.00000,0.00000,17.00000,0.00000,1.06000,0.18000,1.00000,1.00000
78.43333,0.00000,2.23688,-0.88972,6.89987,0.00000,0.10000,0.00000,0.08947,54.36363,0.00240,0.00301,1.06151,0.01303,1.07237,0.00574,0.57892,1.14037,0.90821,1.00000,1.00000,0.15498,0.68730,0.02800,0.39138,0.00000,0.00000,0.00000,1.02000,-1.00000,0.00000,1.00000,0.00000,0.00000,17.00000,0.00000,1.09618,0.18000,1.00000,1.00000
78.46667,0.00000,2.21487,-0.88956,6.97536,0.00000,0.10000,0.00000,0.10436,53.92269,-0.00538,-0.00342,1.04478,0.00948,1.05268,0.00438,0.42145,1.06310,0.81077,1.00000,1.00000,0.14174,0.66899,0.02800,0.40733,0.00000,0.00000,0.00000,1.02000,-1.00000,0.00000,1.00000,0.00000,0.00000,17.00000,0.00000,1.08634,0.18000,1.00000,1.00000
78.50000,0.00000,2.18611,-0.88685,7.03181,0.00000,0.10000,0.00000,0.10761,53.62266,0.00304,0.00187,1.03260,0.00690,1.03835,0.00350,0.30682,1.00614,0.73984,1.00000,1.00000,0.14000,0.65567,0.02800,0.41893,0.00000,0.00000,0.00000,1.02000,-1.00000,0.00000,1.00000,0.00000,0.00000,17.00000,0.00000,1.07918,0.18000,1.00000,1.00000
78.53333,0.00000,2.15239,-0.88225,7.07385,0.00000,0.10000,0.00000,0.10133,53.42578,0.00052,0.00010,1.02373,0.00503,1.02792,0.00304,0.22336,0.96421,0.68820,1.00000,1.00000,0.15230,0.64597,0.02800,0.42738,0.00000,0.00000,0.00000,1.02000,-1.00000,0.00000,1.00000,0.00000,0.00000,17.00000,0.00000,1.07396,0.18000,1.00000,1.00000
78.56667,0.00000,2.11507,-0.87628,7.10508,0.00000,0.10000,0.00000,0.09658,53.30433,-0.00176,-0.00129,1.01728,0.00366,1.02033,0.00244,0.16261,0.93334,0.65061,1.00000,1.00000,0.14156,0.63890,0.02800,0.43354,0.00000,0.00000,0.00000,1.02000,-1.00000,0.00000,1.00000,0.00000,0.00000,17.00000,0.00000,1.07016,0.18000,1.00000,1.00000
78.60000,0.00000,2.07515,-0.86930,7.12821,0.00000,0.10000,0.00000,0.09760,53.23803,0.00048,0.00129,1.01258,0.00266,1.01480,0.00209,0.11838,0.91059,0.62325,1.00000,1.00000,0.14000,0.63376,0.02800,0.43801,0.00000,0.00000,0.00000,1.02000,-1.00000,0.00000,1.00000,0.00000,0.00000,17.00000,0.00000,1.06740,0.18000,1.00000,1.00000
78.63333,0.00000,2.03337,-0.86159,7.14529,0.00000,0.10000,0.00000,0.10055,53.21207,0.00096,-0.00061,1.00916,0.00194,1.01077,0.00185,0.08618,0.89379,0.60332,1.00000,1.00000,0.14000,0.63002,0.02800,0.44127,0.00000,0.00000,0.00000,1.02000,-1.00000,0.00000,1.00000,0.00000,0.00000,17.00000,0.00000,1.06539,0.18000,1.00000,1.00000
78.66667,0.00000,1.99027,-0.85337,7.15785,0.00000,0.10000,0.00000,0.10134,53.21560,-0.00110,-0.00001,1.00667,0.00141,1.00784,0.00167,0.06274,0.88133,0.58882,1.00000,1.00000,0.14000,0.62729,0.02800,0.44365,0.00000,0.00000,0.00000,1.02000,-1.00000,0.00000,1.00000,0.00000,0.00000,17.00000,0.00000,1.06392,0.18000,1.00000,1.00000
78.70000,0.00000,1.94624,-0.84478,7.16700,0.00000,0.10000,0.00000,0.10003,53.24070,0.00063,0.00032,1.00485,0.00103,1.00571,0.00154,0.04567,0.87204,0.57826,1.00000,1.00000,0.14000,0.62531,0.02800,0.44538,0.00000,0.00000,0.00000,1.02000,-1.00000,0.00000,1.00000,0.00000,0.00000,17.00000,0.00000,1.06285,0.18000,1.00000,1.00000
78.73333,0.00000,1.90156,-0.83593,7.17357,0.00000,0.10000,0.00000,0.09882,53.28162,0.00001,-0.00039,1.00353,0.00075,1.00416,0.00145,0.03325,0.86506,0.57057,1.00000,1.00000,0.14000,0.62387,0.02800,0.44663,0.00000,0.00000,0.00000,1.02000,-1.00000,0.00000,1.00000,0.00000,0.00000,17.00000,0.00000,1.06208,0.18000,1.00000,1.00000
78.76667,0.00000,1.85643,-0.82689,7.17818,0.00000,0.10000,0.00000,0.09875,53.33413,-0.00045,0.00034,1.00257,0.00054,1.00303,0.00325,0.02421,0.85977,0.56498,1.00000,1.00000,0.27879,0.62281,0.02800,0.44755,0.00000,0.00000,0.00000,1.02000,-1.00000,0.00000,1.00000,0.00000,0.00000,17.00000,0.00000,1.06151,0.18000,1.00000,1.00000
78.80000,0.00000,1.81101,-0.81774,7.18128,0.00000,0.10000,0.00000,0.09913,53.39516,0.00037,0.00000,1.00187,0.00040,1.00220,0.00133,0.01762,0.85570,0.56090,1.00000,1.00000,0.14000,0.62205,0.02800,0.44822,0.00000,0.00000,0.00000,1.02000,-1.00000,0.00000,1.00000,0.00000,0.00000,17.00000,0.00000,1.06110,0.18000,1.00000,1.00000
78.83333,0.00000,1.76539,-0.80850,7.18318,0.00000,0.10000,0.00000,0.09910,53.46247,0.00051,-0.00051,1.00136,0.00029,1.00160,0.00130,0.01283,0.85253,0.55794,1.00000,1.00000,0.14000,0.62149,0.02800,0.44870,0.00000,0.00000,0.00000,1.02000,-1.00000,0.00000,1.00000,0.00000,0.00000,17.00000,0.00000,1.06080,0.18000,1.00000,1.00000
78.86667,0.00000,1.71967,-0.79921,7.18414,0.00000,0.10000,0.00000,0.09860,53.53444,-0.00103,0.00071,1.00099,0.00021,1.00117,0.00127,0.00934,0.85000,0.55578,1.00000,1.00000,0.14000,0.62109,0.02800,0.44905,0.00000,0.00000,0.00000,1.02000,-1.00000,0.00000,1.00000,0.00000,0.00000,17.00000,0.00000,1.06058,0.18000,1.00000,1.00000
78.90000,0.00000,1.67466,-0.79026,7.18768,0.00000,0.10000,0.00000,0.09818,53.58667,0.00056,-0.00046,1.00000,0.00000,1.00000,0.00120,0.00000,0.84458,0.55000,1.00000,1.00000,0.14000,0.62000,0.02800,0.45000,0.00000,0.00000,0.00000,1.02000,-1.00000,0.00000,1.00000,0.00000,0.00000,17.00000,0.00000,1.06000,0.18000,1.00000,1.00000
78.93333,0.00000,1.62862,-0.78083,7.18630,0.00000,0.10000,0.00000,0.09784,53.67097,0.00036,0.00001,1.00000,0.00000,1.00000,0.00120,0.00000,0.84379,0.55000,1.00000,1.00000,0.14000,0.62000,0.02800,0.45000,0.00000,0.00000,0.00000,1.02000,-1.00000,0.00000,1.00000,0.00000,0.00000,17.00000,0.00000,1.06000,0.18000,1.00000,1.00000
78.96667,0.00000,1.53256,-0.74700,6.95719,0.00000,0.10000,0.00000,0.09850,55.37621,-0.00552,0.00252,1.05052,0.01070,1.05943,0.00477,0.47547,1.07434,0.84419,1.00000,1.00000,0.14000,0.67527,0.02800,0.40186,0.00000,0.00000,0.00000,1.02000,-1.00000,0.00000,1.00000,0.00000,0.00000,17.00000,0.00000,1.08972,0.18000,1.00000,1.00000
79.00000,0.00000,1.50105,-0.74432,7.01567,0.00000,0.10000,0.00000,0.10547,55.02292,0.00337,-0.00287,1.03678,0.00779,1.04327,0.00380,0.34614,1.01125,0.76417,1.00000,1.00000,0.14000,0.66024,0.02800,0.41495,0.00000,0.00000,0.00000,1.02000,-1.00000,0.00000,1.00000,0.00000,0.00000,17.00000,0.00000,1.08163,0.18000,1.00000,1.00000
79.03333,0.00000,1.46558,-0.73986,7.05806,0.00000,0.10000,0.00000,0.10018,54.78809,0.00006,0.00168,1.02677,0.00567,1.03150,0.00309,0.25199,0.96479,0.70592,1.00000,1.00000,0.14000,0.64929,0.02800,0.42449,0.00000,0.00000,0.00000,1.02000,-1.00000,0.00000,1.00000,0.00000,0.00000,17.00000,0.00000,1.07575,0.18000,1.00000,1.00000
79.06667,0.00000,1.42725,-0.73409,7.08834,0.00000,0.10000,0.00000,0.09350,54.63993,-0.00151,-0.00008,1.01949,0.00413,1.02293,0.00258,0.18345,0.93058,0.66351,1.00000,1.00000,0.14000,0.64133,0.02800,0.43143,0.00000,0.00000,0.00000,1.02000,-1.00000,0.00000,1.00000,0.00000,0.00000,17.00000,0.00000,1.07147,0.18000,1.00000,1.00000
79.10000,0.00000,1.38687,-0.72737,7.10957,0.00000,0.10000,0.00000,0.09261,54.55517,0.00060,-0.00107,1.01419,0.00300,1.01669,0.00221,0.13355,0.90538,0.63263,1.00000,1.00000,0.14078,0.63552,0.02800,0.43648,0.00000,0.00000,0.00000,1.02000,-1.00000,0.00000,1.00000,0.00000,0.00000,17.00000,0.00000,1.06835,0.18000,1.00000,1.00000
79.13333,0.00000,1.34506,-0.71996,7.12403,0.00000,0.10000,0.00000,0.09525,54.51675,0.00123,0.00140,1.01033,0.00219,1.01215,0.00199,0.09722,0.88678,0.61016,1.00000,1.00000,0.14468,0.63130,0.02800,0.44016,0.00000,0.00000,0.00000,1.02000,-1.00000,0.00000,1.00000,0.00000,0.00000,17.00000,0.00000,1.06608,0.18000,1.00000,1.00000
79.16667,0.00000,1.30225,-0.71206,7.13344,0.00000,0.10000,0.00000,0.09649,54.51224,-0.00233,-0.00103,1.00752,0.00159,1.00885,0.00173,0.07078,0.87301,0.59379,1.00000,1.00000,0.14000,0.62823,0.02800,0.44283,0.00000,0.00000,0.00000,1.02000,-1.00000,0.00000,1.00000,0.00000,0.00000,17.00000,0.00000,1.06442,0.18000,1.00000,1.00000
79.20000,0.00000,1.25875,-0.70381,7.13907,0.00000,0.10000,0.00000,0.09517,54.53253,0.00160,0.00009,1.00547,0.00116,1.00644,0.00159,0.05153,0.86276,0.58188,1.00000,1.00000,0.14000,0.62599,0.02800,0.44478,0.00000,0.00000,0.00000,1.02000,-1.00000,0.00000,1.00000,0.00000,0.00000,17.00000,0.00000,1.06322,0.18000,1.00000,1.00000
79.23333,0.00000,1.21479,-0.69532,7.14185,0.00000,0.10000,0.00000,0.09335,54.57098,-0.00003,0.00073,1.00399,0.00084,1.00469,0.00148,0.03751,0.85508,0.57321,1.00000,1.00000,0.14000,0.62436,0.02800,0.44620,0.00000,0.00000,0.00000,1.02000,-1.00000,0.00000,1.00000,0.00000,0.00000,17.00000,0.00000,1.06234,0.18000,1.00000,1.00000
79.26667,0.00000,1.17053,-0.68665,7.14247,0.00000,0.10000,0.00000,0.09262,54.62276,-0.00093,-0.00103,1.00290,0.00061,1.00341,0.00140,0.02731,0.84927,0.56690,1.00000,1.00000,0.14000,0.62317,0.02800,0.44724,0.00000,0.00000,0.00000,1.02000,-1.00000,0.00000,1.00000,0.00000,0.00000,17.00000,0.00000,1.06171,0.18000,1.00000,1.00000
79.30000,0.00000,1.12610,-0.67787,7.14143,0.00000,0.10000,0.00000,0.09268,54.68432,0.00060,0.00073,1.00211,0.00045,1.00248,0.00203,0.01988,0.84482,0.56230,1.00000,1.00000,0.19044,0.62231,0.02800,0.44799,0.00000,0.00000,0.00000,1.02000,-1.00000,0.00000,1.00000,0.00000,0.00000,17.00000,0.00000,1.06124,0.18000,1.00000,1.00000
79.33333,0.00000,1.08156,-0.66902,7.13911,0.00000,0.10000,0.00000,0.09252,54.75308,0.00032,-0.00008,1.00154,0.00033,1.00181,0.00131,0.01447,0.84137,0.55895,1.00000,1.00000,0.14000,0.62168,0.02800,0.44853,0.00000,0.00000,0.00000,1.02000,-1.00000,0.00000,1.00000,0.00000,0.00000,17.00000,0.00000,1.06090,0.18000,1.00000,1.00000
79.36667,0.00000,1.03699,-0.66012,7.13577,0.00000,0.10000,0.00000,0.09184,54.82718,-0.00079,-0.00042,1.00112,0.00024,1.00132,0.00128,0.01054,0.83865,0.55652,1.00000,1.00000,0.14000,0.62122,0.02800,0.44893,0.00000,0.00000,0.00000,1.02000,-1.00000,0.00000,1.00000,0.00000,0.00000,17.00000,0.00000,1.06066,0.18000,1.00000,1.00000
79.40000,0.00000,0.99242,-0.65119,7.13162,0.00000,0.10000,0.00000,0.09101,54.90524,0.00047,0.00063,1.00081,0.00017,1.00096,0.00126,0.00767,0.83644,0.55475,1.00000,1.00000,0.14000,0.62089,0.02800,0.44922,0.00000,0.00000,0.00000,1.02000,-1.00000,0.00000,1.00000,0.00000,0.00000,17.00000,0.00000,1.06048,0.18000,1.00000,1.00000
79.43333,0.00000,0.94825,-0.64250,7.12952,0.00000,0.10000,0.00000,0.09052,54.96680,0.00022,-0.00036,1.00000,0.00000,1.00000,0.00120,0.00000,0.83190,0.55000,1.00000,1.00000,0.14000,0.62000,0.02800,0.45000,0.00000,0.00000,0.00000,1.02000,-1.00000,0.00000,1.00000,0.00000,0.00000,17.00000,0.00000,1.06000,0.18000,1.00000,1.00000
79.46667,0.00000,0.90367,-0.63349,7.12338,0.00000,0.10000,0.00000,0.08995,55.05533,-0.00049,0.00005,1.00000,0.00000,1.00000,0.00120,0.00000,0.83110,0.55000,1.00000,1.00000,0.14000,0.62000,0.02800,0.45000,0.00000,0.00000,0.00000,1.02000,-1.00000,0.00000,1.00000,0.00000,0.00000,17.00000,0.00000,1.06000,0.18000,1.00000,1.00000
79.50000,0.00000,0.83506,-0.60697,6.91705,0.00000,0.10000,0.00000,0.09805,56.60827,0.00391,0.00194,1.04466,0.00946,1.05254,0.00447,0.42034,1.03213,0.81009,1.00000,1.00000,0.14866,0.66886,0.02800,0.40744,0.00000,0.00000,0.00000,1.02000,-1.00000,0.00000,1.00000,0.00000,0.00000,17.00000,0.00000,1.08627,0.18000,1.00000,1.00000
79.53333,0.00000,0.79803,-0.60287,6.96372,0.00000,0.10000,0.00000,0.09499,56.30150,-0.00037,-0.00282,1.03251,0.00689,1.03825,0.00350,0.30601,0.97690,0.73934,1.00000,1.00000,0.14000,0.65557,0.02800,0.41902,0.00000,0.00000,0.00000,1.02000,-1.00000,0.00000,1.00000,0.00000,0.00000,17.00000,0.00000,1.07913,0.18000,1.00000,1.00000
79.56667,0.00000,0.75894,-0.59747,6.99606,0.00000,0.10000,0.00000,0.08664,56.10184,-0.00147,0.00180,1.02367,0.00501,1.02785,0.00287,0.22277,0.93622,0.68784,1.00000,1.00000,0.14000,0.64590,0.02800,0.42744,0.00000,0.00000,0.00000,1.02000,-1.00000,0.00000,1.00000,0.00000,0.00000,17.00000,0.00000,1.07392,0.18000,1.00000,1.00000
79.60000,0.00000,0.71841,-0.59113,7.01767,0.00000,0.10000,0.00000,0.08365,55.98054,0.00073,-0.00033,1.01723,0.00365,1.02027,0.00242,0.16218,0.90627,0.65035,1.00000,1.00000,0.14000,0.63885,0.02800,0.43358,0.00000,0.00000,0.00000,1.02000,-1.00000,0.00000,1.00000,0.00000,0.00000,17.00000,0.00000,1.07014,0.18000,1.00000,1.00000
79.63333,0.00000,0.67689,-0.58411,7.03127,0.00000,0.10000,0.00000,0.08606,55.91656,0.00107,-0.00088,1.01254,0.00266,1.01476,0.00209,0.11806,0.88419,0.62305,1.00000,1.00000,0.14000,0.63372,0.02800,0.43805,0.00000,0.00000,0.00000,1.02000,-1.00000,0.00000,1.00000,0.00000,0.00000,17.00000,0.00000,1.06738,0.18000,1.00000,1.00000
79.66667,0.00000,0.63472,-0.57659,7.03888,0.00000,0.10000,0.00000,0.08824,55.89450,-0.00200,0.00133,1.00913,0.00193,1.01074,0.00184,0.08595,0.86787,0.60318,1.00000,1.00000,0.14000,0.62999,0.02800,0.44130,0.00000,0.00000,0.00000,1.02000,-1.00000,0.00000,1.00000,0.00000,0.00000,17.00000,0.00000,1.06537,0.18000,1.00000,1.00000
79.70000,0.00000,0.59213,-0.56873,7.04204,0.00000,0.10000,0.00000,0.08745,55.90311,0.00145,-0.00104,1.00665,0.00141,1.00782,0.00167,0.06257,0.85576,0.58872,1.00000,1.00000,0.14000,0.62727,0.02800,0.44366,0.00000,0.00000,0.00000,1.02000,-1.00000,0.00000,1.00000,0.00000,0.00000,17.00000,0.00000,1.06391,0.18000,1.00000,1.00000
79.73333,0.00000,0.54929,-0.56063,7.04185,0.00000,0.10000,0.00000,0.08538,55.93417,-0.00005,0.00024,1.00484,0.00102,1.00569,0.00154,0.04555,0.84671,0.57818,1.00000,1.00000,0.14000,0.62530,0.02800,0.44539,0.00000,0.00000,0.00000,1.02000,-1.00000,0.00000,1.00000,0.00000,0.00000,17.00000,0.00000,1.06285,0.18000,1.00000,1.00000
79.76667,0.00000,0.50630,-0.55236,7.03915,0.00000,0.10000,0.00000,0.08426,55.98168,-0.00075,0.00046,1.00352,0.00075,1.00415,0.00145,0.03316,0.83991,0.57052,1.00000,1.00000,0.14000,0.62385,0.02800,0.44664,0.00000,0.00000,0.00000,1.02000,-1.00000,0.00000,1.00000,0.00000,0.00000,17.00000,0.00000,1.06207,0.18000,1.00000,1.00000
79.80000,0.00000,0.46327,-0.54398,7.03454,0.00000,0.10000,0.00000,0.08430,56.04127,0.00036,-0.00048,1.00257,0.00054,1.00302,0.00138,0.02414,0.83474,0.56494,1.00000,1.00000,0.14000,0.62281,0.02800,0.44756,0.00000,0.00000,0.00000,1.02000,-1.00000,0.00000,1.00000,0.00000,0.00000,17.00000,0.00000,1.06151,0.18000,1.00000,1.00000
79.83333,0.00000,0.42023,-0.53552,7.02846,0.00000,0.10000,0.00000,0.08442,56.10974,0.00016,0.00067,1.00187,0.00040,1.00220,0.00335,0.01757,0.83076,0.56087,1.00000,1.00000,0.29007,0.62204,0.02800,0.44822,0.00000,0.00000,0.00000,1.02000,-1.00000,0.00000,1.00000,0.00000,0.00000,17.00000,0.00000,1.06110,0.18000,1.00000,1.00000
79.86667,0.00000,0.37723,-0.52702,7.02124,0.00000,0.10000,0.00000,0.08397,56.18477,-0.00099,-0.00027,1.00136,0.00029,1.00160,0.00130,0.01279,0.82764,0.55792,1.00000,1.00000,0.14000,0.62149,0.02800,0.44870,0.00000,0.00000,0.00000,1.02000,-1.00000,0.00000,1.00000,0.00000,0.00000,17.00000,0.00000,1.06080,0.18000,1.00000,1.00000
79.90000,0.00000,0.33431,-0.51849,7.01311,0.00000,0.10000,0.00000,0.08323,56.26466,0.00067,-0.00051,1.00099,0.00021,1.00116,0.00127,0.00931,0.82515,0.55576,1.00000,1.00000,0.14000,0.62108,0.02800,0.44906,0.00000,0.00000,0.00000,1.02000,-1.00000,0.00000,1.00000,0.00000,0.00000,17.00000,0.00000,1.06058,0.18000,1.00000,1.00000
79.93333,0.00000,0.29148,-0.50995,7.00425,0.00000,0.10000,0.00000,0.08268,56.34817,0.00045,0.00099,1.00072,0.00015,1.00085,0.00125,0.00678,0.82312,0.55420,1.00000,1.00000,0.14000,0.62079,0.02800,0.44931,0.00000,0.00000,0.00000,1.02000,-1.00000,0.00000,1.00000,0.00000,0.00000,17.00000,0.00000,1.06042,0.18000,1.00000,1.00000
79.96667,0.00000,0.24884,-0.50158,6.99715,0.00000,0.10000,0.00000,0.08246,56.41683,-0.00128,-0.00086,1.00000,0.00000,1.00000,0.00124,0.00000,0.81905,0.55000,1.00000,1.00000,0.14312,0.62000,0.02800,0.45000,0.00000,0.00000,0.00000,1.02000,-1.00000,0.00000,1.00000,0.00000,0.00000,17.00000,0.00000,1.06000,0.18000,1.00000,1.00000
80.00000,0.00000,0.20621,-0.49301,6.98652,0.00000,0.10000,0.00000,0.08210,56.50989,0.00108,0.00027,1.00000,0.00000,1.00000,0.00127,0.00000,0.81824,0.55000,1.00000,1.00000,0.14491,0.62000,0.02800,0.45000,0.00000,0.00000,0.00000,1.02000,-1.00000,0.00000,1.00000,0.00000,0.00000,17.00000,0.00000,1.06000,0.18000,1.00000,1.00000
80.03333,0.00000,0.15812,-0.46792,6.73749,0.00000,0.10000,0.00000,0.09411,58.43145,-0.00115,0.00224,1.05462,0.01157,1.06426,0.00506,0.51410,1.05965,0.86810,1.00000,1.00000,0.14000,0.67976,0.02800,0.39795,0.00000,0.00000,0.00000,1.02000,-1.00000,0.00000,1.00000,0.00000,0.00000,17.00000,0.00000,1.09213,0.18000,1.00000,1.00000
80.06667,0.00000,0.11830,-0.46399,6.78975,0.00000,0.10000,0.00000,0.08197,58.03120,-0.00217,-0.00365,1.03977,0.00842,1.04678,0.00401,0.37426,0.99366,0.78157,1.00000,1.00000,0.14000,0.66351,0.02800,0.41211,0.00000,0.00000,0.00000,1.02000,-1.00000,0.00000,1.00000,0.00000,0.00000,17.00000,0.00000,1.08339,0.18000,1.00000,1.00000
80.10000,0.00000,0.07767,-0.45884,6.82517,0.00000,0.10000,0.00000,0.07488,57.76438,0.00129,0.00276,1.02895,0.00613,1.03406,0.00324,0.27246,0.94504,0.71859,1.00000,1.00000,0.14000,0.65167,0.02800,0.42241,0.00000,0.00000,0.00000,1.02000,-1.00000,0.00000,1.00000,0.00000,0.00000,17.00000,0.00000,1.07703,0.18000,1.00000,1.00000
80.13333,0.00000,0.03654,-0.45279,6.84794,0.00000,0.10000,0.00000,0.07761,57.59523,0.00125,-0.00085,1.02107,0.00446,1.02479,0.00271,0.19835,0.90924,0.67273,1.00000,1.00000,0.14182,0.64306,0.02800,0.42992,0.00000,0.00000,0.00000,1.02000,-1.00000,0.00000,1.00000,0.00000,0.00000,17.00000,0.00000,1.07240,0.18000,1.00000,1.00000
80.16667,0.00000,-0.00484,-0.44609,6.86124,0.00000,0.10000,0.00000,0.08244,57.49756,-0.00258,-0.00085,1.01534,0.00325,1.01805,0.00230,0.14440,0.88286,0.63935,1.00000,1.00000,0.14148,0.63679,0.02800,0.43538,0.00000,0.00000,0.00000,1.02000,-1.00000,0.00000,1.00000,0.00000,0.00000,17.00000,0.00000,1.06902,0.18000,1.00000,1.00000
80.20000,0.00000,-0.04634,-0.43893,6.86749,0.00000,0.10000,0.00000,0.08310,57.45218,0.00183,0.00163,1.01117,0.00237,1.01314,0.00204,0.10512,0.86340,0.61504,1.00000,1.00000,0.14398,0.63222,0.02800,0.43936,0.00000,0.00000,0.00000,1.02000,-1.00000,0.00000,1.00000,0.00000,0.00000,17.00000,0.00000,1.06657,0.18000,1.00000,1.00000
80.23333,0.00000,-0.08786,-0.43145,6.86850,0.00000,0.10000,0.00000,0.08067,57.44504,-0.00007,-0.00139,1.00813,0.00172,1.00957,0.00180,0.07653,0.84898,0.59735,1.00000,1.00000,0.14195,0.62890,0.02800,0.44225,0.00000,0.00000,0.00000,1.02000,-1.00000,0.00000,1.00000,0.00000,0.00000,17.00000,0.00000,1.06478,0.18000,1.00000,1.00000
80.26667,0.00000,-0.12932,-0.42373,6.86559,0.00000,0.10000,0.00000,0.07900,57.46590,-0.00109,0.00050,1.00592,0.00125,1.00696,0.00162,0.05571,0.83826,0.58447,1.00000,1.00000,0.14000,0.62648,0.02800,0.44436,0.00000,0.00000,0.00000,1.02000,-1.00000,0.00000,1.00000,0.00000,0.00000,17.00000,0.00000,1.06348,0.18000,1.00000,1.00000
80.30000,0.00000,-0.17068,-0.41586,6.85975,0.00000,0.10000,0.00000,0.07935,57.50727,0.00096,0.00045,1.00431,0.00091,1.00507,0.00150,0.04056,0.83022,0.57510,1.00000,1.00000,0.14000,0.62471,0.02800,0.44589,0.00000,0.00000,0.00000,1.02000,-1.00000,0.00000,1.00000,0.00000,0.00000,17.00000,0.00000,1.06253,0.18000,1.00000,1.00000
80.33333,0.00000,-0.21191,-0.40788,6.85170,0.00000,0.10000,0.00000,0.08032,57.56367,0.00002,-0.00102,1.00314,0.00066,1.00369,0.00142,0.02953,0.82416,0.56827,1.00000,1.00000,0.14000,0.62343,0.02800,0.44701,0.00000,0.00000,0.00000,1.02000,-1.00000,0.00000,1.00000,0.00000,0.00000,17.00000,0.00000,1.06185,0.18000,1.00000,1.00000
80.36667,0.00000,-0.25300,-0.39984,6.84197,0.00000,0.10000,0.00000,0.08054,57.63113,-0.00075,0.00097,1.00228,0.00048,1.00269,0.00136,0.02149,0.81952,0.56330,1.00000,1.00000,0.14000,0.62250,0.02800,0.44782,0.00000,0.00000,0.00000,1.02000,-1.00000,0.00000,1.00000,0.00000,0.00000,17.00000,0.00000,1.06134,0.18000,1.00000,1.00000
80.40000,0.00000,-0.29393,-0.39176,6.83096,0.00000,0.10000,0.00000,0.08011,57.70673,0.00056,-0.00043,1.00166,0.00035,1.00196,0.00134,0.01565,0.81592,0.55968,1.00000,1.00000,0.14187,0.62182,0.02800,0.44842,0.00000,0.00000,0.00000,1.02000,-1.00000,0.00000,1.00000,0.00000,0.00000,17.00000,0.00000,1.06098,0.18000,1.00000,1.00000
80.43333,0.00000,-0.33471,-0.38365,6.81893,0.00000,0.10000,0.00000,0.07980,57.78836,0.00039,-0.00033,1.00121,0.00026,1.00142,0.00129,0.01139,0.81308,0.55705,1.00000,1.00000,0.14000,0.62132,0.02800,0.44885,0.00000,0.00000,0.00000,1.02000,-1.00000,0.00000,1.00000,0.00000,0.00000,17.00000,0.00000,1.06071,0.18000,1.00000,1.00000
80.46667,0.00000,-0.37531,-0.37554,6.80611,0.00000,0.10000,0.00000,0.07992,57.87446,-0.00123,0.00091,1.00088,0.00019,1.00104,0.00135,0.00829,0.81079,0.55513,1.00000,1.00000,0.14616,0.62096,0.02800,0.44916,0.00000,0.00000,0.00000,1.02000,-1.00000,0.00000,1.00000,0.00000,0.00000,17.00000,0.00000,1.06052,0.18000,1.00000,1.00000
80.50000,0.00000,-0.41593,-0.36758,6.79546,0.00000,0.10000,0.00000,0.08018,57.94193,0.00104,-0.00086,1.00000,0.00000,1.00000,0.00125,0.00000,0.80604,0.55000,1.00000,1.00000,0.14382,0.62000,0.02800,0.45000,0.00000,0.00000,0.00000,1.02000,-1.00000,0.00000,1.00000,0.00000,0.00000,17.00000,0.00000,1.06000,0.18000,1.00000,1.00000
80.53333,0.00000,-0.45616,-0.35944,6.78068,0.00000,0.10000,0.00000,0.08030,58.03987,-0.00027,0.00042,1.00000,0.00000,1.00000,0.00120,0.00000,0.80522,0.55000,1.00000,1.00000,0.14000,0.62000,0.02800,0.45000,0.00000,0.00000,0.00000,1.02000,-1.00000,0.00000,1.00000,0.00000,0.00000,17.00000,0.00000,1.06000,0.18000,1.00000,1.00000
80.56667,1.00000,0.00000,0.00000,-20.00000,0.00000,0.00000,0.00000,-0.00500,48.00000,-0.00271,0.00154,1.04899,0.65189,1.05763,0.00466,0.46108,1.28817,0.37968,1.00000,1.00000,0.14000,0.92348,0.02800,0.32265,1.25222,0.00000,0.00000,1.02000,1.00000,0.00842,0.85980,0.30000,0.00000,17.00000,0.00000,1.08882,0.18000,1.00000,1.00000
80.60000,1.00000,0.00000,0.00000,-20.00000,0.00000,0.00000,0.00000,-0.01554,48.00000,0.00206,-0.00392,1.03566,0.44096,1.04196,0.00372,0.33566,1.20979,0.34441,1.00000,1.00000,0.14000,0.90350,0.02800,0.33281,1.25615,0.00000,0.00000,1.02000,1.00000,0.02337,0.85713,0.30000,0.00000,17.00000,0.00000,1.08098,0.18000,1.00000,1.00000
80.63333,1.00000,0.00000,0.00000,-20.00000,0.00000,0.00000,0.00000,-0.01453,48.00000,0.00120,0.00347,1.02596,0.29831,1.03055,0.00303,0.24436,1.15273,0.31873,1.00000,1.00000,0.14000,0.88895,0.02800,0.34021,1.26008,0.00000,0.00000,1.02000,1.00000,0.03832,0.85519,0.30000,0.00000,17.00000,0.00000,1.07527,0.18000,1.00000,1.00000
80.66667,1.00000,0.00000,0.00000,-20.00000,0.00000,0.00000,0.00000,-0.00822,48.00000,-0.00310,-0.00152,1.01890,0.20182,1.02224,0.00253,0.17789,1.11118,0.30003,1.00000,1.00000,0.14000,0.87835,0.02800,0.34559,1.26402,0.00000,0.00000,1.02000,1.00000,0.05327,0.85378,0.30000,0.00000,17.00000,0.00000,1.07112,0.18000,1.00000,1.00000
80.70000,1.00000,0.00000,0.00000,-20.00000,0.00000,0.00000,0.00000,-0.00544,48.00000,0.00223,-0.00055,1.01376,0.13656,1.01619,0.00221,0.12951,1.08094,0.28642,1.00000,1.00000,0.14304,0.87064,0.02800,0.34951,1.26795,0.00000,0.00000,1.02000,1.00000,0.06822,0.85275,0.30000,0.00000,17.00000,0.00000,1.06809,0.18000,1.00000,1.00000
80.73333,1.00000,0.00000,0.00000,-20.00000,0.00000,0.00000,0.00000,-0.00715,48.00000,-0.00007,0.00164,1.01002,0.09241,1.01179,0.00191,0.09428,1.05893,0.27652,1.00000,1.00000,0.14000,0.86503,0.02800,0.35236,1.27189,0.00000,0.00000,1.02000,1.00000,0.08317,0.85200,0.30000,0.00000,17.00000,0.00000,1.06589,0.18000,1.00000,1.00000
80.76667,1.00000,0.00000,0.00000,-20.00000,0.00000,0.00000,0.00000,-0.00912,48.00000,-0.00135,-0.00163,1.00729,0.06255,1.00858,0.00171,0.06864,1.04290,0.26930,1.00000,1.00000,0.14000,0.86094,0.02800,0.35444,1.27582,0.00000,0.00000,1.02000,1.00000,0.09812,0.85146,0.30000,0.00000,17.00000,0.00000,1.06429,0.18000,1.00000,1.00000
80.80000,1.00000,0.00000,0.00000,-20.00000,0.00000,0.00000,0.00000,-0.00881,48.00000,0.00130,0.00084,1.00531,0.04234,1.00625,0.00157,0.04997,1.03123,0.26405,1.00000,1.00000,0.14000,0.85796,0.02800,0.35595,1.27976,0.00000,0.00000,1.02000,1.00000,0.11307,0.85106,0.30000,0.00000,17.00000,0.00000,1.06312,0.18000,1.00000,1.00000
80.83333,1.00000,0.00000,0.00000,-20.00000,0.00000,0.00000,0.00000,-0.00723,48.00000,-0.00018,0.00024,1.00386,0.02866,1.00455,0.00155,0.03638,1.02273,0.26023,1.00000,1.00000,0.14606,0.85580,0.02800,0.35705,1.28369,0.00000,0.00000,1.02000,1.00000,0.12802,0.85077,0.30000,0.00000,17.00000,0.00000,1.06227,0.18000,1.00000,1.00000
80.86667,1.00000,0.00000,0.00000,-20.00000,0.00000,0.00000,0.00000,-0.00623,48.00000,-0.00070,-0.00101,1.00281,0.01941,1.00331,0.00150,0.02648,1.01655,0.25745,1.00000,1.00000,0.14723,0.85422,0.02800,0.35786,1.28762,0.00000,0.00000,1.02000,1.00000,0.14297,0.85056,0.30000,0.00000,17.00000,0.00000,1.06166,0.18000,1.00000,1.00000
80.90000,1.00000,0.00000,0.00000,-20.00000,0.00000,0.00000,0.00000,-0.00616,48.00000,0.00058,0.00117,1.00205,0.01314,1.00241,0.00135,0.01928,1.01205,0.25542,1.00000,1.00000,0.14049,0.85307,0.02800,0.35844,1.29156,0.00000,0.00000,1.02000,1.00000,0.15792,0.85041,0.30000,0.00000,17.00000,0.00000,1.06120,0.18000,1.00000,1.00000
80.93333,1.00000,0.00000,0.00000,-20.00000,0.00000,0.00000,0.00000,-0.00620,48.00000,0.00036,-0.00068,1.00149,0.00890,1.00175,0.00131,0.01403,1.00877,0.25395,1.00000,1.00000,0.14000,0.85224,0.02800,0.35886,1.29549,0.00000,0.00000,1.02000,1.00000,0.17287,0.85030,0.30000,0.00000,17.00000,0.00000,1.06088,0.18000,1.00000,1.00000
80.96667,1.00000,0.00000,0.00000,-20.00000,0.00000,0.00000,0.00000,-0.00578,48.00000,-0.00119,-0.00014,1.00109,0.00603,1.00128,0.00129,0.01022,1.00639,0.25287,1.00000,1.00000,0.14107,0.85163,0.02800,0.35917,1.29943,0.00000,0.00000,1.02000,1.00000,0.18782,0.85022,0.30000,0.00000,17.00000,0.00000,1.06064,0.18000,1.00000,1.00000
81.00000,1.00000,0.00000,0.00000,-20.00000,0.00000,0.00000,0.00000,-0.00506,48.00000,0.00113,0.00080,1.00000,0.00392,1.00000,0.00120,0.00000,1.00000,0.25000,1.00000,1.00000,0.14000,0.85000,0.02800,0.36000,1.30336,0.00000,0.00000,1.02000,1.00000,0.20277,0.85000,0.30000,0.00000,17.00000,0.00000,1.06000,0.18000,1.00000,1.00000
81.03333,1.00000,0.00000,0.00000,-20.00000,0.00000,0.00000,0.00000,-0.00456,48.00000,-0.00035,-0.00101,1.00000,0.00265,1.00000,0.00120,0.00000,1.00000,0.25000,1.00000,1.00000,0.14000,0.85000,0.02800,0.36000,1.30730,0.00000,0.00000,1.02000,1.00000,0.21772,0.85000,0.30000,0.00000,17.00000,0.00000,1.06000,0.18000,1.00000,1.00000
81.06667,1.00000,0.00000,0.00000,-20.00000,0.00000,0.00000,0.00000,-0.00405,48.00000,-0.00045,0.00064,1.00000,0.00000,1.00000,0.00121,0.00000,1.00000,0.25000,1.00000,1.00000,0.14070,0.85000,0.02800,0.36000,1.31123,0.00000,0.00000,1.02000,1.00000,0.23267,0.85000,0.30000,0.00000,17.00000,0.00000,1.06000,0.18000,1.00000,1.00000
81.10000,1.00000,0.00000,0.00000,-20.00000,0.00000,0.00000,0.00000,-0.00895,48.00000,0.00278,0.00042,1.05008,0.01061,1.05892,0.00474,0.47137,1.29461,0.38257,1.00000,1.00000,0.14000,0.92512,0.02800,0.32182,1.31516,0.00000,0.00000,1.02000,1.00000,0.24763,0.86002,0.30000,0.00000,17.00000,0.00000,1.08946,0.18000,1.00000,1.00000
81.13333,1.00000,0.00000,0.00000,-20.00000,0.00000,0.00000,0.00000,-0.01148,48.00000,0.00077,-0.00324,1.03646,0.00772,1.04289,0.00377,0.34316,1.21447,0.34651,1.00000,1.00000,0.14000,0.90469,0.02800,0.33220,1.31910,0.00000,0.00000,1.02000,1.00000,0.26258,0.85729,0.30000,0.00000,17.00000,0.00000,1.08145,0.18000,1.00000,1.00000
81.16667,1.00000,0.00000,0.00000,-20.00000,0.00000,0.00000,0.00000,-0.00366,48.00000,-0.00298,0.00342,1.02654,0.00562,1.03123,0.00310,0.24982,1.15614,0.32026,1.00000,1.00000,0.14179,0.88981,0.02800,0.33976,1.32303,0.00000,0.00000,1.02000,1.00000,0.27753,0.85531,0.30000,0.00000,17.00000,0.00000,1.07561,0.18000,1.00000,1.00000
81.20000,1.00000,0.00000,0.00000,-20.00000,0.00000,0.00000,0.00000,0.00203,48.00000,0.00230,-0.00190,1.01932,0.00409,1.02273,0.00256,0.18187,1.11367,0.30115,1.00000,1.00000,0.14000,0.87898,0.02800,0.34527,1.32697,0.00000,0.00000,1.02000,1.00000,0.29248,0.85386,0.30000,0.00000,17.00000,0.00000,1.07137,0.18000,1.00000,1.00000
81.23333,1.00000,0.00000,0.00000,-20.00000,0.00000,0.00000,0.00000,0.00120,48.00000,-0.00007,-0.00005,1.01407,0.00298,1.01655,0.00222,0.13240,1.08275,0.28724,1.00000,1.00000,0.14179,0.87110,0.02800,0.34928,1.33090,0.00000,0.00000,1.02000,1.00000,0.30743,0.85281,0.30000,0.00000,17.00000,0.00000,1.06827,0.18000,1.00000,1.00000
81.26667,1.00000,0.00000,0.00000,-20.00000,0.00000,0.00000,0.00000,-0.00162,48.00000,-0.00172,0.00154,1.01024,0.00217,1.01205,0.00195,0.09638,1.06024,0.27711,1.00000,1.00000,0.14205,0.86536,0.02800,0.35219,1.33484,0.00000,0.00000,1.02000,1.00000,0.32238,0.85205,0.30000,0.00000,17.00000,0.00000,1.06602,0.18000,1.00000,1.00000
81.30000,1.00000,0.00000,0.00000,-20.00000,0.00000,0.00000,0.00000,-0.00195,48.00000,0.00183,-0.00201,1.00746,0.00158,1.00877,0.00174,0.07017,1.04385,0.26973,1.00000,1.00000,0.14138,0.86118,0.02800,0.35432,1.33877,0.00000,0.00000,1.02000,1.00000,0.33733,0.85149,0.30000,0.00000,17.00000,0.00000,1.06439,0.18000,1.00000,1.00000
81.33333,1.00000,0.00000,0.00000,-20.00000,0.00000,0.00000,0.00000,-0.00003,48.00000,-0.00048,0.00132,1.00543,0.00115,1.00639,0.00158,0.05108,1.03193,0.26437,1.00000,1.00000,0.14000,0.85814,0.02800,0.35586,1.34270,0.00000,0.00000,1.02000,1.00000,0.35228,0.85109,0.30000,0.00000,17.00000,0.00000,1.06319,0.18000,1.00000,1.00000
81.36667,1.00000,0.00000,0.00000,-20.00000,0.00000,0.00000,0.00000,0.00167,48.00000,-0.00072,-0.00005,1.00395,0.00084,1.00465,0.00148,0.03719,1.02324,0.26046,1.00000,1.00000,0.14000,0.85593,0.02800,0.35699,1.34664,0.00000,0.00000,1.02000,1.00000,0.36723,0.85079,0.30000,0.00000,17.00000,0.00000,1.06232,0.18000,1.00000,1.00000
81.40000,1.00000,0.00000,0.00000,-20.00000,0.00000,0.00000,0.00000,0.00206,48.00000,0.00068,-0.00100,1.00288,0.00061,1.00338,0.00140,0.02707,1.01692,0.25761,1.00000,1.00000,0.14000,0.85431,0.02800,0.35781,1.35057,0.00000,0.00000,1.02000,1.00000,0.38218,0.85058,0.30000,0.00000,17.00000,0.00000,1.06169,0.18000,1.00000,1.00000
81.43333,1.00000,0.00000,0.00000,-20.00000,0.00000,0.00000,0.00000,0.00193,48.00000,0.00030,0.00120,1.00209,0.00044,1.00246,0.00135,0.01971,1.01232,0.25554,1.00000,1.00000,0.14000,0.85314,0.02800,0.35840,1.35451,0.00000,0.00000,1.02000,1.00000,0.39713,0.85042,0.30000,0.00000,17.00000,0.00000,1.06123,0.18000,1.00000,1.00000
81.46667,1.00000,0.00000,0.00000,-20.00000,0.00000,0.00000,0.00000,0.00225,48.00000,-0.00086,-0.00065,1.00152,0.00032,1.00179,0.00131,0.01435,1.00897,0.25404,1.00000,1.00000,0.14000,0.85229,0.02800,0.35884,1.35844,0.00000,0.00000,1.02000,1.00000,0.41208,0.85030,0.30000,0.00000,17.00000,0.00000,1.06090,0.18000,1.00000,1.00000
81.50000,1.00000,0.00000,0.00000,-20.00000,0.00000,0.00000,0.00000,0.00304,48.00000,0.00069,0.00006,1.00111,0.00024,1.00131,0.00128,0.01045,1.00653,0.25294,1.00000,1.00000,0.14000,0.85166,0.02800,0.35915,1.36238,0.00000,0.00000,1.02000,1.00000,0.42703,0.85022,0.30000,0.00000,17.00000,0.00000,1.06065,0.18000,1.00000,1.00000
81.53333,1.00000,0.00000,0.00000,-20.00000,0.00000,0.00000,0.00000,0.00368,48.00000,-0.00019,0.00033,1.00000,0.00000,1.00000,0.00120,0.00000,1.00000,0.25000,1.00000,1.00000,0.14000,0.85000,0.02800,0.36000,1.36631,0.00000,0.00000,1.02000,1.00000,0.44198,0.85000,0.30000,0.00000,17.00000,0.00000,1.06000,0.18000,1.00000,1.00000
81.56667,1.00000,0.00000,0.00000,-20.00000,0.00000,0.00000,0.00000,0.00420,48.00000,-0.00021,-0.00050,1.00000,0.00000,1.00000,0.00120,0.00000,1.00000,0.25000,1.00000,1.00000,0.14000,0.85000,0.02800,0.36000,1.37025,0.00000,0.00000,1.02000,1.00000,0.45693,0.85000,0.30000,0.00000,17.00000,0.00000,1.06000,0.18000,1.00000,1.00000
81.60000,1.00000,0.00000,0.00000,-20.00000,0.00000,0.00000,0.00000,0.00471,48.00000,0.00044,0.00062,1.00000,0.00000,1.00000,0.00297,0.00000,1.00000,0.25000,1.00000,1.00000,0.27177,0.85000,0.02800,0.36000,1.37418,0.00000,0.00000,1.02000,1.00000,0.47188,0.85000,0.30000,0.00000,17.00000,0.00000,1.06000,0.18000,1.00000,1.00000
81.63333,1.00000,0.00000,0.00000,-20.00000,0.00000,0.00000,0.00000,-0.00320,48.00000,0.00016,-0.00065,1.03649,0.00773,1.04293,0.00383,0.34344,1.21465,0.34659,1.00000,1.00000,0.14385,0.90474,0.02800,0.33218,1.37811,0.00000,0.00000,1.02000,1.00000,0.48683,0.85730,0.30000,0.00000,17.00000,0.00000,1.08146,0.18000,1.00000,1.00000
81.66667,1.00000,0.00000,0.00000,-20.00000,0.00000,0.00000,0.00000,0.00243,48.00000,-0.00251,-0.00208,1.02656,0.00563,1.03125,0.00309,0.25002,1.15626,0.32032,1.00000,1.00000,0.14133,0.88985,0.02800,0.33975,1.38205,0.00000,0.00000,1.02000,1.00000,0.50178,0.85531,0.30000,0.00000,17.00000,0.00000,1.07563,0.18000,1.00000,1.00000
81.70000,1.00000,0.00000,0.00000,-20.00000,0.00000,0.00000,0.00000,0.00902,48.00000,0.00211,0.00285,1.01934,0.00410,1.02275,0.00257,0.18201,1.11376,0.30119,1.00000,1.00000,0.14000,0.87901,0.02800,0.34526,1.38598,0.00000,0.00000,1.02000,1.00000,0.51673,0.85387,0.30000,0.00000,17.00000,0.00000,1.07138,0.18000,1.00000,1.00000
81.73333,1.00000,0.00000,0.00000,-20.00000,0.00000,0.00000,0.00000,0.00968,48.00000,-0.00006,-0.00200,1.01408,0.00298,1.01656,0.00222,0.13251,1.08282,0.28727,1.00000,1.00000,0.14169,0.87112,0.02800,0.34927,1.38992,0.00000,0.00000,1.02000,1.00000,0.53168,0.85282,0.30000,0.00000,17.00000,0.00000,1.06828,0.18000,1.00000,1.00000
81.76667,1.00000,0.00000,0.00000,-20.00000,0.00000,0.00000,0.00000,0.00695,48.00000,-0.00164,0.00042,1.01025,0.00217,1.01206,0.00192,0.09646,1.06029,0.27713,1.00000,1.00000,0.14000,0.86537,0.02800,0.35219,1.39385,0.00000,0.00000,1.02000,1.00000,0.54664,0.85205,0.30000,0.00000,17.00000,0.00000,1.06603,0.18000,1.00000,1.00000
81.80000,1.00000,0.00000,0.00000,-20.00000,0.00000,0.00000,0.00000,0.00571,48.00000,0.00171,0.00098,1.00746,0.00158,1.00878,0.00173,0.07022,1.04389,0.26975,1.00000,1.00000,0.14000,0.86119,0.02800,0.35431,1.39779,0.00000,0.00000,1.02000,1.00000,0.56159,0.85149,0.30000,0.00000,17.00000,0.00000,1.06439,0.18000,1.00000,1.00000
81.83333,1.00000,0.00000,0.00000,-20.00000,0.00000,0.00000,0.00000,0.00696,48.00000,-0.00061,-0.00163,1.00543,0.00115,1.00639,0.00158,0.05112,1.03195,0.26438,1.00000,1.00000,0.14000,0.85815,0.02800,0.35586,1.40172,0.00000,0.00000,1.02000,1.00000,0.57654,0.85109,0.30000,0.00000,17.00000,0.00000,1.06320,0.18000,1.00000,1.00000
81.86667,1.00000,0.00000,0.00000,-20.00000,0.00000,0.00000,0.00000,0.00860,48.00000,-0.00050,0.00129,1.00395,0.00084,1.00465,0.00148,0.03722,1.02326,0.26047,1.00000,1.00000,0.14000,0.85593,0.02800,0.35699,1.40565,0.00000,0.00000,1.02000,1.00000,0.59149,0.85079,0.30000,0.00000,17.00000,0.00000,1.06233,0.18000,1.00000,1.00000
81.90000,1.00000,0.00000,0.00000,-20.00000,0.00000,0.00000,0.00000,0.00907,48.00000,0.00059,-0.00035,1.00288,0.00061,1.00339,0.00140,0.02709,1.01693,0.25762,1.00000,1.00000,0.14000,0.85432,0.02800,0.35781,1.40959,0.00000,0.00000,1.02000,1.00000,0.60644,0.85058,0.30000,0.00000,17.00000,0.00000,1.06169,0.18000,1.00000,1.00000
81.93333,1.00000,0.00000,0.00000,-20.00000,0.00000,0.00000,0.00000,0.00876,48.00000,0.00024,-0.00065,1.00210,0.00044,1.00247,0.00136,0.01972,1.01233,0.25555,1.00000,1.00000,0.14088,0.85314,0.02800,0.35840,1.41352,0.00000,0.00000,1.02000,1.00000,0.62139,0.85042,0.30000,0.00000,17.00000,0.00000,1.06123,0.18000,1.00000,1.00000
81.96667,1.00000,0.00000,0.00000,-20.00000,0.00000,0.00000,0.00000,0.00865,48.00000,-0.00128,0.00136,1.00153,0.00032,1.00179,0.00131,0.01436,1.00897,0.25404,1.00000,1.00000,0.14000,0.85229,0.02800,0.35884,1.41746,0.00000,0.00000,1.02000,1.00000,0.63634,0.85031,0.30000,0.00000,17.00000,0.00000,1.06090,0.18000,1.00000,1.00000
82.00000,1.00000,0.00000,0.00000,-20.00000,0.00000,0.00000,0.00000,0.00902,48.00000,0.00145,-0.00128,1.00111,0.00024,1.00131,0.00128,0.01045,1.00653,0.25294,1.00000,1.00000,0.14000,0.85167,0.02800,0.35915,1.42139,0.00000,0.00000,1.02000,1.00000,0.65129,0.85022,0.30000,0.00000,17.00000,0.00000,1.06065,0.18000,1.00000,1.00000
82.03333,1.00000,0.00000,0.00000,-20.00000,0.00000,0.00000,0.00000,0.00950,48.00000,-0.00053,0.00045,1.00081,0.00017,1.00095,0.00126,0.00761,1.00476,0.25214,1.00000,1.00000,0.14000,0.85121,0.02800,0.35938,1.42533,0.00000,0.00000,1.02000,1.00000,0.66624,0.85016,0.30000,0.00000,17.00000,0.00000,1.06048,0.18000,1.00000,1.00000
82.06667,1.00000,0.00000,0.00000,-20.00000,0.00000,0.00000,0.00000,0.00959,48.00000,-0.00055,0.00059,1.00000,0.00000,1.00000,0.00120,0.00000,1.00000,0.25000,1.00000,1.00000,0.14000,0.85000,0.02800,0.36000,1.42926,0.00000,0.00000,1.02000,1.00000,0.68119,0.85000,0.30000,0.00000,17.00000,0.00000,1.06000,0.18000,1.00000,1.00000
82.10000,1.00000,0.00000,0.00000,-20.00000,0.00000,0.00000,0.00000,0.00973,48.00000,0.00081,-0.00124,1.00000,0.00000,1.00000,0.00120,0.00000,1.00000,0.25000,1.00000,1.00000,0.14000,0.85000,0.02800,0.36000,1.43319,0.00000,0.00000,1.02000,1.00000,0.69614,0.85000,0.30000,0.00000,17.00000,0.00000,1.06000,0.18000,1.00000,1.00000
82.13333,1.00000,0.00000,0.00000,-20.00000,0.00000,0.00000,0.00000,0.00985,48.00000,-0.00012,0.00110,1.00000,0.00000,1.00000,0.00252,0.00000,1.00000,0.25000,1.00000,1.00000,0.23792,0.85000,0.02800,0.36000,1.43713,0.00000,0.00000,1.02000,1.00000,0.71109,0.85000,0.30000,0.00000,17.00000,0.00000,1.06000,0.18000,1.00000,1.00000
82.16667,1.00000,0.00000,0.00000,-20.00000,0.00000,0.00000,0.00000,-0.00142,48.00000,-0.00358,-0.00232,1.06185,0.01310,1.07277,0.00557,0.58216,1.36385,0.41373,1.00000,1.00000,0.14000,0.94278,0.02800,0.31284,1.44106,0.00000,0.00000,1.02000,1.00000,0.72604,0.86237,0.30000,0.00000,17.00000,0.00000,1.09639,0.18000,1.00000,1.00000
82.20000,1.00000,0.00000,0.00000,-20.00000,0.00000,0.00000,0.00000,0.01350,48.00000,0.00315,-0.00187,1.04503,0.00954,1.05298,0.00438,0.42381,1.26488,0.36920,1.00000,1.00000,0.14000,0.91755,0.02800,0.32567,1.44500,0.00000,0.00000,1.02000,1.00000,0.74099,0.85901,0.30000,0.00000,17.00000,0.00000,1.08649,0.18000,1.00000,1.00000
82.23333,1.00000,0.00000,0.00000,-20.00000,0.00000,0.00000,0.00000,0.01771,48.00000,-0.00007,0.00331,1.03278,0.00694,1.03857,0.00351,0.30853,1.19283,0.33678,1.00000,1.00000,0.14000,0.89917,0.02800,0.33501,1.44893,0.00000,0.00000,1.02000,1.00000,0.75594,0.85656,0.30000,0.00000,17.00000,0.00000,1.07928,0.18000,1.00000,1.00000
82.26667,1.00000,0.00000,0.00000,-20.00000,0.00000,0.00000,0.00000,0.01184,48.00000,-0.00146,-0.00180,1.02386,0.00505,1.02808,0.00288,0.22461,1.14038,0.31317,1.00000,1.00000,0.14000,0.88580,0.02800,0.34181,1.45287,0.00000,0.00000,1.02000,1.00000,0.77089,0.85477,0.30000,0.00000,17.00000,0.00000,1.07404,0.18000,1.00000,1.00000
82.30000,1.00000,0.00000,0.00000,-20.00000,0.00000,0.00000,0.00000,0.00675,48.00000,0.00175,0.00076,1.01737,0.00368,1.02044,0.00403,0.16352,1.10220,0.29599,1.00000,1.00000,0.25890,0.87606,0.02800,0.34676,1.45680,0.00000,0.00000,1.02000,1.00000,0.78584,0.85347,0.30000,0.00000,17.00000,0.00000,1.07022,0.18000,1.00000,1.00000
82.33333,1.00000,0.00000,0.00000,-20.00000,0.00000,0.00000,0.00000,0.00734,48.00000,-0.00103,0.00076,1.01265,0.00268,1.01488,0.00209,0.11904,1.07440,0.28348,1.00000,1.00000,0.14000,0.86897,0.02800,0.35036,1.46074,0.00000,0.00000,1.02000,1.00000,0.80079,0.85253,0.30000,0.00000,17.00000,0.00000,1.06744,0.18000,1.00000,1.00000
82.36667,1.00000,0.00000,0.00000,-20.00000,0.00000,0.00000,0.00000,0.01023,48.00000,-0.00053,-0.00181,1.00921,0.00195,1.01083,0.00185,0.08666,1.05416,0.27437,1.00000,1.00000,0.14000,0.86381,0.02800,0.35298,1.46467,0.00000,0.00000,1.02000,1.00000,0.81574,0.85184,0.30000,0.00000,17.00000,0.00000,1.06542,0.18000,1.00000,1.00000
82.40000,1.00000,0.00000,0.00000,-20.00000,0.00000,0.00000,0.00000,0.01118,48.00000,0.00079,0.00173,1.00670,0.00142,1.00789,0.00167,0.06309,1.03943,0.26774,1.00000,1.00000,0.14000,0.86005,0.02800,0.35489,1.46860,0.00000,0.00000,1.02000,1.00000,0.83069,0.85134,0.30000,0.00000,17.00000,0.00000,1.06394,0.18000,1.00000,1.00000
82.43333,1.00000,0.00000,0.00000,-20.00000,0.00000,0.00000,0.00000,0.00994,48.00000,0.00016,-0.00076,1.00488,0.00103,1.00574,0.00154,0.04593,1.02870,0.26292,1.00000,1.00000,0.14000,0.85732,0.02800,0.35628,1.47254,0.00000,0.00000,1.02000,1.00000,0.84565,0.85098,0.30000,0.00000,17.00000,0.00000,1.06287,0.18000,1.00000,1.00000
82.46667,1.00000,0.00000,0.00000,-20.00000,0.00000,0.00000,0.00000,0.00865,48.00000,-0.00116,-0.00040,1.00355,0.00075,1.00418,0.00145,0.03344,1.02090,0.25940,1.00000,1.00000,0.14000,0.85533,0.02800,0.35729,1.47647,0.00000,0.00000,1.02000,1.00000,0.86060,0.85071,0.30000,0.00000,17.00000,0.00000,1.06209,0.18000,1.00000,1.00000
82.50000,1.00000,0.00000,0.00000,-20.00000,0.00000,0.00000,0.00000,0.00846,48.00000,0.00135,0.00124,1.00259,0.00055,1.00304,0.00138,0.02434,1.01521,0.25685,1.00000,1.00000,0.14000,0.85388,0.02800,0.35803,1.48041,0.00000,0.00000,1.02000,1.00000,0.87555,0.85052,0.30000,0.00000,17.00000,0.00000,1.06152,0.18000,1.00000,1.00000
82.53333,1.00000,0.00000,0.00000,-20.00000,0.00000,0.00000,0.00000,0.00879,48.00000,-0.00049,-0.00130,1.00188,0.00040,1.00221,0.00133,0.01772,1.01107,0.25498,1.00000,1.00000,0.14000,0.85282,0.02800,0.35856,1.48434,0.00000,0.00000,1.02000,1.00000,0.89050,0.85038,0.30000,0.00000,17.00000,0.00000,1.06111,0.18000,1.00000,1.00000
82.56667,1.00000,0.00000,0.00000,-20.00000,0.00000,0.00000,0.00000,0.00877,48.00000,-0.00052,0.00066,1.00137,0.00029,1.00161,0.00130,0.01290,1.00806,0.25363,1.00000,1.00000,0.14000,0.85206,0.02800,0.35896,1.48828,0.00000,0.00000,1.02000,1.00000,0.90545,0.85027,0.30000,0.00000,17.00000,0.00000,1.06081,0.18000,1.00000,1.00000
82.60000,1.00000,0.00000,0.00000,-20.00000,0.00000,0.00000,0.00000,0.00814,48.00000,0.00059,0.00019,1.00000,0.00000,1.00000,0.00120,0.00000,1.00000,0.25000,1.00000,1.00000,0.14000,0.85000,0.02800,0.36000,1.49221,0.00000,0.00000,1.02000,1.00000,0.92040,0.85000,0.30000,0.00000,17.00000,0.00000,1.06000,0.18000,1.00000,1.00000
82.63333,1.00000,0.00000,0.00000,-20.00000,0.00000,0.00000,0.00000,0.00780,48.00000,-0.00013,-0.00047,1.00000,0.00000,1.00000,0.00120,0.00000,1.00000,0.25000,1.00000,1.00000,0.14000,0.85000,0.02800,0.36000,1.49614,0.00000,0.00000,1.02000,1.00000,0.93535,0.85000,0.30000,0.00000,17.00000,0.00000,1.06000,0.18000,1.00000,1.00000
82.66667,2.00000,0.00000,0.00000,-20.00000,0.00000,0.00000,0.00000,-0.00383,48.00000,-0.00260,0.00589,1.05056,0.90368,1.05949,0.00519,0.47589,1.29743,0.38384,1.00000,1.00000,0.17133,0.80603,0.02800,0.40182,0.00000,1.15009,0.00000,1.02000,1.00000,0.94970,0.86011,0.30000,0.00000,17.00000,0.00000,1.08974,0.18000,1.00000,1.00000
82.70000,2.00000,0.00000,0.00000,-20.00000,0.00000,0.00000,0.00000,0.00695,48.00000,0.00342,-0.00336,1.03681,0.61108,1.04331,0.00382,0.34645,1.21653,0.34744,1.00000,1.00000,0.14127,0.78807,0.02800,0.41492,0.00000,1.15482,0.00000,1.02000,1.00000,0.93475,0.85736,0.30000,0.00000,17.00000,0.00000,1.08165,0.18000,1.00000,1.00000
82.73333,2.00000,0.00000,0.00000,-20.00000,0.00000,0.00000,0.00000,0.01256,48.00000,-0.00012,-0.00075,1.02680,0.41326,1.03153,0.00309,0.25221,1.15763,0.32093,1.00000,1.00000,0.14000,0.77499,0.02800,0.42446,0.00000,1.15954,0.00000,1.02000,1.00000,0.91980,0.85536,0.30000,0.00000,17.00000,0.00000,1.07576,0.18000,1.00000,1.00000
82.76667,2.00000,0.00000,0.00000,-20.00000,0.00000,0.00000,0.00000,0.00911,48.00000,-0.00277,0.00302,1.01951,0.27949,1.02295,0.00258,0.18361,1.11476,0.30164,1.00000,1.00000,0.14000,0.76548,0.02800,0.43141,0.00000,1.16426,0.00000,1.02000,1.00000,0.90485,0.85390,0.30000,0.00000,17.00000,0.00000,1.07148,0.18000,1.00000,1.00000
82.80000,2.00000,0.00000,0.00000,-20.00000,0.00000,0.00000,0.00000,0.00400,48.00000,0.00302,-0.00303,1.01420,0.18904,1.01671,0.00220,0.13367,1.08354,0.28759,1.00000,1.00000,0.14000,0.75855,0.02800,0.43647,0.00000,1.16898,0.00000,1.02000,1.00000,0.88990,0.85284,0.30000,0.00000,17.00000,0.00000,1.06835,0.18000,1.00000,1.00000
82.83333,2.00000,0.00000,0.00000,-20.00000,0.00000,0.00000,0.00000,0.00289,48.00000,-0.00128,0.00155,1.01034,0.12787,1.01216,0.00193,0.09731,1.06082,0.27737,1.00000,1.00000,0.14000,0.75350,0.02800,0.44015,0.00000,1.17370,0.00000,1.02000,1.00000,0.87495,0.85207,0.30000,0.00000,17.00000,0.00000,1.06608,0.18000,1.00000,1.00000
82.86667,2.00000,0.00000,0.00000,-20.00000,0.00000,0.00000,0.00000,0.00455,48.00000,-0.00035,0.00017,1.00753,0.08651,1.00886,0.00173,0.07084,1.04428,0.26992,1.00000,1.00000,0.14000,0.74983,0.02800,0.44283,0.00000,1.17842,0.00000,1.02000,1.00000,0.86000,0.85151,0.30000,0.00000,17.00000,0.00000,1.06443,0.18000,1.00000,1.00000
82.90000,2.00000,0.00000,0.00000,-20.00000,0.00000,0.00000,0.00000,0.00543,48.00000,0.00044,-0.00075,1.00548,0.05853,1.00645,0.00159,0.05157,1.03223,0.26450,1.00000,1.00000,0.14000,0.74716,0.02800,0.44478,0.00000,1.18314,0.00000,1.02000,1.00000,0.84505,0.85110,0.30000,0.00000,17.00000,0.00000,1.06322,0.18000,1.00000,1.00000
82.93333,2.00000,0.00000,0.00000,-20.00000,0.00000,0.00000,0.00000,0.00443,48.00000,0.00001,0.00080,1.00399,0.03960,1.00469,0.00148,0.03754,1.02346,0.26056,1.00000,1.00000,0.14000,0.74521,0.02800,0.44620,0.00000,1.18786,0.00000,1.02000,1.00000,0.83010,0.85080,0.30000,0.00000,17.00000,0.00000,1.06235,0.18000,1.00000,1.00000
82.96667,2.00000,0.00000,0.00000,-20.00000,0.00000,0.00000,0.00000,0.00294,48.00000,-0.00049,-0.00047,1.00290,0.02680,1.00342,0.00140,0.02733,1.01708,0.25769,1.00000,1.00000,0.14000,0.74379,0.02800,0.44723,0.00000,1.19258,0.00000,1.02000,1.00000,0.81515,0.85058,0.30000,0.00000,17.00000,0.00000,1.06171,0.18000,1.00000,1.00000
83.00000,2.00000,0.00000,0.00000,-20.00000,0.00000,0.00000,0.00000,0.00219,48.00000,0.00081,-0.00004,1.00211,0.01814,1.00249,0.00369,0.01990,1.01244,0.25560,1.00000,1.00000,0.31410,0.74276,0.02800,0.44799,0.00000,1.19730,0.00000,1.02000,1.00000,0.80020,0.85042,0.30000,0.00000,17.00000,0.00000,1.06124,0.18000,1.00000,1.00000
83.03333,2.00000,0.00000,0.00000,-20.00000,0.00000,0.00000,0.00000,0.00205,48.00000,-0.00042,0.00086,1.00154,0.01228,1.00181,0.00144,0.01449,1.00905,0.25407,1.00000,1.00000,0.15011,0.74201,0.02800,0.44853,0.00000,1.20203,0.00000,1.02000,1.00000,0.78525,0.85031,0.30000,0.00000,17.00000,0.00000,1.06091,0.18000,1.00000,1.00000
83.06667,2.00000,0.00000,0.00000,-20.00000,0.00000,0.00000,0.00000,0.00180,48.00000,-0.00055,-0.00132,1.00112,0.00831,1.00132,0.00128,0.01055,1.00659,0.25297,1.00000,1.00000,0.14000,0.74146,0.02800,0.44893,0.00000,1.20675,0.00000,1.02000,1.00000,0.77030,0.85022,0.30000,0.00000,17.00000,0.00000,1.06066,0.18000,1.00000,1.00000
83.10000,2.00000,0.00000,0.00000,-20.00000,0.00000,0.00000,0.00000,0.00117,48.00000,0.00094,0.00090,1.00082,0.00563,1.00096,0.00126,0.00768,1.00480,0.25216,1.00000,1.00000,0.14000,0.74107,0.02800,0.44922,0.00000,1.21147,0.00000,1.02000,1.00000,0.75535,0.85016,0.30000,0.00000,17.00000,0.00000,1.06048,0.18000,1.00000,1.00000
83.13333,2.00000,0.00000,0.00000,-20.00000,0.00000,0.00000,0.00000,0.00045,48.00000,-0.00040,-0.00002,1.00000,0.00369,1.00000,0.00120,0.00000,1.00000,0.25000,1.00000,1.00000,0.14000,0.74000,0.02800,0.45000,0.00000,1.21619,0.00000,1.02000,1.00000,0.74040,0.85000,0.30000,0.00000,17.00000,0.00000,1.06000,0.18000,1.00000,1.00000
83.16667,2.00000,0.00000,0.00000,-20.00000,0.00000,0.00000,0.00000,-0.00012,48.00000,-0.00036,-0.00078,1.00000,0.00000,1.00000,0.00120,0.00000,1.00000,0.25000,1.00000,1.00000,0.14000,0.74000,0.02800,0.45000,0.00000,1.22091,0.00000,1.02000,1.00000,0.72545,0.85000,0.30000,0.00000,17.00000,0.00000,1.06000,0.18000,1.00000,1.00000
83.20000,2.00000,0.00000,0.00000,-20.00000,0.00000,0.00000,0.00000,-0.00505,48.00000,0.00350,0.00661,1.05257,0.01113,1.06185,0.00491,0.49476,1.30923,0.38915,1.00000,1.00000,0.14000,0.80865,0.02800,0.39991,0.00000,1.22563,0.00000,1.02000,1.00000,0.71050,0.86051,0.30000,0.00000,17.00000,0.00000,1.09092,0.18000,1.00000,1.00000
83.23333,2.00000,0.00000,0.00000,-20.00000,0.00000,0.00000,0.00000,0.00565,48.00000,-0.00019,-0.00378,1.03827,0.00810,1.04502,0.00392,0.36018,1.22512,0.35130,1.00000,1.00000,0.14169,0.78998,0.02800,0.41353,0.00000,1.23035,0.00000,1.02000,1.00000,0.69555,0.85765,0.30000,0.00000,17.00000,0.00000,1.08251,0.18000,1.00000,1.00000
83.26667,2.00000,0.00000,0.00000,-20.00000,0.00000,0.00000,0.00000,0.00383,48.00000,-0.00277,0.00031,1.02786,0.00590,1.03278,0.00317,0.26221,1.16388,0.32375,1.00000,1.00000,0.14000,0.77638,0.02800,0.42345,0.00000,1.23507,0.00000,1.02000,1.00000,0.68060,0.85557,0.30000,0.00000,17.00000,0.00000,1.07639,0.18000,1.00000,1.00000
83.30000,2.00000,0.00000,0.00000,-20.00000,0.00000,0.00000,0.00000,-0.00330,48.00000,0.00325,0.00208,1.02028,0.00430,1.02386,0.00263,0.19089,1.11931,0.30369,1.00000,1.00000,0.14000,0.76649,0.02800,0.43067,0.00000,1.23979,0.00000,1.02000,1.00000,0.66565,0.85406,0.30000,0.00000,17.00000,0.00000,1.07193,0.18000,1.00000,1.00000
83.33333,2.00000,0.00000,0.00000,-20.00000,0.00000,0.00000,0.00000,-0.00635,48.00000,-0.00155,-0.00274,1.01477,0.00313,1.01737,0.00234,0.13897,1.08685,0.28908,1.00000,1.00000,0.14757,0.75928,0.02800,0.43593,0.00000,1.24451,0.00000,1.02000,1.00000,0.65071,0.85295,0.30000,0.00000,17.00000,0.00000,1.06869,0.18000,1.00000,1.00000
83.36667,2.00000,0.00000,0.00000,-20.00000,0.00000,0.00000,0.00000,-0.00461,48.00000,-0.00039,0.00189,1.01075,0.00228,1.01265,0.00200,0.10117,1.06323,0.27845,1.00000,1.00000,0.14320,0.75404,0.02800,0.43976,0.00000,1.24924,0.00000,1.02000,1.00000,0.63576,0.85215,0.30000,0.00000,17.00000,0.00000,1.06632,0.18000,1.00000,1.00000
83.40000,2.00000,0.00000,0.00000,-20.00000,0.00000,0.00000,0.00000,-0.00271,48.00000,0.00111,-0.00032,1.00783,0.00166,1.00921,0.00175,0.07365,1.04603,0.27071,1.00000,1.00000,0.14000,0.75022,0.02800,0.44254,0.00000,1.25396,0.00000,1.02000,1.00000,0.62081,0.85157,0.30000,0.00000,17.00000,0.00000,1.06460,0.18000,1.00000,1.00000
83.43333,2.00000,0.00000,0.00000,-20.00000,0.00000,0.00000,0.00000,-0.00326,48.00000,-0.00018,-0.00127,1.00570,0.00121,1.00670,0.00160,0.05362,1.03351,0.26508,1.00000,1.00000,0.14000,0.74744,0.02800,0.44457,0.00000,1.25868,0.00000,1.02000,1.00000,0.60586,0.85114,0.30000,0.00000,17.00000,0.00000,1.06335,0.18000,1.00000,1.00000
83.46667,2.00000,0.00000,0.00000,-20.00000,0.00000,0.00000,0.00000,-0.00506,48.00000,-0.00115,0.00194,1.00415,0.00088,1.00488,0.00149,0.03903,1.02440,0.26098,1.00000,1.00000,0.14000,0.74542,0.02800,0.44605,0.00000,1.26340,0.00000,1.02000,1.00000,0.59091,0.85083,0.30000,0.00000,17.00000,0.00000,1.06244,0.18000,1.00000,1.00000
83.50000,2.00000,0.00000,0.00000,-20.00000,0.00000,0.00000,0.00000,-0.00615,48.00000,0.00146,-0.00147,1.00302,0.00064,1.00355,0.00163,0.02842,1.01776,0.25799,1.00000,1.00000,0.15643,0.74394,0.02800,0.44712,0.00000,1.26812,0.00000,1.02000,1.00000,0.57596,0.85060,0.30000,0.00000,17.00000,0.00000,1.06178,0.18000,1.00000,1.00000
83.53333,2.00000,0.00000,0.00000,-20.00000,0.00000,0.00000,0.00000,-0.00622,48.00000,-0.00054,0.00031,1.00220,0.00047,1.00259,0.00144,0.02069,1.01293,0.25582,1.00000,1.00000,0.14629,0.74287,0.02800,0.44791,0.00000,1.27284,0.00000,1.02000,1.00000,0.56101,0.85044,0.30000,0.00000,17.00000,0.00000,1.06129,0.18000,1.00000,1.00000
83.56667,2.00000,0.00000,0.00000,-20.00000,0.00000,0.00000,0.00000,-0.00615,48.00000,-0.00062,0.00077,1.00160,0.00034,1.00188,0.00132,0.01506,1.00941,0.25424,1.00000,1.00000,0.14070,0.74209,0.02800,0.44848,0.00000,1.27756,0.00000,1.02000,1.00000,0.54606,0.85032,0.30000,0.00000,17.00000,0.00000,1.06094,0.18000,1.00000,1.00000
83.60000,2.00000,0.00000,0.00000,-20.00000,0.00000,0.00000,0.00000,-0.00654,48.00000,0.00112,-0.00136,1.00116,0.00025,1.00137,0.00128,0.01096,1.00685,0.25308,1.00000,1.00000,0.14000,0.74152,0.02800,0.44889,0.00000,1.28228,0.00000,1.02000,1.00000,0.53111,0.85023,0.30000,0.00000,17.00000,0.00000,1.06069,0.18000,1.00000,1.00000
83.63333,2.00000,0.00000,0.00000,-20.00000,0.00000,0.00000,0.00000,-0.00720,48.00000,-0.00063,0.00119,1.00085,0.00018,1.00100,0.00129,0.00798,1.00499,0.25224,1.00000,1.00000,0.14208,0.74111,0.02800,0.44919,0.00000,1.28700,0.00000,1.02000,1.00000,0.51616,0.85017,0.30000,0.00000,17.00000,0.00000,1.06050,0.18000,1.00000,1.00000
83.66667,2.00000,0.00000,0.00000,-20.00000,0.00000,0.00000,0.00000,-0.00759,48.00000,-0.00026,-0.00032,1.00000,0.00000,1.00000,0.00120,0.00000,1.00000,0.25000,1.00000,1.00000,0.14000,0.74000,0.02800,0.45000,0.00000,1.29172,0.00000,1.02000,1.00000,0.50121,0.85000,0.30000,0.00000,17.00000,0.00000,1.06000,0.18000,1.00000,1.00000
83.70000,2.00000,0.00000,0.00000,-20.00000,0.00000,0.00000,0.00000,-0.00795,48.00000,0.00060,-0.00060,1.00000,0.00000,1.00000,0.00120,0.00000,1.00000,0.25000,1.00000,1.00000,0.14003,0.74000,0.02800,0.45000,0.00000,1.29645,0.00000,1.02000,1.00000,0.48626,0.85000,0.30000,0.00000,17.00000,0.00000,1.06000,0.18000,1.00000,1.00000
83.73333,2.00000,0.00000,0.00000,-20.00000,0.00000,0.00000,0.00000,-0.00129,48.00000,-0.00049,0.00747,1.05946,0.01259,1.06995,0.00540,0.55963,1.34977,0.40739,1.00000,1.00000,0.14000,0.81765,0.02800,0.39334,0.00000,1.30117,0.00000,1.02000,1.00000,0.47131,0.86189,0.30000,0.00000,17.00000,0.00000,1.09498,0.18000,1.00000,1.00000
83.76667,2.00000,0.00000,0.00000,-20.00000,0.00000,0.00000,0.00000,0.00143,48.00000,-0.00395,-0.00523,1.04329,0.00917,1.05093,0.00426,0.40740,1.25463,0.36458,1.00000,1.00000,0.14000,0.79653,0.02800,0.40875,0.00000,1.30589,0.00000,1.02000,1.00000,0.45636,0.85866,0.30000,0.00000,17.00000,0.00000,1.08546,0.18000,1.00000,1.00000
83.80000,2.00000,0.00000,0.00000,-20.00000,0.00000,0.00000,0.00000,-0.00774,48.00000,0.00460,0.00145,1.03151,0.00667,1.03707,0.00348,0.29659,1.18537,0.33342,1.00000,1.00000,0.14424,0.78115,0.02800,0.41997,0.00000,1.31061,0.00000,1.02000,1.00000,0.44141,0.85630,0.30000,0.00000,17.00000,0.00000,1.07854,0.18000,1.00000,1.00000
83.83333,2.00000,0.00000,0.00000,-20.00000,0.00000,0.00000,0.00000,-0.01387,48.00000,-0.00220,0.00159,1.02294,0.00486,1.02699,0.00283,0.21592,1.13495,0.31073,1.00000,1.00000,0.14044,0.76996,0.02800,0.42814,0.00000,1.31533,0.00000,1.02000,1.00000,0.42646,0.85459,0.30000,0.00000,17.00000,0.00000,1.07349,0.18000,1.00000,1.00000
83.86667,2.00000,0.00000,0.00000,-20.00000,0.00000,0.00000,0.00000,-0.01222,48.00000,-0.00042,-0.00280,1.01670,0.00354,1.01965,0.00238,0.15719,1.09824,0.29421,1.00000,1.00000,0.14036,0.76181,0.02800,0.43408,0.00000,1.32005,0.00000,1.02000,1.00000,0.41151,0.85334,0.30000,0.00000,17.00000,0.00000,1.06982,0.18000,1.00000,1.00000
83.90000,2.00000,0.00000,0.00000,-20.00000,0.00000,0.00000,0.00000,-0.00838,48.00000,0.00130,0.00231,1.01216,0.00257,1.01430,0.00209,0.11443,1.07152,0.28218,1.00000,1.00000,0.14211,0.75588,0.02800,0.43841,0.00000,1.32477,0.00000,1.02000,1.00000,0.39656,0.85243,0.30000,0.00000,17.00000,0.00000,1.06715,0.18000,1.00000,1.00000
83.93333,2.00000,0.00000,0.00000,-20.00000,0.00000,0.00000,0.00000,-0.00760,48.00000,-0.00041,-0.00081,1.00885,0.00187,1.01041,0.00182,0.08330,1.05207,0.27343,1.00000,1.00000,0.14000,0.75156,0.02800,0.44157,0.00000,1.32949,0.00000,1.02000,1.00000,0.38161,0.85177,0.30000,0.00000,17.00000,0.00000,1.06521,0.18000,1.00000,1.00000
83.96667,2.00000,0.00000,0.00000,-20.00000,0.00000,0.00000,0.00000,-0.00940,48.00000,-0.00090,-0.00072,1.00644,0.00136,1.00758,0.00168,0.06065,1.03790,0.26706,1.00000,1.00000,0.14177,0.74841,0.02800,0.44386,0.00000,1.33421,0.00000,1.02000,1.00000,0.36666,0.85129,0.30000,0.00000,17.00000,0.00000,1.06379,0.18000,1.00000,1.00000
84.00000,2.00000,0.00000,0.00000,-20.00000,0.00000,0.00000,0.00000,-0.01081,48.00000,0.00135,0.00163,1.00469,0.00099,1.00552,0.00154,0.04415,1.02759,0.26242,1.00000,1.00000,0.14101,0.74613,0.02800,0.44553,0.00000,1.33893,0.00000,1.02000,1.00000,0.35171,0.85094,0.30000,0.00000,17.00000,0.00000,1.06276,0.18000,1.00000,1.00000
84.03333,2.00000,0.00000,0.00000,-20.00000,0.00000,0.00000,0.00000,-0.01061,48.00000,-0.00055,-0.00156,1.00341,0.00072,1.00402,0.00146,0.03214,1.02009,0.25904,1.00000,1.00000,0.14107,0.74446,0.02800,0.44675,0.00000,1.34365,0.00000,1.02000,1.00000,0.33676,0.85068,0.30000,0.00000,17.00000,0.00000,1.06201,0.18000,1.00000,1.00000
84.06667,2.00000,0.00000,0.00000,-20.00000,0.00000,0.00000,0.00000,-0.00983,48.00000,-0.00070,0.00067,1.00249,0.00053,1.00292,0.00140,0.02340,1.01462,0.25658,1.00000,1.00000,0.14198,0.74325,0.02800,0.44763,0.00000,1.34838,0.00000,1.02000,1.00000,0.32181,0.85050,0.30000,0.00000,17.00000,0.00000,1.06146,0.18000,1.00000,1.00000
84.10000,2.00000,0.00000,0.00000,-20.00000,0.00000,0.00000,0.00000,-0.00957,48.00000,0.00137,0.00051,1.00181,0.00038,1.00213,0.00133,0.01703,1.01065,0.25479,1.00000,1.00000,0.14000,0.74236,0.02800,0.44828,0.00000,1.35310,0.00000,1.02000,1.00000,0.30686,0.85036,0.30000,0.00000,17.00000,0.00000,1.06106,0.18000,1.00000,1.00000
84.13333,2.00000,0.00000,0.00000,-20.00000,0.00000,0.00000,0.00000,-0.00985,48.00000,-0.00090,-0.00143,1.00132,0.00028,1.00155,0.00129,0.01240,1.00775,0.25349,1.00000,1.00000,0.14000,0.74172,0.02800,0.44874,0.00000,1.35782,0.00000,1.02000,1.00000,0.29191,0.85026,0.30000,0.00000,17.00000,0.00000,1.06078,0.18000,1.00000,1.00000
84.16667,2.00000,0.00000,0.00000,-20.00000,0.00000,0.00000,0.00000,-0.01007,48.00000,-0.00018,0.00148,1.00096,0.00020,1.00113,0.00127,0.00903,1.00564,0.25254,1.00000,1.00000,0.14000,0.74125,0.02800,0.44909,0.00000,1.36254,0.00000,1.02000,1.00000,0.27696,0.85019,0.30000,0.00000,17.00000,0.00000,1.06056,0.18000,1.00000,1.00000
84.20000,2.00000,0.00000,0.00000,-20.00000,0.00000,0.00000,0.00000,-0.00981,48.00000,0.00065,-0.00068,1.00000,0.00000,1.00000,0.00120,0.00000,1.00000,0.25000,1.00000,1.00000,0.14000,0.74000,0.02800,0.45000,0.00000,1.36726,0.00000,1.02000,1.00000,0.26201,0.85000,0.30000,0.00000,17.00000,0.00000,1.06000,0.18000,1.00000,1.00000
84.23333,2.00000,0.00000,0.00000,-20.00000,0.00000,0.00000,0.00000,-0.00968,48.00000,-0.00013,-0.00035,1.00000,0.00000,1.00000,0.00120,0.00000,1.00000,0.25000,1.00000,1.00000,0.14000,0.74000,0.02800,0.45000,0.00000,1.37198,0.00000,1.02000,1.00000,0.24706,0.85000,0.30000,0.00000,17.00000,0.00000,1.06000,0.18000,1.00000,1.00000
84.26667,2.00000,0.00000,0.00000,-20.00000,0.00000,0.00000,0.00000,0.00354,48.00000,-0.00386,0.00535,1.05627,0.01192,1.06620,0.00517,0.52958,1.33099,0.39895,1.00000,1.00000,0.14000,0.81348,0.02800,0.39638,0.00000,1.37670,0.00000,1.02000,1.00000,0.23211,0.86125,0.30000,0.00000,17.00000,0.00000,1.09310,0.18000,1.00000,1.00000
84.30000,2.00000,0.00000,0.00000,-20.00000,0.00000,0.00000,0.00000,-0.00470,48.00000,0.00364,-0.00356,1.04096,0.00867,1.04819,0.00409,0.38554,1.24096,0.35843,1.00000,1.00000,0.14000,0.79349,0.02800,0.41096,0.00000,1.38142,0.00000,1.02000,1.00000,0.21716,0.85819,0.30000,0.00000,17.00000,0.00000,1.08410,0.18000,1.00000,1.00000
84.33333,2.00000,0.00000,0.00000,-20.00000,0.00000,0.00000,0.00000,-0.01380,48.00000,-0.00142,0.00120,1.02982,0.00632,1.03508,0.00331,0.28067,1.17542,0.32894,1.00000,1.00000,0.14000,0.77894,0.02800,0.42158,0.00000,1.38614,0.00000,1.02000,1.00000,0.20221,0.85596,0.30000,0.00000,17.00000,0.00000,1.07754,0.18000,1.00000,1.00000
84.36667,2.00000,0.00000,0.00000,-20.00000,0.00000,0.00000,0.00000,-0.01358,48.00000,-0.00022,0.00035,1.02171,0.00460,1.02554,0.00273,0.20433,1.12770,0.30747,1.00000,1.00000,0.14000,0.76835,0.02800,0.42931,0.00000,1.39086,0.00000,1.02000,1.00000,0.18726,0.85434,0.30000,0.00000,17.00000,0.00000,1.07277,0.18000,1.00000,1.00000
84.40000,2.00000,0.00000,0.00000,-20.00000,0.00000,0.00000,0.00000,-0.00838,48.00000,0.00076,-0.00111,1.01580,0.00335,1.01859,0.00232,0.14875,1.09297,0.29184,1.00000,1.00000,0.14000,0.76064,0.02800,0.43494,0.00000,1.39559,0.00000,1.02000,1.00000,0.17231,0.85316,0.30000,0.00000,17.00000,0.00000,1.06930,0.18000,1.00000,1.00000
84.43333,2.00000,0.00000,0.00000,-20.00000,0.00000,0.00000,0.00000,-0.00568,48.00000,-0.00060,0.00196,1.01151,0.00244,1.01354,0.00252,0.10829,1.06768,0.28046,1.00000,1.00000,0.17773,0.75502,0.02800,0.43904,0.00000,1.40031,0.00000,1.02000,1.00000,0.15736,0.85230,0.30000,0.00000,17.00000,0.00000,1.06677,0.18000,1.00000,1.00000
84.46667,2.00000,0.00000,0.00000,-20.00000,0.00000,0.00000,0.00000,-0.00681,48.00000,-0.00073,-0.00119,1.00838,0.00177,1.00985,0.00179,0.07883,1.04927,0.27217,1.00000,1.00000,0.14000,0.75094,0.02800,0.44202,0.00000,1.40503,0.00000,1.02000,1.00000,0.14241,0.85168,0.30000,0.00000,17.00000,0.00000,1.06493,0.18000,1.00000,1.00000
84.50000,2.00000,0.00000,0.00000,-20.00000,0.00000,0.00000,0.00000,-0.00843,48.00000,0.00129,-0.00027,1.00610,0.00129,1.00717,0.00163,0.05739,1.03587,0.26614,1.00000,1.00000,0.14000,0.74796,0.02800,0.44419,0.00000,1.40975,0.00000,1.02000,1.00000,0.12746,0.85122,0.30000,0.00000,17.00000,0.00000,1.06359,0.18000,1.00000,1.00000
84.53333,2.00000,0.00000,0.00000,-20.00000,0.00000,0.00000,0.00000,-0.00822,48.00000,-0.00054,0.00132,1.00444,0.00094,1.00522,0.00155,0.04178,1.02611,0.26175,1.00000,1.00000,0.14252,0.74580,0.02800,0.44577,0.00000,1.41447,0.00000,1.02000,1.00000,0.11251,0.85089,0.30000,0.00000,17.00000,0.00000,1.06261,0.18000,1.00000,1.00000
84.56667,2.00000,0.00000,0.00000,-20.00000,0.00000,0.00000,0.00000,-0.00686,48.00000,-0.00071,-0.00154,1.00323,0.00068,1.00380,0.00146,0.03042,1.01901,0.25855,1.00000,1.00000,0.14226,0.74422,0.02800,0.44692,0.00000,1.41919,0.00000,1.02000,1.00000,0.09756,0.85065,0.30000,0.00000,17.00000,0.00000,1.06190,0.18000,1.00000,1.00000
84.60000,2.00000,0.00000,0.00000,-20.00000,0.00000,0.00000,0.00000,-0.00588,48.00000,0.00130,0.00088,1.00235,0.00050,1.00277,0.00137,0.02214,1.01384,0.25623,1.00000,1.00000,0.14000,0.74307,0.02800,0.44776,0.00000,1.42391,0.00000,1.02000,1.00000,0.08261,0.85047,0.30000,0.00000,17.00000,0.00000,1.06138,0.18000,1.00000,1.00000
84.63333,2.00000,0.00000,0.00000,-20.00000,0.00000,0.00000,0.00000,-0.00567,48.00000,-0.00089,0.00012,1.00171,0.00036,1.00201,0.00132,0.01612,1.01007,0.25453,1.00000,1.00000,0.14000,0.74224,0.02800,0.44837,0.00000,1.42863,0.00000,1.02000,1.00000,0.06766,0.85034,0.30000,0.00000,17.00000,0.00000,1.06101,0.18000,1.00000,1.00000
84.66667,2.00000,0.00000,0.00000,-20.00000,0.00000,0.00000,0.00000,-0.00562,48.00000,-0.00005,-0.00101,1.00125,0.00026,1.00147,0.00129,0.01173,1.00733,0.25330,1.00000,1.00000,0.14000,0.74163,0.02800,0.44881,0.00000,1.43335,0.00000,1.02000,1.00000,0.05271,0.85025,0.30000,0.00000,17.00000,0.00000,1.06073,0.18000,1.00000,1.00000
84.70000,2.00000,0.00000,0.00000,-20.00000,0.00000,0.00000,0.00000,-0.00521,48.00000,0.00058,0.00129,1.00091,0.00019,1.00107,0.00126,0.00854,1.00534,0.25240,1.00000,1.00000,0.14000,0.74119,0.02800,0.44914,0.00000,1.43807,0.00000,1.02000,1.00000,0.03776,0.85018,0.30000,0.00000,17.00000,0.00000,1.06053,0.18000,1.00000,1.00000
84.73333,2.00000,0.00000,0.00000,-20.00000,0.00000,0.00000,0.00000,-0.00450,48.00000,-0.00018,-0.00080,1.00000,0.00000,1.00000,0.00121,0.00000,1.00000,0.25000,1.00000,1.00000,0.14057,0.74000,0.02800,0.45000,0.00000,1.44280,0.00000,1.02000,1.00000,0.02281,0.85000,0.30000,0.00000,17.00000,0.00000,1.06000,0.18000,1.00000,1.00000
84.76667,2.00000,0.00000,0.00000,-20.00000,0.00000,0.00000,0.00000,-0.00399,48.00000,-0.00068,-0.00004,1.00000,0.00000,1.00000,0.00135,0.00000,1.00000,0.25000,1.00000,1.00000,0.15092,0.74000,0.02800,0.45000,0.00000,1.44752,0.00000,1.02000,1.00000,0.00786,0.85000,0.30000,0.00000,17.00000,0.00000,1.06000,0.18000,1.00000,1.00000
84.80000,2.00000,0.00000,0.00000,-20.00000,0.00000,0.00000,0.00000,0.00407,48.00000,0.00592,0.00435,1.04509,0.63137,1.07334,0.00438,0.42441,1.26526,0.36937,1.00000,1.00000,0.14000,0.88525,0.05500,0.40703,0.00000,1.45632,0.00000,1.02000,-1.00000,0.00000,1.00000,0.00000,0.01010,17.00000,0.00000,1.08653,0.18000,1.00000,1.00000
84.83333,2.00000,0.00000,0.00000,-20.00000,0.00000,0.00000,0.00000,-0.00522,48.00000,-0.00321,-0.00492,1.03283,0.42700,1.05701,0.00354,0.30897,1.19311,0.33690,1.00000,1.00000,0.14153,0.86750,0.05500,0.41872,0.00000,1.46964,0.00000,1.02000,-1.00000,0.00000,1.00000,0.00000,0.03309,17.00000,0.00000,1.07931,0.18000,1.00000,1.00000
84.86667,2.00000,0.00000,0.00000,-20.00000,0.00000,0.00000,0.00000,-0.00719,48.00000,-0.00049,0.00282,1.02390,0.28881,1.04472,0.00304,0.22493,1.14058,0.31326,1.00000,1.00000,0.15232,0.85458,0.05500,0.42723,0.00000,1.48296,0.00000,1.02000,-1.00000,0.00000,1.00000,0.00000,0.05608,17.00000,0.00000,1.07406,0.18000,1.00000,1.00000
84.90000,2.00000,0.00000,0.00000,-20.00000,0.00000,0.00000,0.00000,-0.00270,48.00000,0.00200,-0.00010,1.01740,0.19536,1.03537,0.00243,0.16375,1.10234,0.29605,1.00000,1.00000,0.14000,0.84518,0.05500,0.43342,0.00000,1.49628,0.00000,1.02000,-1.00000,0.00000,1.00000,0.00000,0.07907,17.00000,0.00000,1.07023,0.18000,1.00000,1.00000
84.93333,2.00000,0.00000,0.00000,-20.00000,0.00000,0.00000,0.00000,0.00103,48.00000,-0.00107,-0.00170,1.01267,0.13216,1.02814,0.00214,0.11921,1.07450,0.28353,1.00000,1.00000,0.14406,0.83833,0.05500,0.43793,0.00000,1.50961,0.00000,1.02000,-1.00000,0.00000,1.00000,0.00000,0.10206,17.00000,0.00000,1.06745,0.18000,1.00000,1.00000
84.96667,2.00000,0.00000,0.00000,-20.00000,0.00000,0.00000,0.00000,0.00098,48.00000,-0.00046,0.00188,1.00922,0.08941,1.02246,0.00185,0.08678,1.05424,0.27441,1.00000,1.00000,0.14000,0.83334,0.05500,0.44121,0.00000,1.52293,0.00000,1.02000,-1.00000,0.00000,1.00000,0.00000,0.12504,17.00000,0.00000,1.06542,0.18000,1.00000,1.00000
85.00000,2.00000,0.00000,0.00000,-20.00000,0.00000,0.00000,0.00000,-0.00049,48.00000,0.00104,-0.00122,1.00671,0.06050,1.01791,0.00175,0.06318,1.03949,0.26777,1.00000,1.00000,0.14608,0.82971,0.05500,0.44360,0.00000,1.53625,0.00000,1.02000,-1.00000,0.00000,1.00000,0.00000,0.14803,17.00000,0.00000,1.06395,0.18000,1.00000,1.00000
85.03333,2.00000,0.00000,0.00000,-20.00000,0.00000,0.00000,0.00000,-0.00064,48.00000,-0.00048,0.00013,1.00489,0.04094,1.01418,0.00155,0.04599,1.02875,0.26294,1.00000,1.00000,0.14029,0.82707,0.05500,0.44534,0.00000,1.54958,0.00000,1.02000,-1.00000,0.00000,1.00000,0.00000,0.17102,17.00000,0.00000,1.06287,0.18000,1.00000,1.00000
85.06667,2.00000,0.00000,0.00000,-20.00000,0.00000,0.00000,0.00000,0.00060,48.00000,-0.00064,0.00086,1.00356,0.02771,1.01104,0.00148,0.03348,1.02093,0.25942,1.00000,1.00000,0.14237,0.82515,0.05500,0.44661,0.00000,1.56290,0.00000,1.02000,-1.00000,0.00000,1.00000,0.00000,0.19401,17.00000,0.00000,1.06209,0.18000,1.00000,1.00000
85.10000,2.00000,0.00000,0.00000,-20.00000,0.00000,0.00000,0.00000,0.00181,48.00000,0.00128,-0.00129,1.00259,0.01875,1.00834,0.00144,0.02438,1.01523,0.25686,1.00000,1.00000,0.14473,0.82375,0.05500,0.44753,0.00000,1.57622,0.00000,1.02000,-1.00000,0.00000,1.00000,0.00000,0.21700,17.00000,0.00000,1.06152,0.18000,1.00000,1.00000
85.13333,2.00000,0.00000,0.00000,-20.00000,0.00000,0.00000,0.00000,0.00226,48.00000,-0.00095,0.00099,1.00189,0.01270,1.00595,0.00133,0.01774,1.01109,0.25499,1.00000,1.00000,0.14000,0.82273,0.05500,0.44820,0.00000,1.58955,0.00000,1.02000,-1.00000,0.00000,1.00000,0.00000,0.23999,17.00000,0.00000,1.06111,0.18000,1.00000,1.00000
85.16667,2.00000,0.00000,0.00000,-20.00000,0.00000,0.00000,0.00000,0.00236,48.00000,0.00005,-0.00017,1.00137,0.00860,1.00378,0.00130,0.01292,1.00807,0.25363,1.00000,1.00000,0.14000,0.82199,0.05500,0.44869,0.00000,1.60287,0.00000,1.02000,-1.00000,0.00000,1.00000,0.00000,0.26298,17.00000,0.00000,1.06081,0.18000,1.00000,1.00000
85.20000,2.00000,0.00000,0.00000,-20.00000,0.00000,0.00000,0.00000,0.00268,48.00000,0.00051,-0.00066,1.00100,0.00582,1.00179,0.00128,0.00940,1.00588,0.25264,1.00000,1.00000,0.14114,0.82145,0.05500,0.44905,0.00000,1.61619,0.00000,1.02000,-1.00000,0.00000,1.00000,0.00000,0.28596,17.00000,0.00000,1.06059,0.18000,1.00000,1.00000
85.23333,2.00000,0.00000,0.00000,-20.00000,0.00000,0.00000,0.00000,0.00329,48.00000,-0.00024,0.00108,1.00073,0.00394,0.99991,0.00125,0.00685,1.00428,0.25193,1.00000,1.00000,0.14000,0.82105,0.05500,0.44931,0.00000,1.62952,0.00000,1.02000,-1.00000,0.00000,1.00000,0.00000,0.30895,17.00000,0.00000,1.06043,0.18000,1.00000,1.00000
85.26667,2.00000,0.00000,0.00000,-20.00000,0.00000,0.00000,0.00000,0.00383,48.00000,-0.00052,-0.00087,1.00000,0.00257,0.99750,0.00120,0.00000,1.00000,0.25000,1.00000,1.00000,0.14023,0.82000,0.05500,0.45000,0.00000,1.64284,0.00000,1.02000,-1.00000,0.00000,1.00000,0.00000,0.33194,17.00000,0.00000,1.06000,0.18000,1.00000,1.00000
85.30000,2.00000,0.00000,0.00000,-20.00000,0.00000,0.00000,0.00000,0.00429,48.00000,0.00100,0.00022,1.00000,0.00000,0.99595,0.00120,0.00000,1.00000,0.25000,1.00000,1.00000,0.14000,0.82000,0.05500,0.45000,0.00000,1.65616,0.00000,1.02000,-1.00000,0.00000,1.00000,0.00000,0.35493,17.00000,0.00000,1.06000,0.18000,1.00000,1.00000
85.33333,2.00000,0.00000,0.00000,-20.00000,0.00000,0.00000,0.00000,0.00439,48.00000,-0.00374,0.00298,1.04973,0.00948,1.05257,0.00475,0.46800,1.29250,0.38163,1.00000,1.00000,0.14346,0.89196,0.05500,0.40261,0.00000,1.66948,0.00000,1.02000,-1.00000,0.00000,1.00000,0.00000,0.37792,17.00000,0.00000,1.08925,0.18000,1.00000,1.00000
85.36667,2.00000,0.00000,0.00000,-20.00000,0.00000,0.00000,0.00000,-0.00216,48.00000,-0.00057,-0.00422,1.03620,0.00690,1.03512,0.00376,0.34070,1.21294,0.34582,1.00000,1.00000,0.14000,0.87238,0.05500,0.41550,0.00000,1.68281,0.00000,1.02000,-1.00000,0.00000,1.00000,0.00000,0.40091,17.00000,0.00000,1.08129,0.18000,1.00000,1.00000
85.40000,2.00000,0.00000,0.00000,-20.00000,0.00000,0.00000,0.00000,0.00222,48.00000,0.00247,0.00298,1.02635,0.00502,1.02202,0.00307,0.24803,1.15502,0.31976,1.00000,1.00000,0.14057,0.85813,0.05500,0.42489,0.00000,1.69613,0.00000,1.02000,-1.00000,0.00000,1.00000,0.00000,0.42390,17.00000,0.00000,1.07550,0.18000,1.00000,1.00000
85.43333,2.00000,0.00000,0.00000,-20.00000,0.00000,0.00000,0.00000,0.00822,48.00000,-0.00153,-0.00072,1.01919,0.00366,1.01207,0.00258,0.18057,1.11285,0.30078,1.00000,1.00000,0.14242,0.84776,0.05500,0.43172,0.00000,1.70945,0.00000,1.02000,-1.00000,0.00000,1.00000,0.00000,0.44688,17.00000,0.00000,1.07129,0.18000,1.00000,1.00000
85.46667,2.00000,0.00000,0.00000,-20.00000,0.00000,0.00000,0.00000,0.00919,48.00000,-0.00027,-0.00108,1.01397,0.00266,1.00441,0.00223,0.13145,1.08216,0.28697,1.00000,1.00000,0.14398,0.84021,0.05500,0.43669,0.00000,1.72278,0.00000,1.02000,-1.00000,0.00000,1.00000,0.00000,0.46987,17.00000,0.00000,1.06822,0.18000,1.00000,1.00000
85.50000,2.00000,0.00000,0.00000,-20.00000,0.00000,0.00000,0.00000,0.00686,48.00000,0.00110,0.00179,1.01017,0.00194,0.99842,0.00194,0.09570,1.05981,0.27691,1.00000,1.00000,0.14166,0.83471,0.05500,0.44031,0.00000,1.73610,0.00000,1.02000,-1.00000,0.00000,1.00000,0.00000,0.49286,17.00000,0.00000,1.06598,0.18000,1.00000,1.00000
85.53333,2.00000,0.00000,0.00000,-20.00000,0.00000,0.00000,0.00000,0.00558,48.00000,-0.00053,-0.00146,1.00740,0.00141,0.99365,0.00175,0.06967,1.04354,0.26959,1.00000,1.00000,0.14242,0.83071,0.05500,0.44295,0.00000,1.74942,0.00000,1.02000,-1.00000,0.00000,1.00000,0.00000,0.51585,17.00000,0.00000,1.06435,0.18000,1.00000,1.00000
85.56667,2.00000,0.00000,0.00000,-20.00000,0.00000,0.00000,0.00000,0.00654,48.00000,-0.00070,0.00048,1.00539,0.00103,0.98975,0.00158,0.05072,1.03170,0.26426,1.00000,1.00000,0.14000,0.82780,0.05500,0.44486,0.00000,1.76275,0.00000,1.02000,-1.00000,0.00000,1.00000,0.00000,0.53884,17.00000,0.00000,1.06317,0.18000,1.00000,1.00000
85.60000,2.00000,0.00000,0.00000,-20.00000,0.00000,0.00000,0.00000,0.00799,48.00000,0.00143,0.00059,1.00392,0.00075,0.98649,0.00148,0.03692,1.02308,0.26038,1.00000,1.00000,0.14000,0.82568,0.05500,0.44626,0.00000,1.77607,0.00000,1.02000,-1.00000,0.00000,1.00000,0.00000,0.56183,17.00000,0.00000,1.06231,0.18000,1.00000,1.00000
85.63333,2.00000,0.00000,0.00000,-20.00000,0.00000,0.00000,0.00000,0.00847,48.00000,-0.00109,-0.00120,1.00286,0.00054,0.98370,0.00141,0.02688,1.01680,0.25756,1.00000,1.00000,0.14039,0.82413,0.05500,0.44728,0.00000,1.78939,0.00000,1.02000,-1.00000,0.00000,1.00000,0.00000,0.58482,17.00000,0.00000,1.06168,0.18000,1.00000,1.00000
85.66667,2.00000,0.00000,0.00000,-20.00000,0.00000,0.00000,0.00000,0.00819,48.00000,0.00012,0.00108,1.00208,0.00040,0.98124,0.00137,0.01957,1.01223,0.25550,1.00000,1.00000,0.14218,0.82301,0.05500,0.44802,0.00000,1.80272,0.00000,1.02000,-1.00000,0.00000,1.00000,0.00000,0.60780,17.00000,0.00000,1.06122,0.18000,1.00000,1.00000
85.70000,2.00000,0.00000,0.00000,-20.00000,0.00000,0.00000,0.00000,0.00803,48.00000,0.00054,-0.00043,1.00151,0.00029,0.97904,0.00131,0.01425,1.00890,0.25401,1.00000,1.00000,0.14000,0.82219,0.05500,0.44856,0.00000,1.81604,0.00000,1.02000,-1.00000,0.00000,1.00000,0.00000,0.63079,17.00000,0.00000,1.06089,0.18000,1.00000,1.00000
85.73333,2.00000,0.00000,0.00000,-20.00000,0.00000,0.00000,0.00000,0.00831,48.00000,-0.00034,-0.00042,1.00110,0.00021,0.97701,0.00128,0.01037,1.00648,0.25292,1.00000,1.00000,0.14000,0.82159,0.05500,0.44895,0.00000,1.82936,0.00000,1.02000,-1.00000,0.00000,1.00000,0.00000,0.65378,17.00000,0.00000,1.06065,0.18000,1.00000,1.00000
85.76667,2.00000,0.00000,0.00000,-20.00000,0.00000,0.00000,0.00000,0.00865,48.00000,-0.00041,0.00093,1.00000,0.00000,0.97419,0.00120,0.00000,1.00000,0.25000,1.00000,1.00000,0.14000,0.82000,0.05500,0.45000,0.00000,1.84269,0.00000,1.02000,-1.00000,0.00000,1.00000,0.00000,0.67677,17.00000,0.00000,1.06000,0.18000,1.00000,1.00000
85.80000,2.00000,0.00000,0.00000,-20.00000,0.00000,0.00000,0.00000,0.00878,48.00000,0.00092,-0.00093,1.00000,0.00000,0.97263,0.00124,0.00000,1.00000,0.25000,1.00000,1.00000,0.14320,0.82000,0.05500,0.45000,0.00000,1.85601,0.00000,1.02000,-1.00000,0.00000,1.00000,0.00000,0.69976,17.00000,0.00000,1.06000,0.18000,1.00000,1.00000
85.83333,2.00000,0.00000,0.00000,-20.00000,0.00000,0.00000,0.00000,0.00887,48.00000,-0.00068,0.00042,1.00000,0.00000,0.97108,0.00120,0.00000,1.00000,0.25000,1.00000,1.00000,0.14000,0.82000,0.05500,0.45000,0.00000,1.86933,0.00000,1.02000,-1.00000,0.00000,1.00000,0.00000,0.72275,17.00000,0.00000,1.06000,0.18000,1.00000,1.00000
85.86667,2.00000,0.00000,0.00000,-20.00000,0.00000,0.00000,0.00000,0.00092,48.00000,-0.00075,0.00170,1.04777,0.00910,1.02401,0.00460,0.44959,1.28100,0.37645,1.00000,1.00000,0.14239,0.88912,0.05500,0.40448,0.00000,1.88265,0.00000,1.02000,-1.00000,0.00000,1.00000,0.00000,0.74573,17.00000,0.00000,1.08810,0.18000,1.00000,1.00000
85.90000,2.00000,0.00000,0.00000,-20.00000,0.00000,0.00000,0.00000,0.00282,48.00000,0.00316,-0.00351,1.03478,0.00663,1.00757,0.00367,0.32730,1.20456,0.34205,1.00000,1.00000,0.14088,0.87032,0.05500,0.41686,0.00000,1.89598,0.00000,1.02000,-1.00000,0.00000,1.00000,0.00000,0.76872,17.00000,0.00000,1.08046,0.18000,1.00000,1.00000
85.93333,2.00000,0.00000,0.00000,-20.00000,0.00000,0.00000,0.00000,0.01028,48.00000,-0.00219,0.00297,1.02532,0.00483,0.99520,0.00303,0.23827,1.14892,0.31701,1.00000,1.00000,0.14385,0.85663,0.05500,0.42587,0.00000,1.90930,0.00000,1.02000,-1.00000,0.00000,1.00000,0.00000,0.79171,17.00000,0.00000,1.07489,0.18000,1.00000,1.00000
85.96667,2.00000,0.00000,0.00000,-20.00000,0.00000,0.00000,0.00000,0.01287,48.00000,0.00001,-0.00122,1.01843,0.00351,0.98578,0.00251,0.17346,1.10841,0.29879,1.00000,1.00000,0.14042,0.84667,0.05500,0.43244,0.00000,1.92262,0.00000,1.02000,-1.00000,0.00000,1.00000,0.00000,0.81470,17.00000,0.00000,1.07084,0.18000,1.00000,1.00000
86.00000,2.00000,0.00000,0.00000,-20.00000,0.00000,0.00000,0.00000,0.01013,48.00000,0.00114,-0.00057,1.01342,0.00256,0.97851,0.00216,0.12628,1.07892,0.28552,1.00000,1.00000,0.14083,0.83942,0.05500,0.43721,0.00000,1.93595,0.00000,1.02000,-1.00000,0.00000,1.00000,0.00000,0.83769,17.00000,0.00000,1.06789,0.18000,1.00000,1.00000
86.03333,2.00000,0.00000,0.00000,-20.00000,0.00000,0.00000,0.00000,0.00738,48.00000,-0.00062,0.00157,1.00977,0.00186,0.97280,0.00196,0.09193,1.05746,0.27586,1.00000,1.00000,0.14543,0.83413,0.05500,0.44069,0.00000,1.94927,0.00000,1.02000,-1.00000,0.00000,1.00000,0.00000,0.86068,17.00000,0.00000,1.06575,0.18000,1.00000,1.00000
86.06667,2.00000,0.00000,0.00000,-20.00000,0.00000,0.00000,0.00000,0.00742,48.00000,-0.00072,-0.00153,1.00711,0.00136,0.96823,0.00170,0.06693,1.04183,0.26882,1.00000,1.00000,0.14000,0.83029,0.05500,0.44322,0.00000,1.96259,0.00000,1.02000,-1.00000,0.00000,1.00000,0.00000,0.88367,17.00000,0.00000,1.06418,0.18000,1.00000,1.00000
86.10000,2.00000,0.00000,0.00000,-20.00000,0.00000,0.00000,0.00000,0.00877,48.00000,0.00152,0.00073,1.00518,0.00099,0.96448,0.00161,0.04872,1.03045,0.26370,1.00000,1.00000,0.14400,0.82749,0.05500,0.44507,0.00000,1.97592,0.00000,1.02000,-1.00000,0.00000,1.00000,0.00000,0.90665,17.00000,0.00000,1.06305,0.18000,1.00000,1.00000
86.13333,2.00000,0.00000,0.00000,-20.00000,0.00000,0.00000,0.00000,0.00926,48.00000,-0.00118,0.00027,1.00377,0.00072,0.96133,0.00152,0.03547,1.02217,0.25998,1.00000,1.00000,0.14442,0.82545,0.05500,0.44641,0.00000,1.98924,0.00000,1.02000,-1.00000,0.00000,1.00000,0.00000,0.92964,17.00000,0.00000,1.06222,0.18000,1.00000,1.00000
86.16667,2.00000,0.00000,0.00000,-20.00000,0.00000,0.00000,0.00000,0.00860,48.00000,0.00019,-0.00097,1.00274,0.00052,0.95862,0.00143,0.02582,1.01614,0.25726,1.00000,1.00000,0.14270,0.82397,0.05500,0.44739,0.00000,2.00256,0.00000,1.02000,-1.00000,0.00000,1.00000,0.00000,0.95263,17.00000,0.00000,1.06161,0.18000,1.00000,1.00000
86.20000,2.00000,0.00000,0.00000,-20.00000,0.00000,0.00000,0.00000,0.00781,48.00000,0.00044,0.00085,1.00200,0.00038,0.95622,0.00134,0.01880,1.01175,0.25529,1.00000,1.00000,0.14000,0.82289,0.05500,0.44810,0.00000,2.01589,0.00000,1.02000,-1.00000,0.00000,1.00000,0.00000,0.97562,17.00000,0.00000,1.06117,0.18000,1.00000,1.00000
86.23333,2.00000,0.00000,0.00000,-20.00000,0.00000,0.00000,0.00000,0.00755,48.00000,-0.00021,-0.00029,1.00145,0.00028,0.95405,0.00130,0.01368,1.00855,0.25385,1.00000,1.00000,0.14000,0.82210,0.05500,0.44861,0.00000,2.02921,0.00000,1.02000,-1.00000,0.00000,1.00000,0.00000,0.99861,17.00000,0.00000,1.06086,0.18000,1.00000,1.00000
